{
  "SGS-2pass (NLI)": {
    "test": 0.7138099372921606,
    "val": 0.8060226392526675,
    "zs": 0.6885414060585079
  },
  "Mean-pool (NLI)": {
    "test": 0.6051554761272612,
    "val": 0.7471117155041964,
    "zs": 0.6045105906844289
  },
  "Fair Softmax (NLI)": {
    "test": 0.7261330588067687,
    "val": 0.8068485586125974,
    "zs": 0.6088763137715523
  },
  "SGS-2pass d_s=32": {
    "test": 0.6478387175683623,
    "val": 0.7480067805819823,
    "zs": 0.6732325857129234
  },
  "SGS-2pass d_s=64": {
    "test": 0.6580282238839743,
    "val": 0.7615499064140229,
    "zs": 0.6885414060585079
  },
  "SGS-2pass d_s=128": {
    "test": 0.667861520149585,
    "val": 0.7668125624265613,
    "zs": 0.7014971169856754
  },
  "SGS-2pass d_s=300": {
    "test": 0.6701505771371169,
    "val": 0.7680498094792957,
    "zs": 0.7186674745173127
  }
}