{
  "Mean-pool (no train)": [
    {
      "seed": 42,
      "test": 0.4572508523435156,
      "val": 0.6045105906844289,
      "zs": 0.6045105906844289,
      "params": 0
    }
  ],
  "Mean-pool (trained)": [
    {
      "seed": 42,
      "test": 0.5400814494443996,
      "val": 0.6996858141673781,
      "zs": 0.6045105906844289,
      "params": 21450000
    }
  ],
  "SGS-2pass": [
    {
      "seed": 42,
      "test": 0.671339222143419,
      "val": 0.7582153900967978,
      "zs": 0.7006379355641538,
      "params": 22064446
    }
  ],
  "SGS-2pass + IDF": [
    {
      "seed": 42,
      "test": 0.6304725973222598,
      "val": 0.7164802470078497,
      "zs": 0.6333173997874761,
      "params": 22064446
    }
  ],
  "SGS-2pass + IDF + PC1": [
    {
      "seed": 42,
      "test": 0.6113391335861649,
      "val": 0.6962782446279218,
      "zs": 0.6474323088965329,
      "params": 22064446
    }
  ],
  "SGS-2pass 4head + IDF + PC1": [
    {
      "seed": 42,
      "test": 0.5768442410916258,
      "val": 0.6542119979805964,
      "zs": 0.5257055160262196,
      "params": 22441386
    }
  ],
  "SGS-2pass 8head + IDF + PC1": [
    {
      "seed": 42,
      "test": 0.5656576626284686,
      "val": 0.6429334795944589,
      "zs": 0.5706844752646061,
      "params": 22818026
    }
  ],
  "Fair Softmax (2-layer)": [
    {
      "seed": 42,
      "test": 0.6535457602683602,
      "val": 0.7596088252993313,
      "zs": 0.6389599121059703,
      "params": 22613817
    }
  ],
  "Softmax (bare)": [
    {
      "seed": 42,
      "test": 0.5688840784488092,
      "val": 0.7178473622119683,
      "zs": 0.6387177056060102,
      "params": 21450000
    }
  ]
}