{
  "split": "length",
  "seeds": [
    42,
    123,
    456,
    789,
    1337
  ],
  "seq_acc": {
    "SGS Seq2Seq": [
      0.43673469387755104,
      0.20280612244897958,
      0.26301020408163267,
      0.30714285714285716,
      0.15229591836734693
    ],
    "MeanPool+GRU": [
      0.05739795918367347,
      0.06709183673469388,
      0.058673469387755105,
      0.053316326530612246,
      0.052551020408163264
    ],
    "TransfEnc+GRU": [
      0.3497448979591837,
      0.3650510204081633,
      0.19081632653061226,
      0.25892857142857145,
      0.16760204081632654
    ],
    "Transformer": [
      0,
      0,
      0,
      0,
      0
    ],
    "Transformer+RPE": [
      0.00510204081632653,
      0.025,
      0,
      0.04413265306122449,
      0.0007653061224489796
    ]
  },
  "tok_acc": {
    "SGS Seq2Seq": [
      0.8501996420212034,
      0.7788108573890564,
      0.7885861510357426,
      0.7876460854276554,
      0.7615660510751298
    ],
    "MeanPool+GRU": [
      0.44820589580474823,
      0.4444626079774237,
      0.4545679664542543,
      0.4369396806876968,
      0.43358195473197925
    ],
    "TransfEnc+GRU": [
      0.8126799177518849,
      0.8106374172185431,
      0.8010224280083309,
      0.8301686672185431,
      0.8082159887556157
    ],
    "Transformer": [
      0.6401993582303543,
      0.6139694872728745,
      0.625446553582187,
      0.6258764760063397,
      0.6386848096026491
    ],
    "Transformer+RPE": [
      0.610305541170378,
      0.6657256369792947,
      0.630174921142108,
      0.6213074665797196,
      0.5675143266475645
    ]
  }
}