{
  "split": "length",
  "seeds": [
    42,
    123,
    456,
    789,
    1337
  ],
  "results": {
    "SGS Seq2Seq": [
      0.43673469387755104,
      0.20280612244897958,
      0.26301020408163267,
      0.30714285714285716,
      0.15229591836734693
    ],
    "Transformer": [
      0,
      0,
      0,
      0,
      0
    ],
    "Transformer+RPE": [
      0.00510204081632653,
      0.025,
      0,
      0.04413265306122449,
      0.0007653061224489796
    ]
  }
}