============================================================
RADIANCE HERTZ ΓÇö 1B SGS Language Model
============================================================
Device: cuda
  GPU: NVIDIA GeForce RTX 4090
  VRAM: 25.8 GB
  BLAS: default (cuBLASLt preference unsupported on Windows)

============================================================
PHASE 1: Data preparation
============================================================
  Preparing FineWeb-Edu + Wikipedia mix (200M total, wiki_fraction=0.3)...

Mix budget: 0.2B total -> FineWeb 0.14B + Wikipedia 0.06B (wiki_fraction=0.3)
Fetching FineWeb-Edu file list from sample/10BT...
  Found 14 parquet shards
  Downloading shard 1: 000_00000.parquet...

  000_00000.parquet 1/2053 MB (0%)
  000_00000.parquet 2/2053 MB (0%)
  000_00000.parquet 3/2053 MB (0%)
  000_00000.parquet 4/2053 MB (0%)
  000_00000.parquet 5/2053 MB (0%)
  000_00000.parquet 6/2053 MB (0%)
  000_00000.parquet 7/2053 MB (0%)
  000_00000.parquet 8/2053 MB (0%)
  000_00000.parquet 9/2053 MB (0%)
  000_00000.parquet 10/2053 MB (0%)
  000_00000.parquet 11/2053 MB (0%)
  000_00000.parquet 12/2053 MB (0%)
  000_00000.parquet 13/2053 MB (0%)
  000_00000.parquet 14/2053 MB (0%)
  000_00000.parquet 15/2053 MB (0%)
  000_00000.parquet 16/2053 MB (0%)
  000_00000.parquet 17/2053 MB (0%)
  000_00000.parquet 18/2053 MB (0%)
  000_00000.parquet 19/2053 MB (0%)
  000_00000.parquet 20/2053 MB (0%)
  000_00000.parquet 21/2053 MB (1%)
  000_00000.parquet 22/2053 MB (1%)
  000_00000.parquet 23/2053 MB (1%)
  000_00000.parquet 24/2053 MB (1%)
  000_00000.parquet 25/2053 MB (1%)
  000_00000.parquet 26/2053 MB (1%)
  000_00000.parquet 27/2053 MB (1%)
  000_00000.parquet 28/2053 MB (1%)
  000_00000.parquet 29/2053 MB (1%)
  000_00000.parquet 30/2053 MB (1%)
  000_00000.parquet 31/2053 MB (1%)
  000_00000.parquet 32/2053 MB (1%)
  000_00000.parquet 33/2053 MB (1%)
  000_00000.parquet 34/2053 MB (1%)
  000_00000.parquet 35/2053 MB (1%)
  000_00000.parquet 36/2053 MB (1%)
  000_00000.parquet 37/2053 MB (1%)
  000_00000.parquet 38/2053 MB (1%)
  000_00000.parquet 39/2053 MB (1%)
  000_00000.parquet 40/2053 MB (1%)
  000_00000.parquet 41/2053 MB (1%)
  000_00000.parquet 42/2053 MB (2%)
  000_00000.parquet 43/2053 MB (2%)
  000_00000.parquet 44/2053 MB (2%)
  000_00000.parquet 45/2053 MB (2%)
  000_00000.parquet 46/2053 MB (2%)
  000_00000.parquet 47/2053 MB (2%)
  000_00000.parquet 48/2053 MB (2%)
  000_00000.parquet 49/2053 MB (2%)
  000_00000.parquet 50/2053 MB (2%)
  000_00000.parquet 51/2053 MB (2%)
  000_00000.parquet 52/2053 MB (2%)
  000_00000.parquet 53/2053 MB (2%)
  000_00000.parquet 54/2053 MB (2%)
  000_00000.parquet 55/2053 MB (2%)
  000_00000.parquet 56/2053 MB (2%)
  000_00000.parquet 57/2053 MB (2%)
  000_00000.parquet 58/2053 MB (2%)
  000_00000.parquet 59/2053 MB (2%)
  000_00000.parquet 60/2053 MB (2%)
  000_00000.parquet 61/2053 MB (2%)
  000_00000.parquet 62/2053 MB (3%)
  000_00000.parquet 63/2053 MB (3%)
  000_00000.parquet 64/2053 MB (3%)
  000_00000.parquet 65/2053 MB (3%)
  000_00000.parquet 66/2053 MB (3%)
  000_00000.parquet 67/2053 MB (3%)
  000_00000.parquet 68/2053 MB (3%)
  000_00000.parquet 69/2053 MB (3%)
  000_00000.parquet 70/2053 MB (3%)
  000_00000.parquet 71/2053 MB (3%)
  000_00000.parquet 72/2053 MB (3%)
  000_00000.parquet 73/2053 MB (3%)
  000_00000.parquet 74/2053 MB (3%)
  000_00000.parquet 75/2053 MB (3%)
  000_00000.parquet 76/2053 MB (3%)
  000_00000.parquet 77/2053 MB (3%)
  000_00000.parquet 78/2053 MB (3%)
  000_00000.parquet 79/2053 MB (3%)
  000_00000.parquet 80/2053 MB (3%)
  000_00000.parquet 81/2053 MB (3%)
  000_00000.parquet 82/2053 MB (3%)
  000_00000.parquet 83/2053 MB (4%)
  000_00000.parquet 84/2053 MB (4%)
  000_00000.parquet 85/2053 MB (4%)
  000_00000.parquet 86/2053 MB (4%)
  000_00000.parquet 87/2053 MB (4%)
  000_00000.parquet 88/2053 MB (4%)
  000_00000.parquet 89/2053 MB (4%)
  000_00000.parquet 90/2053 MB (4%)
  000_00000.parquet 91/2053 MB (4%)
  000_00000.parquet 92/2053 MB (4%)
  000_00000.parquet 93/2053 MB (4%)
  000_00000.parquet 94/2053 MB (4%)
  000_00000.parquet 95/2053 MB (4%)
  000_00000.parquet 96/2053 MB (4%)
  000_00000.parquet 97/2053 MB (4%)
  000_00000.parquet 98/2053 MB (4%)
  000_00000.parquet 99/2053 MB (4%)
  000_00000.parquet 100/2053 MB (4%)
  000_00000.parquet 101/2053 MB (4%)
  000_00000.parquet 102/2053 MB (4%)
  000_00000.parquet 103/2053 MB (5%)
  000_00000.parquet 104/2053 MB (5%)
  000_00000.parquet 105/2053 MB (5%)
  000_00000.parquet 106/2053 MB (5%)
  000_00000.parquet 107/2053 MB (5%)
  000_00000.parquet 108/2053 MB (5%)
  000_00000.parquet 109/2053 MB (5%)
  000_00000.parquet 110/2053 MB (5%)
  000_00000.parquet 111/2053 MB (5%)
  000_00000.parquet 112/2053 MB (5%)
  000_00000.parquet 113/2053 MB (5%)
  000_00000.parquet 114/2053 MB (5%)
  000_00000.parquet 115/2053 MB (5%)
  000_00000.parquet 116/2053 MB (5%)
  000_00000.parquet 117/2053 MB (5%)
  000_00000.parquet 118/2053 MB (5%)
  000_00000.parquet 119/2053 MB (5%)
  000_00000.parquet 120/2053 MB (5%)
  000_00000.parquet 121/2053 MB (5%)
  000_00000.parquet 122/2053 MB (5%)
  000_00000.parquet 123/2053 MB (5%)
  000_00000.parquet 124/2053 MB (6%)
  000_00000.parquet 125/2053 MB (6%)
  000_00000.parquet 126/2053 MB (6%)
  000_00000.parquet 127/2053 MB (6%)
  000_00000.parquet 128/2053 MB (6%)
  000_00000.parquet 129/2053 MB (6%)
  000_00000.parquet 130/2053 MB (6%)
  000_00000.parquet 131/2053 MB (6%)
  000_00000.parquet 132/2053 MB (6%)
  000_00000.parquet 133/2053 MB (6%)
  000_00000.parquet 134/2053 MB (6%)
  000_00000.parquet 135/2053 MB (6%)
  000_00000.parquet 136/2053 MB (6%)
  000_00000.parquet 137/2053 MB (6%)
  000_00000.parquet 138/2053 MB (6%)
  000_00000.parquet 139/2053 MB (6%)
  000_00000.parquet 140/2053 MB (6%)
  000_00000.parquet 141/2053 MB (6%)
  000_00000.parquet 142/2053 MB (6%)
  000_00000.parquet 143/2053 MB (6%)
  000_00000.parquet 144/2053 MB (7%)
  000_00000.parquet 145/2053 MB (7%)
  000_00000.parquet 146/2053 MB (7%)
  000_00000.parquet 147/2053 MB (7%)
  000_00000.parquet 148/2053 MB (7%)
  000_00000.parquet 149/2053 MB (7%)
  000_00000.parquet 150/2053 MB (7%)
  000_00000.parquet 151/2053 MB (7%)
  000_00000.parquet 152/2053 MB (7%)
  000_00000.parquet 153/2053 MB (7%)
  000_00000.parquet 154/2053 MB (7%)
  000_00000.parquet 155/2053 MB (7%)
  000_00000.parquet 156/2053 MB (7%)
  000_00000.parquet 157/2053 MB (7%)
  000_00000.parquet 158/2053 MB (7%)
  000_00000.parquet 159/2053 MB (7%)
  000_00000.parquet 160/2053 MB (7%)
  000_00000.parquet 161/2053 MB (7%)
  000_00000.parquet 162/2053 MB (7%)
  000_00000.parquet 163/2053 MB (7%)
  000_00000.parquet 164/2053 MB (7%)
  000_00000.parquet 165/2053 MB (8%)
  000_00000.parquet 166/2053 MB (8%)
  000_00000.parquet 167/2053 MB (8%)
  000_00000.parquet 168/2053 MB (8%)
  000_00000.parquet 169/2053 MB (8%)
  000_00000.parquet 170/2053 MB (8%)
  000_00000.parquet 171/2053 MB (8%)
  000_00000.parquet 172/2053 MB (8%)
  000_00000.parquet 173/2053 MB (8%)
  000_00000.parquet 174/2053 MB (8%)
  000_00000.parquet 175/2053 MB (8%)
  000_00000.parquet 176/2053 MB (8%)
  000_00000.parquet 177/2053 MB (8%)
  000_00000.parquet 178/2053 MB (8%)
  000_00000.parquet 179/2053 MB (8%)
  000_00000.parquet 180/2053 MB (8%)
  000_00000.parquet 181/2053 MB (8%)
  000_00000.parquet 182/2053 MB (8%)
  000_00000.parquet 183/2053 MB (8%)
  000_00000.parquet 184/2053 MB (8%)
  000_00000.parquet 185/2053 MB (9%)
  000_00000.parquet 186/2053 MB (9%)
  000_00000.parquet 187/2053 MB (9%)
  000_00000.parquet 188/2053 MB (9%)
  000_00000.parquet 189/2053 MB (9%)
  000_00000.parquet 190/2053 MB (9%)
  000_00000.parquet 191/2053 MB (9%)
  000_00000.parquet 192/2053 MB (9%)
  000_00000.parquet 193/2053 MB (9%)
  000_00000.parquet 194/2053 MB (9%)
  000_00000.parquet 195/2053 MB (9%)
  000_00000.parquet 196/2053 MB (9%)
  000_00000.parquet 197/2053 MB (9%)
  000_00000.parquet 198/2053 MB (9%)
  000_00000.parquet 199/2053 MB (9%)
  000_00000.parquet 200/2053 MB (9%)
  000_00000.parquet 201/2053 MB (9%)
  000_00000.parquet 202/2053 MB (9%)
  000_00000.parquet 203/2053 MB (9%)
  000_00000.parquet 204/2053 MB (9%)
  000_00000.parquet 205/2053 MB (9%)
  000_00000.parquet 206/2053 MB (10%)
  000_00000.parquet 207/2053 MB (10%)
  000_00000.parquet 208/2053 MB (10%)
  000_00000.parquet 209/2053 MB (10%)
  000_00000.parquet 210/2053 MB (10%)
  000_00000.parquet 211/2053 MB (10%)
  000_00000.parquet 212/2053 MB (10%)
  000_00000.parquet 213/2053 MB (10%)
  000_00000.parquet 214/2053 MB (10%)
  000_00000.parquet 215/2053 MB (10%)
  000_00000.parquet 216/2053 MB (10%)
  000_00000.parquet 217/2053 MB (10%)
  000_00000.parquet 218/2053 MB (10%)
  000_00000.parquet 219/2053 MB (10%)
  000_00000.parquet 220/2053 MB (10%)
  000_00000.parquet 221/2053 MB (10%)
  000_00000.parquet 222/2053 MB (10%)
  000_00000.parquet 223/2053 MB (10%)
  000_00000.parquet 224/2053 MB (10%)
  000_00000.parquet 225/2053 MB (10%)
  000_00000.parquet 226/2053 MB (11%)
  000_00000.parquet 227/2053 MB (11%)
  000_00000.parquet 228/2053 MB (11%)
  000_00000.parquet 229/2053 MB (11%)
  000_00000.parquet 230/2053 MB (11%)
  000_00000.parquet 231/2053 MB (11%)
  000_00000.parquet 232/2053 MB (11%)
  000_00000.parquet 233/2053 MB (11%)
  000_00000.parquet 234/2053 MB (11%)
  000_00000.parquet 235/2053 MB (11%)
  000_00000.parquet 236/2053 MB (11%)
  000_00000.parquet 237/2053 MB (11%)
  000_00000.parquet 238/2053 MB (11%)
  000_00000.parquet 239/2053 MB (11%)
  000_00000.parquet 240/2053 MB (11%)
  000_00000.parquet 241/2053 MB (11%)
  000_00000.parquet 242/2053 MB (11%)
  000_00000.parquet 243/2053 MB (11%)
  000_00000.parquet 244/2053 MB (11%)
  000_00000.parquet 245/2053 MB (11%)
  000_00000.parquet 246/2053 MB (11%)
  000_00000.parquet 247/2053 MB (12%)
  000_00000.parquet 248/2053 MB (12%)
  000_00000.parquet 249/2053 MB (12%)
  000_00000.parquet 250/2053 MB (12%)
  000_00000.parquet 251/2053 MB (12%)
  000_00000.parquet 252/2053 MB (12%)
  000_00000.parquet 253/2053 MB (12%)
  000_00000.parquet 254/2053 MB (12%)
  000_00000.parquet 255/2053 MB (12%)
  000_00000.parquet 256/2053 MB (12%)
  000_00000.parquet 257/2053 MB (12%)
  000_00000.parquet 258/2053 MB (12%)
  000_00000.parquet 259/2053 MB (12%)
  000_00000.parquet 260/2053 MB (12%)
  000_00000.parquet 261/2053 MB (12%)
  000_00000.parquet 262/2053 MB (12%)
  000_00000.parquet 263/2053 MB (12%)
  000_00000.parquet 264/2053 MB (12%)
  000_00000.parquet 265/2053 MB (12%)
  000_00000.parquet 266/2053 MB (12%)
  000_00000.parquet 267/2053 MB (13%)
  000_00000.parquet 268/2053 MB (13%)
  000_00000.parquet 269/2053 MB (13%)
  000_00000.parquet 270/2053 MB (13%)
  000_00000.parquet 271/2053 MB (13%)
  000_00000.parquet 272/2053 MB (13%)
  000_00000.parquet 273/2053 MB (13%)
  000_00000.parquet 274/2053 MB (13%)
  000_00000.parquet 275/2053 MB (13%)
  000_00000.parquet 276/2053 MB (13%)
  000_00000.parquet 277/2053 MB (13%)
  000_00000.parquet 278/2053 MB (13%)
  000_00000.parquet 279/2053 MB (13%)
  000_00000.parquet 280/2053 MB (13%)
  000_00000.parquet 281/2053 MB (13%)
  000_00000.parquet 282/2053 MB (13%)
  000_00000.parquet 283/2053 MB (13%)
  000_00000.parquet 284/2053 MB (13%)
  000_00000.parquet 285/2053 MB (13%)
  000_00000.parquet 286/2053 MB (13%)
  000_00000.parquet 287/2053 MB (13%)
  000_00000.parquet 288/2053 MB (14%)
  000_00000.parquet 289/2053 MB (14%)
  000_00000.parquet 290/2053 MB (14%)
  000_00000.parquet 291/2053 MB (14%)
  000_00000.parquet 292/2053 MB (14%)
  000_00000.parquet 293/2053 MB (14%)
  000_00000.parquet 294/2053 MB (14%)
  000_00000.parquet 295/2053 MB (14%)
  000_00000.parquet 296/2053 MB (14%)
  000_00000.parquet 297/2053 MB (14%)
  000_00000.parquet 298/2053 MB (14%)
  000_00000.parquet 299/2053 MB (14%)
  000_00000.parquet 300/2053 MB (14%)
  000_00000.parquet 301/2053 MB (14%)
  000_00000.parquet 302/2053 MB (14%)
  000_00000.parquet 303/2053 MB (14%)
  000_00000.parquet 304/2053 MB (14%)
  000_00000.parquet 305/2053 MB (14%)
  000_00000.parquet 306/2053 MB (14%)
  000_00000.parquet 307/2053 MB (14%)
  000_00000.parquet 308/2053 MB (15%)
  000_00000.parquet 309/2053 MB (15%)
  000_00000.parquet 310/2053 MB (15%)
  000_00000.parquet 311/2053 MB (15%)
  000_00000.parquet 312/2053 MB (15%)
  000_00000.parquet 313/2053 MB (15%)
  000_00000.parquet 314/2053 MB (15%)
  000_00000.parquet 315/2053 MB (15%)
  000_00000.parquet 316/2053 MB (15%)
  000_00000.parquet 317/2053 MB (15%)
  000_00000.parquet 318/2053 MB (15%)
  000_00000.parquet 319/2053 MB (15%)
  000_00000.parquet 320/2053 MB (15%)
  000_00000.parquet 321/2053 MB (15%)
  000_00000.parquet 322/2053 MB (15%)
  000_00000.parquet 323/2053 MB (15%)
  000_00000.parquet 324/2053 MB (15%)
  000_00000.parquet 325/2053 MB (15%)
  000_00000.parquet 326/2053 MB (15%)
  000_00000.parquet 327/2053 MB (15%)
  000_00000.parquet 328/2053 MB (15%)
  000_00000.parquet 329/2053 MB (16%)
  000_00000.parquet 330/2053 MB (16%)
  000_00000.parquet 331/2053 MB (16%)
  000_00000.parquet 332/2053 MB (16%)
  000_00000.parquet 333/2053 MB (16%)
  000_00000.parquet 334/2053 MB (16%)
  000_00000.parquet 335/2053 MB (16%)
  000_00000.parquet 336/2053 MB (16%)
  000_00000.parquet 337/2053 MB (16%)
  000_00000.parquet 338/2053 MB (16%)
  000_00000.parquet 339/2053 MB (16%)
  000_00000.parquet 340/2053 MB (16%)
  000_00000.parquet 341/2053 MB (16%)
  000_00000.parquet 342/2053 MB (16%)
  000_00000.parquet 343/2053 MB (16%)
  000_00000.parquet 344/2053 MB (16%)
  000_00000.parquet 345/2053 MB (16%)
  000_00000.parquet 346/2053 MB (16%)
  000_00000.parquet 347/2053 MB (16%)
  000_00000.parquet 348/2053 MB (16%)
  000_00000.parquet 349/2053 MB (16%)
  000_00000.parquet 350/2053 MB (17%)
  000_00000.parquet 351/2053 MB (17%)
  000_00000.parquet 352/2053 MB (17%)
  000_00000.parquet 353/2053 MB (17%)
  000_00000.parquet 354/2053 MB (17%)
  000_00000.parquet 355/2053 MB (17%)
  000_00000.parquet 356/2053 MB (17%)
  000_00000.parquet 357/2053 MB (17%)
  000_00000.parquet 358/2053 MB (17%)
  000_00000.parquet 359/2053 MB (17%)
  000_00000.parquet 360/2053 MB (17%)
  000_00000.parquet 361/2053 MB (17%)
  000_00000.parquet 362/2053 MB (17%)
  000_00000.parquet 363/2053 MB (17%)
  000_00000.parquet 364/2053 MB (17%)
  000_00000.parquet 365/2053 MB (17%)
  000_00000.parquet 366/2053 MB (17%)
  000_00000.parquet 367/2053 MB (17%)
  000_00000.parquet 368/2053 MB (17%)
  000_00000.parquet 369/2053 MB (17%)
  000_00000.parquet 370/2053 MB (18%)
  000_00000.parquet 371/2053 MB (18%)
  000_00000.parquet 372/2053 MB (18%)
  000_00000.parquet 373/2053 MB (18%)
  000_00000.parquet 374/2053 MB (18%)
  000_00000.parquet 375/2053 MB (18%)
  000_00000.parquet 376/2053 MB (18%)
  000_00000.parquet 377/2053 MB (18%)
  000_00000.parquet 378/2053 MB (18%)
  000_00000.parquet 379/2053 MB (18%)
  000_00000.parquet 380/2053 MB (18%)
  000_00000.parquet 381/2053 MB (18%)
  000_00000.parquet 382/2053 MB (18%)
  000_00000.parquet 383/2053 MB (18%)
  000_00000.parquet 384/2053 MB (18%)
  000_00000.parquet 385/2053 MB (18%)
  000_00000.parquet 386/2053 MB (18%)
  000_00000.parquet 387/2053 MB (18%)
  000_00000.parquet 388/2053 MB (18%)
  000_00000.parquet 389/2053 MB (18%)
  000_00000.parquet 390/2053 MB (18%)
  000_00000.parquet 391/2053 MB (19%)
  000_00000.parquet 392/2053 MB (19%)
  000_00000.parquet 393/2053 MB (19%)
  000_00000.parquet 394/2053 MB (19%)
  000_00000.parquet 395/2053 MB (19%)
  000_00000.parquet 396/2053 MB (19%)
  000_00000.parquet 397/2053 MB (19%)
  000_00000.parquet 398/2053 MB (19%)
  000_00000.parquet 399/2053 MB (19%)
  000_00000.parquet 400/2053 MB (19%)
  000_00000.parquet 401/2053 MB (19%)
  000_00000.parquet 402/2053 MB (19%)
  000_00000.parquet 403/2053 MB (19%)
  000_00000.parquet 404/2053 MB (19%)
  000_00000.parquet 405/2053 MB (19%)
  000_00000.parquet 406/2053 MB (19%)
  000_00000.parquet 407/2053 MB (19%)
  000_00000.parquet 408/2053 MB (19%)
  000_00000.parquet 409/2053 MB (19%)
  000_00000.parquet 410/2053 MB (19%)
  000_00000.parquet 411/2053 MB (20%)
  000_00000.parquet 412/2053 MB (20%)
  000_00000.parquet 413/2053 MB (20%)
  000_00000.parquet 414/2053 MB (20%)
  000_00000.parquet 415/2053 MB (20%)
  000_00000.parquet 416/2053 MB (20%)
  000_00000.parquet 417/2053 MB (20%)
  000_00000.parquet 418/2053 MB (20%)
  000_00000.parquet 419/2053 MB (20%)
  000_00000.parquet 420/2053 MB (20%)
  000_00000.parquet 421/2053 MB (20%)
  000_00000.parquet 422/2053 MB (20%)
  000_00000.parquet 423/2053 MB (20%)
  000_00000.parquet 424/2053 MB (20%)
  000_00000.parquet 425/2053 MB (20%)
  000_00000.parquet 426/2053 MB (20%)
  000_00000.parquet 427/2053 MB (20%)
  000_00000.parquet 428/2053 MB (20%)
  000_00000.parquet 429/2053 MB (20%)
  000_00000.parquet 430/2053 MB (20%)
  000_00000.parquet 431/2053 MB (20%)
  000_00000.parquet 432/2053 MB (21%)
  000_00000.parquet 433/2053 MB (21%)
  000_00000.parquet 434/2053 MB (21%)
  000_00000.parquet 435/2053 MB (21%)
  000_00000.parquet 436/2053 MB (21%)
  000_00000.parquet 437/2053 MB (21%)
  000_00000.parquet 438/2053 MB (21%)
  000_00000.parquet 439/2053 MB (21%)
  000_00000.parquet 440/2053 MB (21%)
  000_00000.parquet 441/2053 MB (21%)
  000_00000.parquet 442/2053 MB (21%)
  000_00000.parquet 443/2053 MB (21%)
  000_00000.parquet 444/2053 MB (21%)
  000_00000.parquet 445/2053 MB (21%)
  000_00000.parquet 446/2053 MB (21%)
  000_00000.parquet 447/2053 MB (21%)
  000_00000.parquet 448/2053 MB (21%)
  000_00000.parquet 449/2053 MB (21%)
  000_00000.parquet 450/2053 MB (21%)
  000_00000.parquet 451/2053 MB (21%)
  000_00000.parquet 452/2053 MB (22%)
  000_00000.parquet 453/2053 MB (22%)
  000_00000.parquet 454/2053 MB (22%)
  000_00000.parquet 455/2053 MB (22%)
  000_00000.parquet 456/2053 MB (22%)
  000_00000.parquet 457/2053 MB (22%)
  000_00000.parquet 458/2053 MB (22%)
  000_00000.parquet 459/2053 MB (22%)
  000_00000.parquet 460/2053 MB (22%)
  000_00000.parquet 461/2053 MB (22%)
  000_00000.parquet 462/2053 MB (22%)
  000_00000.parquet 463/2053 MB (22%)
  000_00000.parquet 464/2053 MB (22%)
  000_00000.parquet 465/2053 MB (22%)
  000_00000.parquet 466/2053 MB (22%)
  000_00000.parquet 467/2053 MB (22%)
  000_00000.parquet 468/2053 MB (22%)
  000_00000.parquet 469/2053 MB (22%)
  000_00000.parquet 470/2053 MB (22%)
  000_00000.parquet 471/2053 MB (22%)
  000_00000.parquet 472/2053 MB (22%)
  000_00000.parquet 473/2053 MB (23%)
  000_00000.parquet 474/2053 MB (23%)
  000_00000.parquet 475/2053 MB (23%)
  000_00000.parquet 476/2053 MB (23%)
  000_00000.parquet 477/2053 MB (23%)
  000_00000.parquet 478/2053 MB (23%)
  000_00000.parquet 479/2053 MB (23%)
  000_00000.parquet 480/2053 MB (23%)
  000_00000.parquet 481/2053 MB (23%)
  000_00000.parquet 482/2053 MB (23%)
  000_00000.parquet 483/2053 MB (23%)
  000_00000.parquet 484/2053 MB (23%)
  000_00000.parquet 485/2053 MB (23%)
  000_00000.parquet 486/2053 MB (23%)
  000_00000.parquet 487/2053 MB (23%)
  000_00000.parquet 488/2053 MB (23%)
  000_00000.parquet 489/2053 MB (23%)
  000_00000.parquet 490/2053 MB (23%)
  000_00000.parquet 491/2053 MB (23%)
  000_00000.parquet 492/2053 MB (23%)
  000_00000.parquet 493/2053 MB (24%)
  000_00000.parquet 494/2053 MB (24%)
  000_00000.parquet 495/2053 MB (24%)
  000_00000.parquet 496/2053 MB (24%)
  000_00000.parquet 497/2053 MB (24%)
  000_00000.parquet 498/2053 MB (24%)
  000_00000.parquet 499/2053 MB (24%)
  000_00000.parquet 500/2053 MB (24%)
  000_00000.parquet 501/2053 MB (24%)
  000_00000.parquet 502/2053 MB (24%)
  000_00000.parquet 503/2053 MB (24%)
  000_00000.parquet 504/2053 MB (24%)
  000_00000.parquet 505/2053 MB (24%)
  000_00000.parquet 506/2053 MB (24%)
  000_00000.parquet 507/2053 MB (24%)
  000_00000.parquet 508/2053 MB (24%)
  000_00000.parquet 509/2053 MB (24%)
  000_00000.parquet 510/2053 MB (24%)
  000_00000.parquet 511/2053 MB (24%)
  000_00000.parquet 512/2053 MB (24%)
  000_00000.parquet 513/2053 MB (24%)
  000_00000.parquet 514/2053 MB (25%)
  000_00000.parquet 515/2053 MB (25%)
  000_00000.parquet 516/2053 MB (25%)
  000_00000.parquet 517/2053 MB (25%)
  000_00000.parquet 518/2053 MB (25%)
  000_00000.parquet 519/2053 MB (25%)
  000_00000.parquet 520/2053 MB (25%)
  000_00000.parquet 521/2053 MB (25%)
  000_00000.parquet 522/2053 MB (25%)
  000_00000.parquet 523/2053 MB (25%)
  000_00000.parquet 524/2053 MB (25%)
  000_00000.parquet 525/2053 MB (25%)
  000_00000.parquet 526/2053 MB (25%)
  000_00000.parquet 527/2053 MB (25%)
  000_00000.parquet 528/2053 MB (25%)
  000_00000.parquet 529/2053 MB (25%)
  000_00000.parquet 530/2053 MB (25%)
  000_00000.parquet 531/2053 MB (25%)
  000_00000.parquet 532/2053 MB (25%)
  000_00000.parquet 533/2053 MB (25%)
  000_00000.parquet 534/2053 MB (26%)
  000_00000.parquet 535/2053 MB (26%)
  000_00000.parquet 536/2053 MB (26%)
  000_00000.parquet 537/2053 MB (26%)
  000_00000.parquet 538/2053 MB (26%)
  000_00000.parquet 539/2053 MB (26%)
  000_00000.parquet 540/2053 MB (26%)
  000_00000.parquet 541/2053 MB (26%)
  000_00000.parquet 542/2053 MB (26%)
  000_00000.parquet 543/2053 MB (26%)
  000_00000.parquet 544/2053 MB (26%)
  000_00000.parquet 545/2053 MB (26%)
  000_00000.parquet 546/2053 MB (26%)
  000_00000.parquet 547/2053 MB (26%)
  000_00000.parquet 548/2053 MB (26%)
  000_00000.parquet 549/2053 MB (26%)
  000_00000.parquet 550/2053 MB (26%)
  000_00000.parquet 551/2053 MB (26%)
  000_00000.parquet 552/2053 MB (26%)
  000_00000.parquet 553/2053 MB (26%)
  000_00000.parquet 554/2053 MB (26%)
  000_00000.parquet 555/2053 MB (27%)
  000_00000.parquet 556/2053 MB (27%)
  000_00000.parquet 557/2053 MB (27%)
  000_00000.parquet 558/2053 MB (27%)
  000_00000.parquet 559/2053 MB (27%)
  000_00000.parquet 560/2053 MB (27%)
  000_00000.parquet 561/2053 MB (27%)
  000_00000.parquet 562/2053 MB (27%)
  000_00000.parquet 563/2053 MB (27%)
  000_00000.parquet 564/2053 MB (27%)
  000_00000.parquet 565/2053 MB (27%)
  000_00000.parquet 566/2053 MB (27%)
  000_00000.parquet 567/2053 MB (27%)
  000_00000.parquet 568/2053 MB (27%)
  000_00000.parquet 569/2053 MB (27%)
  000_00000.parquet 570/2053 MB (27%)
  000_00000.parquet 571/2053 MB (27%)
  000_00000.parquet 572/2053 MB (27%)
  000_00000.parquet 573/2053 MB (27%)
  000_00000.parquet 574/2053 MB (27%)
  000_00000.parquet 575/2053 MB (28%)
  000_00000.parquet 576/2053 MB (28%)
  000_00000.parquet 577/2053 MB (28%)
  000_00000.parquet 578/2053 MB (28%)
  000_00000.parquet 579/2053 MB (28%)
  000_00000.parquet 580/2053 MB (28%)
  000_00000.parquet 581/2053 MB (28%)
  000_00000.parquet 582/2053 MB (28%)
  000_00000.parquet 583/2053 MB (28%)
  000_00000.parquet 584/2053 MB (28%)
  000_00000.parquet 585/2053 MB (28%)
  000_00000.parquet 586/2053 MB (28%)
  000_00000.parquet 587/2053 MB (28%)
  000_00000.parquet 588/2053 MB (28%)
  000_00000.parquet 589/2053 MB (28%)
  000_00000.parquet 590/2053 MB (28%)
  000_00000.parquet 591/2053 MB (28%)
  000_00000.parquet 592/2053 MB (28%)
  000_00000.parquet 593/2053 MB (28%)
  000_00000.parquet 594/2053 MB (28%)
  000_00000.parquet 595/2053 MB (28%)
  000_00000.parquet 596/2053 MB (29%)
  000_00000.parquet 597/2053 MB (29%)
  000_00000.parquet 598/2053 MB (29%)
  000_00000.parquet 599/2053 MB (29%)
  000_00000.parquet 600/2053 MB (29%)
  000_00000.parquet 601/2053 MB (29%)
  000_00000.parquet 602/2053 MB (29%)
  000_00000.parquet 603/2053 MB (29%)
  000_00000.parquet 604/2053 MB (29%)
  000_00000.parquet 605/2053 MB (29%)
  000_00000.parquet 606/2053 MB (29%)
  000_00000.parquet 607/2053 MB (29%)
  000_00000.parquet 608/2053 MB (29%)
  000_00000.parquet 609/2053 MB (29%)
  000_00000.parquet 610/2053 MB (29%)
  000_00000.parquet 611/2053 MB (29%)
  000_00000.parquet 612/2053 MB (29%)
  000_00000.parquet 613/2053 MB (29%)
  000_00000.parquet 614/2053 MB (29%)
  000_00000.parquet 615/2053 MB (29%)
  000_00000.parquet 616/2053 MB (30%)
  000_00000.parquet 617/2053 MB (30%)
  000_00000.parquet 618/2053 MB (30%)
  000_00000.parquet 619/2053 MB (30%)
  000_00000.parquet 620/2053 MB (30%)
  000_00000.parquet 621/2053 MB (30%)
  000_00000.parquet 622/2053 MB (30%)
  000_00000.parquet 623/2053 MB (30%)
  000_00000.parquet 624/2053 MB (30%)
  000_00000.parquet 625/2053 MB (30%)
  000_00000.parquet 626/2053 MB (30%)
  000_00000.parquet 627/2053 MB (30%)
  000_00000.parquet 628/2053 MB (30%)
  000_00000.parquet 629/2053 MB (30%)
  000_00000.parquet 630/2053 MB (30%)
  000_00000.parquet 631/2053 MB (30%)
  000_00000.parquet 632/2053 MB (30%)
  000_00000.parquet 633/2053 MB (30%)
  000_00000.parquet 634/2053 MB (30%)
  000_00000.parquet 635/2053 MB (30%)
  000_00000.parquet 636/2053 MB (30%)
  000_00000.parquet 637/2053 MB (31%)
  000_00000.parquet 638/2053 MB (31%)
  000_00000.parquet 639/2053 MB (31%)
  000_00000.parquet 640/2053 MB (31%)
  000_00000.parquet 641/2053 MB (31%)
  000_00000.parquet 642/2053 MB (31%)
  000_00000.parquet 643/2053 MB (31%)
  000_00000.parquet 644/2053 MB (31%)
  000_00000.parquet 645/2053 MB (31%)
  000_00000.parquet 646/2053 MB (31%)
  000_00000.parquet 647/2053 MB (31%)
  000_00000.parquet 648/2053 MB (31%)
  000_00000.parquet 649/2053 MB (31%)
  000_00000.parquet 650/2053 MB (31%)
  000_00000.parquet 651/2053 MB (31%)
  000_00000.parquet 652/2053 MB (31%)
  000_00000.parquet 653/2053 MB (31%)
  000_00000.parquet 654/2053 MB (31%)
  000_00000.parquet 655/2053 MB (31%)
  000_00000.parquet 656/2053 MB (31%)
  000_00000.parquet 657/2053 MB (32%)
  000_00000.parquet 658/2053 MB (32%)
  000_00000.parquet 659/2053 MB (32%)
  000_00000.parquet 660/2053 MB (32%)
  000_00000.parquet 661/2053 MB (32%)
  000_00000.parquet 662/2053 MB (32%)
  000_00000.parquet 663/2053 MB (32%)
  000_00000.parquet 664/2053 MB (32%)
  000_00000.parquet 665/2053 MB (32%)
  000_00000.parquet 666/2053 MB (32%)
  000_00000.parquet 667/2053 MB (32%)
  000_00000.parquet 668/2053 MB (32%)
  000_00000.parquet 669/2053 MB (32%)
  000_00000.parquet 670/2053 MB (32%)
  000_00000.parquet 671/2053 MB (32%)
  000_00000.parquet 672/2053 MB (32%)
  000_00000.parquet 673/2053 MB (32%)
  000_00000.parquet 674/2053 MB (32%)
  000_00000.parquet 675/2053 MB (32%)
  000_00000.parquet 676/2053 MB (32%)
  000_00000.parquet 677/2053 MB (32%)
  000_00000.parquet 678/2053 MB (33%)
  000_00000.parquet 679/2053 MB (33%)
  000_00000.parquet 680/2053 MB (33%)
  000_00000.parquet 681/2053 MB (33%)
  000_00000.parquet 682/2053 MB (33%)
  000_00000.parquet 683/2053 MB (33%)
  000_00000.parquet 684/2053 MB (33%)
  000_00000.parquet 685/2053 MB (33%)
  000_00000.parquet 686/2053 MB (33%)
  000_00000.parquet 687/2053 MB (33%)
  000_00000.parquet 688/2053 MB (33%)
  000_00000.parquet 689/2053 MB (33%)
  000_00000.parquet 690/2053 MB (33%)
  000_00000.parquet 691/2053 MB (33%)
  000_00000.parquet 692/2053 MB (33%)
  000_00000.parquet 693/2053 MB (33%)
  000_00000.parquet 694/2053 MB (33%)
  000_00000.parquet 695/2053 MB (33%)
  000_00000.parquet 696/2053 MB (33%)
  000_00000.parquet 697/2053 MB (33%)
  000_00000.parquet 698/2053 MB (33%)
  000_00000.parquet 699/2053 MB (34%)
  000_00000.parquet 700/2053 MB (34%)
  000_00000.parquet 701/2053 MB (34%)
  000_00000.parquet 702/2053 MB (34%)
  000_00000.parquet 703/2053 MB (34%)
  000_00000.parquet 704/2053 MB (34%)
  000_00000.parquet 705/2053 MB (34%)
  000_00000.parquet 706/2053 MB (34%)
  000_00000.parquet 707/2053 MB (34%)
  000_00000.parquet 708/2053 MB (34%)
  000_00000.parquet 709/2053 MB (34%)
  000_00000.parquet 710/2053 MB (34%)
  000_00000.parquet 711/2053 MB (34%)
  000_00000.parquet 712/2053 MB (34%)
  000_00000.parquet 713/2053 MB (34%)
  000_00000.parquet 714/2053 MB (34%)
  000_00000.parquet 715/2053 MB (34%)
  000_00000.parquet 716/2053 MB (34%)
  000_00000.parquet 717/2053 MB (34%)
  000_00000.parquet 718/2053 MB (34%)
  000_00000.parquet 719/2053 MB (35%)
  000_00000.parquet 720/2053 MB (35%)
  000_00000.parquet 721/2053 MB (35%)
  000_00000.parquet 722/2053 MB (35%)
  000_00000.parquet 723/2053 MB (35%)
  000_00000.parquet 724/2053 MB (35%)
  000_00000.parquet 725/2053 MB (35%)
  000_00000.parquet 726/2053 MB (35%)
  000_00000.parquet 727/2053 MB (35%)
  000_00000.parquet 728/2053 MB (35%)
  000_00000.parquet 729/2053 MB (35%)
  000_00000.parquet 730/2053 MB (35%)
  000_00000.parquet 731/2053 MB (35%)
  000_00000.parquet 732/2053 MB (35%)
  000_00000.parquet 733/2053 MB (35%)
  000_00000.parquet 734/2053 MB (35%)
  000_00000.parquet 735/2053 MB (35%)
  000_00000.parquet 736/2053 MB (35%)
  000_00000.parquet 737/2053 MB (35%)
  000_00000.parquet 738/2053 MB (35%)
  000_00000.parquet 739/2053 MB (35%)
  000_00000.parquet 740/2053 MB (36%)
  000_00000.parquet 741/2053 MB (36%)
  000_00000.parquet 742/2053 MB (36%)
  000_00000.parquet 743/2053 MB (36%)
  000_00000.parquet 744/2053 MB (36%)
  000_00000.parquet 745/2053 MB (36%)
  000_00000.parquet 746/2053 MB (36%)
  000_00000.parquet 747/2053 MB (36%)
  000_00000.parquet 748/2053 MB (36%)
  000_00000.parquet 749/2053 MB (36%)
  000_00000.parquet 750/2053 MB (36%)
  000_00000.parquet 751/2053 MB (36%)
  000_00000.parquet 752/2053 MB (36%)
  000_00000.parquet 753/2053 MB (36%)
  000_00000.parquet 754/2053 MB (36%)
  000_00000.parquet 755/2053 MB (36%)
  000_00000.parquet 756/2053 MB (36%)
  000_00000.parquet 757/2053 MB (36%)
  000_00000.parquet 758/2053 MB (36%)
  000_00000.parquet 759/2053 MB (36%)
  000_00000.parquet 760/2053 MB (37%)
  000_00000.parquet 761/2053 MB (37%)
  000_00000.parquet 762/2053 MB (37%)
  000_00000.parquet 763/2053 MB (37%)
  000_00000.parquet 764/2053 MB (37%)
  000_00000.parquet 765/2053 MB (37%)
  000_00000.parquet 766/2053 MB (37%)
  000_00000.parquet 767/2053 MB (37%)
  000_00000.parquet 768/2053 MB (37%)
  000_00000.parquet 769/2053 MB (37%)
  000_00000.parquet 770/2053 MB (37%)
  000_00000.parquet 771/2053 MB (37%)
  000_00000.parquet 772/2053 MB (37%)
  000_00000.parquet 773/2053 MB (37%)
  000_00000.parquet 774/2053 MB (37%)
  000_00000.parquet 775/2053 MB (37%)
  000_00000.parquet 776/2053 MB (37%)
  000_00000.parquet 777/2053 MB (37%)
  000_00000.parquet 778/2053 MB (37%)
  000_00000.parquet 779/2053 MB (37%)
  000_00000.parquet 780/2053 MB (37%)
  000_00000.parquet 781/2053 MB (38%)
  000_00000.parquet 782/2053 MB (38%)
  000_00000.parquet 783/2053 MB (38%)
  000_00000.parquet 784/2053 MB (38%)
  000_00000.parquet 785/2053 MB (38%)
  000_00000.parquet 786/2053 MB (38%)
  000_00000.parquet 787/2053 MB (38%)
  000_00000.parquet 788/2053 MB (38%)
  000_00000.parquet 789/2053 MB (38%)
  000_00000.parquet 790/2053 MB (38%)
  000_00000.parquet 791/2053 MB (38%)
  000_00000.parquet 792/2053 MB (38%)
  000_00000.parquet 793/2053 MB (38%)
  000_00000.parquet 794/2053 MB (38%)
  000_00000.parquet 795/2053 MB (38%)
  000_00000.parquet 796/2053 MB (38%)
  000_00000.parquet 797/2053 MB (38%)
  000_00000.parquet 798/2053 MB (38%)
  000_00000.parquet 799/2053 MB (38%)
  000_00000.parquet 800/2053 MB (38%)
  000_00000.parquet 801/2053 MB (39%)
  000_00000.parquet 802/2053 MB (39%)
  000_00000.parquet 803/2053 MB (39%)
  000_00000.parquet 804/2053 MB (39%)
  000_00000.parquet 805/2053 MB (39%)
  000_00000.parquet 806/2053 MB (39%)
  000_00000.parquet 807/2053 MB (39%)
  000_00000.parquet 808/2053 MB (39%)
  000_00000.parquet 809/2053 MB (39%)
  000_00000.parquet 810/2053 MB (39%)
  000_00000.parquet 811/2053 MB (39%)
  000_00000.parquet 812/2053 MB (39%)
  000_00000.parquet 813/2053 MB (39%)
  000_00000.parquet 814/2053 MB (39%)
  000_00000.parquet 815/2053 MB (39%)
  000_00000.parquet 816/2053 MB (39%)
  000_00000.parquet 817/2053 MB (39%)
  000_00000.parquet 818/2053 MB (39%)
  000_00000.parquet 819/2053 MB (39%)
  000_00000.parquet 820/2053 MB (39%)
  000_00000.parquet 821/2053 MB (39%)
  000_00000.parquet 822/2053 MB (40%)
  000_00000.parquet 823/2053 MB (40%)
  000_00000.parquet 824/2053 MB (40%)
  000_00000.parquet 825/2053 MB (40%)
  000_00000.parquet 826/2053 MB (40%)
  000_00000.parquet 827/2053 MB (40%)
  000_00000.parquet 828/2053 MB (40%)
  000_00000.parquet 829/2053 MB (40%)
  000_00000.parquet 830/2053 MB (40%)
  000_00000.parquet 831/2053 MB (40%)
  000_00000.parquet 832/2053 MB (40%)
  000_00000.parquet 833/2053 MB (40%)
  000_00000.parquet 834/2053 MB (40%)
  000_00000.parquet 835/2053 MB (40%)
  000_00000.parquet 836/2053 MB (40%)
  000_00000.parquet 837/2053 MB (40%)
  000_00000.parquet 838/2053 MB (40%)
  000_00000.parquet 839/2053 MB (40%)
  000_00000.parquet 840/2053 MB (40%)
  000_00000.parquet 841/2053 MB (40%)
  000_00000.parquet 842/2053 MB (41%)
  000_00000.parquet 843/2053 MB (41%)
  000_00000.parquet 844/2053 MB (41%)
  000_00000.parquet 845/2053 MB (41%)
  000_00000.parquet 846/2053 MB (41%)
  000_00000.parquet 847/2053 MB (41%)
  000_00000.parquet 848/2053 MB (41%)
  000_00000.parquet 849/2053 MB (41%)
  000_00000.parquet 850/2053 MB (41%)
  000_00000.parquet 851/2053 MB (41%)
  000_00000.parquet 852/2053 MB (41%)
  000_00000.parquet 853/2053 MB (41%)
  000_00000.parquet 854/2053 MB (41%)
  000_00000.parquet 855/2053 MB (41%)
  000_00000.parquet 856/2053 MB (41%)
  000_00000.parquet 857/2053 MB (41%)
  000_00000.parquet 858/2053 MB (41%)
  000_00000.parquet 859/2053 MB (41%)
  000_00000.parquet 860/2053 MB (41%)
  000_00000.parquet 861/2053 MB (41%)
  000_00000.parquet 862/2053 MB (41%)
  000_00000.parquet 863/2053 MB (42%)
  000_00000.parquet 864/2053 MB (42%)
  000_00000.parquet 865/2053 MB (42%)
  000_00000.parquet 866/2053 MB (42%)
  000_00000.parquet 867/2053 MB (42%)
  000_00000.parquet 868/2053 MB (42%)
  000_00000.parquet 869/2053 MB (42%)
  000_00000.parquet 870/2053 MB (42%)
  000_00000.parquet 871/2053 MB (42%)
  000_00000.parquet 872/2053 MB (42%)
  000_00000.parquet 873/2053 MB (42%)
  000_00000.parquet 874/2053 MB (42%)
  000_00000.parquet 875/2053 MB (42%)
  000_00000.parquet 876/2053 MB (42%)
  000_00000.parquet 877/2053 MB (42%)
  000_00000.parquet 878/2053 MB (42%)
  000_00000.parquet 879/2053 MB (42%)
  000_00000.parquet 880/2053 MB (42%)
  000_00000.parquet 881/2053 MB (42%)
  000_00000.parquet 882/2053 MB (42%)
  000_00000.parquet 883/2053 MB (43%)
  000_00000.parquet 884/2053 MB (43%)
  000_00000.parquet 885/2053 MB (43%)
  000_00000.parquet 886/2053 MB (43%)
  000_00000.parquet 887/2053 MB (43%)
  000_00000.parquet 888/2053 MB (43%)
  000_00000.parquet 889/2053 MB (43%)
  000_00000.parquet 890/2053 MB (43%)
  000_00000.parquet 891/2053 MB (43%)
  000_00000.parquet 892/2053 MB (43%)
  000_00000.parquet 893/2053 MB (43%)
  000_00000.parquet 894/2053 MB (43%)
  000_00000.parquet 895/2053 MB (43%)
  000_00000.parquet 896/2053 MB (43%)
  000_00000.parquet 897/2053 MB (43%)
  000_00000.parquet 898/2053 MB (43%)
  000_00000.parquet 899/2053 MB (43%)
  000_00000.parquet 900/2053 MB (43%)
  000_00000.parquet 901/2053 MB (43%)
  000_00000.parquet 902/2053 MB (43%)
  000_00000.parquet 903/2053 MB (43%)
  000_00000.parquet 904/2053 MB (44%)
  000_00000.parquet 905/2053 MB (44%)
  000_00000.parquet 906/2053 MB (44%)
  000_00000.parquet 907/2053 MB (44%)
  000_00000.parquet 908/2053 MB (44%)
  000_00000.parquet 909/2053 MB (44%)
  000_00000.parquet 910/2053 MB (44%)
  000_00000.parquet 911/2053 MB (44%)
  000_00000.parquet 912/2053 MB (44%)
  000_00000.parquet 913/2053 MB (44%)
  000_00000.parquet 914/2053 MB (44%)
  000_00000.parquet 915/2053 MB (44%)
  000_00000.parquet 916/2053 MB (44%)
  000_00000.parquet 917/2053 MB (44%)
  000_00000.parquet 918/2053 MB (44%)
  000_00000.parquet 919/2053 MB (44%)
  000_00000.parquet 920/2053 MB (44%)
  000_00000.parquet 921/2053 MB (44%)
  000_00000.parquet 922/2053 MB (44%)
  000_00000.parquet 923/2053 MB (44%)
  000_00000.parquet 924/2053 MB (45%)
  000_00000.parquet 925/2053 MB (45%)
  000_00000.parquet 926/2053 MB (45%)
  000_00000.parquet 927/2053 MB (45%)
  000_00000.parquet 928/2053 MB (45%)
  000_00000.parquet 929/2053 MB (45%)
  000_00000.parquet 930/2053 MB (45%)
  000_00000.parquet 931/2053 MB (45%)
  000_00000.parquet 932/2053 MB (45%)
  000_00000.parquet 933/2053 MB (45%)
  000_00000.parquet 934/2053 MB (45%)
  000_00000.parquet 935/2053 MB (45%)
  000_00000.parquet 936/2053 MB (45%)
  000_00000.parquet 937/2053 MB (45%)
  000_00000.parquet 938/2053 MB (45%)
  000_00000.parquet 939/2053 MB (45%)
  000_00000.parquet 940/2053 MB (45%)
  000_00000.parquet 941/2053 MB (45%)
  000_00000.parquet 942/2053 MB (45%)
  000_00000.parquet 943/2053 MB (45%)
  000_00000.parquet 944/2053 MB (45%)
  000_00000.parquet 945/2053 MB (46%)
  000_00000.parquet 946/2053 MB (46%)
  000_00000.parquet 947/2053 MB (46%)
  000_00000.parquet 948/2053 MB (46%)
  000_00000.parquet 949/2053 MB (46%)
  000_00000.parquet 950/2053 MB (46%)
  000_00000.parquet 951/2053 MB (46%)
  000_00000.parquet 952/2053 MB (46%)
  000_00000.parquet 953/2053 MB (46%)
  000_00000.parquet 954/2053 MB (46%)
  000_00000.parquet 955/2053 MB (46%)
  000_00000.parquet 956/2053 MB (46%)
  000_00000.parquet 957/2053 MB (46%)
  000_00000.parquet 958/2053 MB (46%)
  000_00000.parquet 959/2053 MB (46%)
  000_00000.parquet 960/2053 MB (46%)
  000_00000.parquet 961/2053 MB (46%)
  000_00000.parquet 962/2053 MB (46%)
  000_00000.parquet 963/2053 MB (46%)
  000_00000.parquet 964/2053 MB (46%)
  000_00000.parquet 965/2053 MB (47%)
  000_00000.parquet 966/2053 MB (47%)
  000_00000.parquet 967/2053 MB (47%)
  000_00000.parquet 968/2053 MB (47%)
  000_00000.parquet 969/2053 MB (47%)
  000_00000.parquet 970/2053 MB (47%)
  000_00000.parquet 971/2053 MB (47%)
  000_00000.parquet 972/2053 MB (47%)
  000_00000.parquet 973/2053 MB (47%)
  000_00000.parquet 974/2053 MB (47%)
  000_00000.parquet 975/2053 MB (47%)
  000_00000.parquet 976/2053 MB (47%)
  000_00000.parquet 977/2053 MB (47%)
  000_00000.parquet 978/2053 MB (47%)
  000_00000.parquet 979/2053 MB (47%)
  000_00000.parquet 980/2053 MB (47%)
  000_00000.parquet 981/2053 MB (47%)
  000_00000.parquet 982/2053 MB (47%)
  000_00000.parquet 983/2053 MB (47%)
  000_00000.parquet 984/2053 MB (47%)
  000_00000.parquet 985/2053 MB (47%)
  000_00000.parquet 986/2053 MB (48%)
  000_00000.parquet 987/2053 MB (48%)
  000_00000.parquet 988/2053 MB (48%)
  000_00000.parquet 989/2053 MB (48%)
  000_00000.parquet 990/2053 MB (48%)
  000_00000.parquet 991/2053 MB (48%)
  000_00000.parquet 992/2053 MB (48%)
  000_00000.parquet 993/2053 MB (48%)
  000_00000.parquet 994/2053 MB (48%)
  000_00000.parquet 995/2053 MB (48%)
  000_00000.parquet 996/2053 MB (48%)
  000_00000.parquet 997/2053 MB (48%)
  000_00000.parquet 998/2053 MB (48%)
  000_00000.parquet 999/2053 MB (48%)
  000_00000.parquet 1000/2053 MB (48%)
  000_00000.parquet 1001/2053 MB (48%)
  000_00000.parquet 1002/2053 MB (48%)
  000_00000.parquet 1003/2053 MB (48%)
  000_00000.parquet 1004/2053 MB (48%)
  000_00000.parquet 1005/2053 MB (48%)
  000_00000.parquet 1006/2053 MB (48%)
  000_00000.parquet 1007/2053 MB (49%)
  000_00000.parquet 1008/2053 MB (49%)
  000_00000.parquet 1009/2053 MB (49%)
  000_00000.parquet 1010/2053 MB (49%)
  000_00000.parquet 1011/2053 MB (49%)
  000_00000.parquet 1012/2053 MB (49%)
  000_00000.parquet 1013/2053 MB (49%)
  000_00000.parquet 1014/2053 MB (49%)
  000_00000.parquet 1015/2053 MB (49%)
  000_00000.parquet 1016/2053 MB (49%)
  000_00000.parquet 1017/2053 MB (49%)
  000_00000.parquet 1018/2053 MB (49%)
  000_00000.parquet 1019/2053 MB (49%)
  000_00000.parquet 1020/2053 MB (49%)
  000_00000.parquet 1021/2053 MB (49%)
  000_00000.parquet 1022/2053 MB (49%)
  000_00000.parquet 1023/2053 MB (49%)
  000_00000.parquet 1024/2053 MB (49%)
  000_00000.parquet 1025/2053 MB (49%)
  000_00000.parquet 1026/2053 MB (49%)
  000_00000.parquet 1027/2053 MB (50%)
  000_00000.parquet 1028/2053 MB (50%)
  000_00000.parquet 1029/2053 MB (50%)
  000_00000.parquet 1030/2053 MB (50%)
  000_00000.parquet 1031/2053 MB (50%)
  000_00000.parquet 1032/2053 MB (50%)
  000_00000.parquet 1033/2053 MB (50%)
  000_00000.parquet 1034/2053 MB (50%)
  000_00000.parquet 1035/2053 MB (50%)
  000_00000.parquet 1036/2053 MB (50%)
  000_00000.parquet 1037/2053 MB (50%)
  000_00000.parquet 1038/2053 MB (50%)
  000_00000.parquet 1039/2053 MB (50%)
  000_00000.parquet 1040/2053 MB (50%)
  000_00000.parquet 1041/2053 MB (50%)
  000_00000.parquet 1042/2053 MB (50%)
  000_00000.parquet 1043/2053 MB (50%)
  000_00000.parquet 1044/2053 MB (50%)
  000_00000.parquet 1045/2053 MB (50%)
  000_00000.parquet 1046/2053 MB (50%)
  000_00000.parquet 1047/2053 MB (50%)
  000_00000.parquet 1048/2053 MB (51%)
  000_00000.parquet 1049/2053 MB (51%)
  000_00000.parquet 1050/2053 MB (51%)
  000_00000.parquet 1051/2053 MB (51%)
  000_00000.parquet 1052/2053 MB (51%)
  000_00000.parquet 1053/2053 MB (51%)
  000_00000.parquet 1054/2053 MB (51%)
  000_00000.parquet 1055/2053 MB (51%)
  000_00000.parquet 1056/2053 MB (51%)
  000_00000.parquet 1057/2053 MB (51%)
  000_00000.parquet 1058/2053 MB (51%)
  000_00000.parquet 1059/2053 MB (51%)
  000_00000.parquet 1060/2053 MB (51%)
  000_00000.parquet 1061/2053 MB (51%)
  000_00000.parquet 1062/2053 MB (51%)
  000_00000.parquet 1063/2053 MB (51%)
  000_00000.parquet 1064/2053 MB (51%)
  000_00000.parquet 1065/2053 MB (51%)
  000_00000.parquet 1066/2053 MB (51%)
  000_00000.parquet 1067/2053 MB (51%)
  000_00000.parquet 1068/2053 MB (52%)
  000_00000.parquet 1069/2053 MB (52%)
  000_00000.parquet 1070/2053 MB (52%)
  000_00000.parquet 1071/2053 MB (52%)
  000_00000.parquet 1072/2053 MB (52%)
  000_00000.parquet 1073/2053 MB (52%)
  000_00000.parquet 1074/2053 MB (52%)
  000_00000.parquet 1075/2053 MB (52%)
  000_00000.parquet 1076/2053 MB (52%)
  000_00000.parquet 1077/2053 MB (52%)
  000_00000.parquet 1078/2053 MB (52%)
  000_00000.parquet 1079/2053 MB (52%)
  000_00000.parquet 1080/2053 MB (52%)
  000_00000.parquet 1081/2053 MB (52%)
  000_00000.parquet 1082/2053 MB (52%)
  000_00000.parquet 1083/2053 MB (52%)
  000_00000.parquet 1084/2053 MB (52%)
  000_00000.parquet 1085/2053 MB (52%)
  000_00000.parquet 1086/2053 MB (52%)
  000_00000.parquet 1087/2053 MB (52%)
  000_00000.parquet 1088/2053 MB (52%)
  000_00000.parquet 1089/2053 MB (53%)
  000_00000.parquet 1090/2053 MB (53%)
  000_00000.parquet 1091/2053 MB (53%)
  000_00000.parquet 1092/2053 MB (53%)
  000_00000.parquet 1093/2053 MB (53%)
  000_00000.parquet 1094/2053 MB (53%)
  000_00000.parquet 1095/2053 MB (53%)
  000_00000.parquet 1096/2053 MB (53%)
  000_00000.parquet 1097/2053 MB (53%)
  000_00000.parquet 1098/2053 MB (53%)
  000_00000.parquet 1099/2053 MB (53%)
  000_00000.parquet 1100/2053 MB (53%)
  000_00000.parquet 1101/2053 MB (53%)
  000_00000.parquet 1102/2053 MB (53%)
  000_00000.parquet 1103/2053 MB (53%)
  000_00000.parquet 1104/2053 MB (53%)
  000_00000.parquet 1105/2053 MB (53%)
  000_00000.parquet 1106/2053 MB (53%)
  000_00000.parquet 1107/2053 MB (53%)
  000_00000.parquet 1108/2053 MB (53%)
  000_00000.parquet 1109/2053 MB (54%)
  000_00000.parquet 1110/2053 MB (54%)
  000_00000.parquet 1111/2053 MB (54%)
  000_00000.parquet 1112/2053 MB (54%)
  000_00000.parquet 1113/2053 MB (54%)
  000_00000.parquet 1114/2053 MB (54%)
  000_00000.parquet 1115/2053 MB (54%)
  000_00000.parquet 1116/2053 MB (54%)
  000_00000.parquet 1117/2053 MB (54%)
  000_00000.parquet 1118/2053 MB (54%)
  000_00000.parquet 1119/2053 MB (54%)
  000_00000.parquet 1120/2053 MB (54%)
  000_00000.parquet 1121/2053 MB (54%)
  000_00000.parquet 1122/2053 MB (54%)
  000_00000.parquet 1123/2053 MB (54%)
  000_00000.parquet 1124/2053 MB (54%)
  000_00000.parquet 1125/2053 MB (54%)
  000_00000.parquet 1126/2053 MB (54%)
  000_00000.parquet 1127/2053 MB (54%)
  000_00000.parquet 1128/2053 MB (54%)
  000_00000.parquet 1129/2053 MB (54%)
  000_00000.parquet 1130/2053 MB (55%)
  000_00000.parquet 1131/2053 MB (55%)
  000_00000.parquet 1132/2053 MB (55%)
  000_00000.parquet 1133/2053 MB (55%)
  000_00000.parquet 1134/2053 MB (55%)
  000_00000.parquet 1135/2053 MB (55%)
  000_00000.parquet 1136/2053 MB (55%)
  000_00000.parquet 1137/2053 MB (55%)
  000_00000.parquet 1138/2053 MB (55%)
  000_00000.parquet 1139/2053 MB (55%)
  000_00000.parquet 1140/2053 MB (55%)
  000_00000.parquet 1141/2053 MB (55%)
  000_00000.parquet 1142/2053 MB (55%)
  000_00000.parquet 1143/2053 MB (55%)
  000_00000.parquet 1144/2053 MB (55%)
  000_00000.parquet 1145/2053 MB (55%)
  000_00000.parquet 1146/2053 MB (55%)
  000_00000.parquet 1147/2053 MB (55%)
  000_00000.parquet 1148/2053 MB (55%)
  000_00000.parquet 1149/2053 MB (55%)
  000_00000.parquet 1150/2053 MB (56%)
  000_00000.parquet 1151/2053 MB (56%)
  000_00000.parquet 1152/2053 MB (56%)
  000_00000.parquet 1153/2053 MB (56%)
  000_00000.parquet 1154/2053 MB (56%)
  000_00000.parquet 1155/2053 MB (56%)
  000_00000.parquet 1156/2053 MB (56%)
  000_00000.parquet 1157/2053 MB (56%)
  000_00000.parquet 1158/2053 MB (56%)
  000_00000.parquet 1159/2053 MB (56%)
  000_00000.parquet 1160/2053 MB (56%)
  000_00000.parquet 1161/2053 MB (56%)
  000_00000.parquet 1162/2053 MB (56%)
  000_00000.parquet 1163/2053 MB (56%)
  000_00000.parquet 1164/2053 MB (56%)
  000_00000.parquet 1165/2053 MB (56%)
  000_00000.parquet 1166/2053 MB (56%)
  000_00000.parquet 1167/2053 MB (56%)
  000_00000.parquet 1168/2053 MB (56%)
  000_00000.parquet 1169/2053 MB (56%)
  000_00000.parquet 1170/2053 MB (56%)
  000_00000.parquet 1171/2053 MB (57%)
  000_00000.parquet 1172/2053 MB (57%)
  000_00000.parquet 1173/2053 MB (57%)
  000_00000.parquet 1174/2053 MB (57%)
  000_00000.parquet 1175/2053 MB (57%)
  000_00000.parquet 1176/2053 MB (57%)
  000_00000.parquet 1177/2053 MB (57%)
  000_00000.parquet 1178/2053 MB (57%)
  000_00000.parquet 1179/2053 MB (57%)
  000_00000.parquet 1180/2053 MB (57%)
  000_00000.parquet 1181/2053 MB (57%)
  000_00000.parquet 1182/2053 MB (57%)
  000_00000.parquet 1183/2053 MB (57%)
  000_00000.parquet 1184/2053 MB (57%)
  000_00000.parquet 1185/2053 MB (57%)
  000_00000.parquet 1186/2053 MB (57%)
  000_00000.parquet 1187/2053 MB (57%)
  000_00000.parquet 1188/2053 MB (57%)
  000_00000.parquet 1189/2053 MB (57%)
  000_00000.parquet 1190/2053 MB (57%)
  000_00000.parquet 1191/2053 MB (58%)
  000_00000.parquet 1192/2053 MB (58%)
  000_00000.parquet 1193/2053 MB (58%)
  000_00000.parquet 1194/2053 MB (58%)
  000_00000.parquet 1195/2053 MB (58%)
  000_00000.parquet 1196/2053 MB (58%)
  000_00000.parquet 1197/2053 MB (58%)
  000_00000.parquet 1198/2053 MB (58%)
  000_00000.parquet 1199/2053 MB (58%)
  000_00000.parquet 1200/2053 MB (58%)
  000_00000.parquet 1201/2053 MB (58%)
  000_00000.parquet 1202/2053 MB (58%)
  000_00000.parquet 1203/2053 MB (58%)
  000_00000.parquet 1204/2053 MB (58%)
  000_00000.parquet 1205/2053 MB (58%)
  000_00000.parquet 1206/2053 MB (58%)
  000_00000.parquet 1207/2053 MB (58%)
  000_00000.parquet 1208/2053 MB (58%)
  000_00000.parquet 1209/2053 MB (58%)
  000_00000.parquet 1210/2053 MB (58%)
  000_00000.parquet 1211/2053 MB (58%)
  000_00000.parquet 1212/2053 MB (59%)
  000_00000.parquet 1213/2053 MB (59%)
  000_00000.parquet 1214/2053 MB (59%)
  000_00000.parquet 1215/2053 MB (59%)
  000_00000.parquet 1216/2053 MB (59%)
  000_00000.parquet 1217/2053 MB (59%)
  000_00000.parquet 1218/2053 MB (59%)
  000_00000.parquet 1219/2053 MB (59%)
  000_00000.parquet 1220/2053 MB (59%)
  000_00000.parquet 1221/2053 MB (59%)
  000_00000.parquet 1222/2053 MB (59%)
  000_00000.parquet 1223/2053 MB (59%)
  000_00000.parquet 1224/2053 MB (59%)
  000_00000.parquet 1225/2053 MB (59%)
  000_00000.parquet 1226/2053 MB (59%)
  000_00000.parquet 1227/2053 MB (59%)
  000_00000.parquet 1228/2053 MB (59%)
  000_00000.parquet 1229/2053 MB (59%)
  000_00000.parquet 1230/2053 MB (59%)
  000_00000.parquet 1231/2053 MB (59%)
  000_00000.parquet 1232/2053 MB (60%)
  000_00000.parquet 1233/2053 MB (60%)
  000_00000.parquet 1234/2053 MB (60%)
  000_00000.parquet 1235/2053 MB (60%)
  000_00000.parquet 1236/2053 MB (60%)
  000_00000.parquet 1237/2053 MB (60%)
  000_00000.parquet 1238/2053 MB (60%)
  000_00000.parquet 1239/2053 MB (60%)
  000_00000.parquet 1240/2053 MB (60%)
  000_00000.parquet 1241/2053 MB (60%)
  000_00000.parquet 1242/2053 MB (60%)
  000_00000.parquet 1243/2053 MB (60%)
  000_00000.parquet 1244/2053 MB (60%)
  000_00000.parquet 1245/2053 MB (60%)
  000_00000.parquet 1246/2053 MB (60%)
  000_00000.parquet 1247/2053 MB (60%)
  000_00000.parquet 1248/2053 MB (60%)
  000_00000.parquet 1249/2053 MB (60%)
  000_00000.parquet 1250/2053 MB (60%)
  000_00000.parquet 1251/2053 MB (60%)
  000_00000.parquet 1252/2053 MB (60%)
  000_00000.parquet 1253/2053 MB (61%)
  000_00000.parquet 1254/2053 MB (61%)
  000_00000.parquet 1255/2053 MB (61%)
  000_00000.parquet 1256/2053 MB (61%)
  000_00000.parquet 1257/2053 MB (61%)
  000_00000.parquet 1258/2053 MB (61%)
  000_00000.parquet 1259/2053 MB (61%)
  000_00000.parquet 1260/2053 MB (61%)
  000_00000.parquet 1261/2053 MB (61%)
  000_00000.parquet 1262/2053 MB (61%)
  000_00000.parquet 1263/2053 MB (61%)
  000_00000.parquet 1264/2053 MB (61%)
  000_00000.parquet 1265/2053 MB (61%)
  000_00000.parquet 1266/2053 MB (61%)
  000_00000.parquet 1267/2053 MB (61%)
  000_00000.parquet 1268/2053 MB (61%)
  000_00000.parquet 1269/2053 MB (61%)
  000_00000.parquet 1270/2053 MB (61%)
  000_00000.parquet 1271/2053 MB (61%)
  000_00000.parquet 1272/2053 MB (61%)
  000_00000.parquet 1273/2053 MB (62%)
  000_00000.parquet 1274/2053 MB (62%)
  000_00000.parquet 1275/2053 MB (62%)
  000_00000.parquet 1276/2053 MB (62%)
  000_00000.parquet 1277/2053 MB (62%)
  000_00000.parquet 1278/2053 MB (62%)
  000_00000.parquet 1279/2053 MB (62%)
  000_00000.parquet 1280/2053 MB (62%)
  000_00000.parquet 1281/2053 MB (62%)
  000_00000.parquet 1282/2053 MB (62%)
  000_00000.parquet 1283/2053 MB (62%)
  000_00000.parquet 1284/2053 MB (62%)
  000_00000.parquet 1285/2053 MB (62%)
  000_00000.parquet 1286/2053 MB (62%)
  000_00000.parquet 1287/2053 MB (62%)
  000_00000.parquet 1288/2053 MB (62%)
  000_00000.parquet 1289/2053 MB (62%)
  000_00000.parquet 1290/2053 MB (62%)
  000_00000.parquet 1291/2053 MB (62%)
  000_00000.parquet 1292/2053 MB (62%)
  000_00000.parquet 1293/2053 MB (62%)
  000_00000.parquet 1294/2053 MB (63%)
  000_00000.parquet 1295/2053 MB (63%)
  000_00000.parquet 1296/2053 MB (63%)
  000_00000.parquet 1297/2053 MB (63%)
  000_00000.parquet 1298/2053 MB (63%)
  000_00000.parquet 1299/2053 MB (63%)
  000_00000.parquet 1300/2053 MB (63%)
  000_00000.parquet 1301/2053 MB (63%)
  000_00000.parquet 1302/2053 MB (63%)
  000_00000.parquet 1303/2053 MB (63%)
  000_00000.parquet 1304/2053 MB (63%)
  000_00000.parquet 1305/2053 MB (63%)
  000_00000.parquet 1306/2053 MB (63%)
  000_00000.parquet 1307/2053 MB (63%)
  000_00000.parquet 1308/2053 MB (63%)
  000_00000.parquet 1309/2053 MB (63%)
  000_00000.parquet 1310/2053 MB (63%)
  000_00000.parquet 1311/2053 MB (63%)
  000_00000.parquet 1312/2053 MB (63%)
  000_00000.parquet 1313/2053 MB (63%)
  000_00000.parquet 1314/2053 MB (64%)
  000_00000.parquet 1315/2053 MB (64%)
  000_00000.parquet 1316/2053 MB (64%)
  000_00000.parquet 1317/2053 MB (64%)
  000_00000.parquet 1318/2053 MB (64%)
  000_00000.parquet 1319/2053 MB (64%)
  000_00000.parquet 1320/2053 MB (64%)
  000_00000.parquet 1321/2053 MB (64%)
  000_00000.parquet 1322/2053 MB (64%)
  000_00000.parquet 1323/2053 MB (64%)
  000_00000.parquet 1324/2053 MB (64%)
  000_00000.parquet 1325/2053 MB (64%)
  000_00000.parquet 1326/2053 MB (64%)
  000_00000.parquet 1327/2053 MB (64%)
  000_00000.parquet 1328/2053 MB (64%)
  000_00000.parquet 1329/2053 MB (64%)
  000_00000.parquet 1330/2053 MB (64%)
  000_00000.parquet 1331/2053 MB (64%)
  000_00000.parquet 1332/2053 MB (64%)
  000_00000.parquet 1333/2053 MB (64%)
  000_00000.parquet 1334/2053 MB (64%)
  000_00000.parquet 1335/2053 MB (65%)
  000_00000.parquet 1336/2053 MB (65%)
  000_00000.parquet 1337/2053 MB (65%)
  000_00000.parquet 1338/2053 MB (65%)
  000_00000.parquet 1339/2053 MB (65%)
  000_00000.parquet 1340/2053 MB (65%)
  000_00000.parquet 1341/2053 MB (65%)
  000_00000.parquet 1342/2053 MB (65%)
  000_00000.parquet 1343/2053 MB (65%)
  000_00000.parquet 1344/2053 MB (65%)
  000_00000.parquet 1345/2053 MB (65%)
  000_00000.parquet 1346/2053 MB (65%)
  000_00000.parquet 1347/2053 MB (65%)
  000_00000.parquet 1348/2053 MB (65%)
  000_00000.parquet 1349/2053 MB (65%)
  000_00000.parquet 1350/2053 MB (65%)
  000_00000.parquet 1351/2053 MB (65%)
  000_00000.parquet 1352/2053 MB (65%)
  000_00000.parquet 1353/2053 MB (65%)
  000_00000.parquet 1354/2053 MB (65%)
  000_00000.parquet 1355/2053 MB (65%)
  000_00000.parquet 1356/2053 MB (66%)
  000_00000.parquet 1357/2053 MB (66%)
  000_00000.parquet 1358/2053 MB (66%)
  000_00000.parquet 1359/2053 MB (66%)
  000_00000.parquet 1360/2053 MB (66%)
  000_00000.parquet 1361/2053 MB (66%)
  000_00000.parquet 1362/2053 MB (66%)
  000_00000.parquet 1363/2053 MB (66%)
  000_00000.parquet 1364/2053 MB (66%)
  000_00000.parquet 1365/2053 MB (66%)
  000_00000.parquet 1366/2053 MB (66%)
  000_00000.parquet 1367/2053 MB (66%)
  000_00000.parquet 1368/2053 MB (66%)
  000_00000.parquet 1369/2053 MB (66%)
  000_00000.parquet 1370/2053 MB (66%)
  000_00000.parquet 1371/2053 MB (66%)
  000_00000.parquet 1372/2053 MB (66%)
  000_00000.parquet 1373/2053 MB (66%)
  000_00000.parquet 1374/2053 MB (66%)
  000_00000.parquet 1375/2053 MB (66%)
  000_00000.parquet 1376/2053 MB (67%)
  000_00000.parquet 1377/2053 MB (67%)
  000_00000.parquet 1378/2053 MB (67%)
  000_00000.parquet 1379/2053 MB (67%)
  000_00000.parquet 1380/2053 MB (67%)
  000_00000.parquet 1381/2053 MB (67%)
  000_00000.parquet 1382/2053 MB (67%)
  000_00000.parquet 1383/2053 MB (67%)
  000_00000.parquet 1384/2053 MB (67%)
  000_00000.parquet 1385/2053 MB (67%)
  000_00000.parquet 1386/2053 MB (67%)
  000_00000.parquet 1387/2053 MB (67%)
  000_00000.parquet 1388/2053 MB (67%)
  000_00000.parquet 1389/2053 MB (67%)
  000_00000.parquet 1390/2053 MB (67%)
  000_00000.parquet 1391/2053 MB (67%)
  000_00000.parquet 1392/2053 MB (67%)
  000_00000.parquet 1393/2053 MB (67%)
  000_00000.parquet 1394/2053 MB (67%)
  000_00000.parquet 1395/2053 MB (67%)
  000_00000.parquet 1396/2053 MB (67%)
  000_00000.parquet 1397/2053 MB (68%)
  000_00000.parquet 1398/2053 MB (68%)
  000_00000.parquet 1399/2053 MB (68%)
  000_00000.parquet 1400/2053 MB (68%)
  000_00000.parquet 1401/2053 MB (68%)
  000_00000.parquet 1402/2053 MB (68%)
  000_00000.parquet 1403/2053 MB (68%)
  000_00000.parquet 1404/2053 MB (68%)
  000_00000.parquet 1405/2053 MB (68%)
  000_00000.parquet 1406/2053 MB (68%)
  000_00000.parquet 1407/2053 MB (68%)
  000_00000.parquet 1408/2053 MB (68%)
  000_00000.parquet 1409/2053 MB (68%)
  000_00000.parquet 1410/2053 MB (68%)
  000_00000.parquet 1411/2053 MB (68%)
  000_00000.parquet 1412/2053 MB (68%)
  000_00000.parquet 1413/2053 MB (68%)
  000_00000.parquet 1414/2053 MB (68%)
  000_00000.parquet 1415/2053 MB (68%)
  000_00000.parquet 1416/2053 MB (68%)
  000_00000.parquet 1417/2053 MB (69%)
  000_00000.parquet 1418/2053 MB (69%)
  000_00000.parquet 1419/2053 MB (69%)
  000_00000.parquet 1420/2053 MB (69%)
  000_00000.parquet 1421/2053 MB (69%)
  000_00000.parquet 1422/2053 MB (69%)
  000_00000.parquet 1423/2053 MB (69%)
  000_00000.parquet 1424/2053 MB (69%)
  000_00000.parquet 1425/2053 MB (69%)
  000_00000.parquet 1426/2053 MB (69%)
  000_00000.parquet 1427/2053 MB (69%)
  000_00000.parquet 1428/2053 MB (69%)
  000_00000.parquet 1429/2053 MB (69%)
  000_00000.parquet 1430/2053 MB (69%)
  000_00000.parquet 1431/2053 MB (69%)
  000_00000.parquet 1432/2053 MB (69%)
  000_00000.parquet 1433/2053 MB (69%)
  000_00000.parquet 1434/2053 MB (69%)
  000_00000.parquet 1435/2053 MB (69%)
  000_00000.parquet 1436/2053 MB (69%)
  000_00000.parquet 1437/2053 MB (69%)
  000_00000.parquet 1438/2053 MB (70%)
  000_00000.parquet 1439/2053 MB (70%)
  000_00000.parquet 1440/2053 MB (70%)
  000_00000.parquet 1441/2053 MB (70%)
  000_00000.parquet 1442/2053 MB (70%)
  000_00000.parquet 1443/2053 MB (70%)
  000_00000.parquet 1444/2053 MB (70%)
  000_00000.parquet 1445/2053 MB (70%)
  000_00000.parquet 1446/2053 MB (70%)
  000_00000.parquet 1447/2053 MB (70%)
  000_00000.parquet 1448/2053 MB (70%)
  000_00000.parquet 1449/2053 MB (70%)
  000_00000.parquet 1450/2053 MB (70%)
  000_00000.parquet 1451/2053 MB (70%)
  000_00000.parquet 1452/2053 MB (70%)
  000_00000.parquet 1453/2053 MB (70%)
  000_00000.parquet 1454/2053 MB (70%)
  000_00000.parquet 1455/2053 MB (70%)
  000_00000.parquet 1456/2053 MB (70%)
  000_00000.parquet 1457/2053 MB (70%)
  000_00000.parquet 1458/2053 MB (71%)
  000_00000.parquet 1459/2053 MB (71%)
  000_00000.parquet 1460/2053 MB (71%)
  000_00000.parquet 1461/2053 MB (71%)
  000_00000.parquet 1462/2053 MB (71%)
  000_00000.parquet 1463/2053 MB (71%)
  000_00000.parquet 1464/2053 MB (71%)
  000_00000.parquet 1465/2053 MB (71%)
  000_00000.parquet 1466/2053 MB (71%)
  000_00000.parquet 1467/2053 MB (71%)
  000_00000.parquet 1468/2053 MB (71%)
  000_00000.parquet 1469/2053 MB (71%)
  000_00000.parquet 1470/2053 MB (71%)
  000_00000.parquet 1471/2053 MB (71%)
  000_00000.parquet 1472/2053 MB (71%)
  000_00000.parquet 1473/2053 MB (71%)
  000_00000.parquet 1474/2053 MB (71%)
  000_00000.parquet 1475/2053 MB (71%)
  000_00000.parquet 1476/2053 MB (71%)
  000_00000.parquet 1477/2053 MB (71%)
  000_00000.parquet 1478/2053 MB (71%)
  000_00000.parquet 1479/2053 MB (72%)
  000_00000.parquet 1480/2053 MB (72%)
  000_00000.parquet 1481/2053 MB (72%)
  000_00000.parquet 1482/2053 MB (72%)
  000_00000.parquet 1483/2053 MB (72%)
  000_00000.parquet 1484/2053 MB (72%)
  000_00000.parquet 1485/2053 MB (72%)
  000_00000.parquet 1486/2053 MB (72%)
  000_00000.parquet 1487/2053 MB (72%)
  000_00000.parquet 1488/2053 MB (72%)
  000_00000.parquet 1489/2053 MB (72%)
  000_00000.parquet 1490/2053 MB (72%)
  000_00000.parquet 1491/2053 MB (72%)
  000_00000.parquet 1492/2053 MB (72%)
  000_00000.parquet 1493/2053 MB (72%)
  000_00000.parquet 1494/2053 MB (72%)
  000_00000.parquet 1495/2053 MB (72%)
  000_00000.parquet 1496/2053 MB (72%)
  000_00000.parquet 1497/2053 MB (72%)
  000_00000.parquet 1498/2053 MB (72%)
  000_00000.parquet 1499/2053 MB (73%)
  000_00000.parquet 1500/2053 MB (73%)
  000_00000.parquet 1501/2053 MB (73%)
  000_00000.parquet 1502/2053 MB (73%)
  000_00000.parquet 1503/2053 MB (73%)
  000_00000.parquet 1504/2053 MB (73%)
  000_00000.parquet 1505/2053 MB (73%)
  000_00000.parquet 1506/2053 MB (73%)
  000_00000.parquet 1507/2053 MB (73%)
  000_00000.parquet 1508/2053 MB (73%)
  000_00000.parquet 1509/2053 MB (73%)
  000_00000.parquet 1510/2053 MB (73%)
  000_00000.parquet 1511/2053 MB (73%)
  000_00000.parquet 1512/2053 MB (73%)
  000_00000.parquet 1513/2053 MB (73%)
  000_00000.parquet 1514/2053 MB (73%)
  000_00000.parquet 1515/2053 MB (73%)
  000_00000.parquet 1516/2053 MB (73%)
  000_00000.parquet 1517/2053 MB (73%)
  000_00000.parquet 1518/2053 MB (73%)
  000_00000.parquet 1519/2053 MB (73%)
  000_00000.parquet 1520/2053 MB (74%)
  000_00000.parquet 1521/2053 MB (74%)
  000_00000.parquet 1522/2053 MB (74%)
  000_00000.parquet 1523/2053 MB (74%)
  000_00000.parquet 1524/2053 MB (74%)
  000_00000.parquet 1525/2053 MB (74%)
  000_00000.parquet 1526/2053 MB (74%)
  000_00000.parquet 1527/2053 MB (74%)
  000_00000.parquet 1528/2053 MB (74%)
  000_00000.parquet 1529/2053 MB (74%)
  000_00000.parquet 1530/2053 MB (74%)
  000_00000.parquet 1531/2053 MB (74%)
  000_00000.parquet 1532/2053 MB (74%)
  000_00000.parquet 1533/2053 MB (74%)
  000_00000.parquet 1534/2053 MB (74%)
  000_00000.parquet 1535/2053 MB (74%)
  000_00000.parquet 1536/2053 MB (74%)
  000_00000.parquet 1537/2053 MB (74%)
  000_00000.parquet 1538/2053 MB (74%)
  000_00000.parquet 1539/2053 MB (74%)
  000_00000.parquet 1540/2053 MB (75%)
  000_00000.parquet 1541/2053 MB (75%)
  000_00000.parquet 1542/2053 MB (75%)
  000_00000.parquet 1543/2053 MB (75%)
  000_00000.parquet 1544/2053 MB (75%)
  000_00000.parquet 1545/2053 MB (75%)
  000_00000.parquet 1546/2053 MB (75%)
  000_00000.parquet 1547/2053 MB (75%)
  000_00000.parquet 1548/2053 MB (75%)
  000_00000.parquet 1549/2053 MB (75%)
  000_00000.parquet 1550/2053 MB (75%)
  000_00000.parquet 1551/2053 MB (75%)
  000_00000.parquet 1552/2053 MB (75%)
  000_00000.parquet 1553/2053 MB (75%)
  000_00000.parquet 1554/2053 MB (75%)
  000_00000.parquet 1555/2053 MB (75%)
  000_00000.parquet 1556/2053 MB (75%)
  000_00000.parquet 1557/2053 MB (75%)
  000_00000.parquet 1558/2053 MB (75%)
  000_00000.parquet 1559/2053 MB (75%)
  000_00000.parquet 1560/2053 MB (75%)
  000_00000.parquet 1561/2053 MB (76%)
  000_00000.parquet 1562/2053 MB (76%)
  000_00000.parquet 1563/2053 MB (76%)
  000_00000.parquet 1564/2053 MB (76%)
  000_00000.parquet 1565/2053 MB (76%)
  000_00000.parquet 1566/2053 MB (76%)
  000_00000.parquet 1567/2053 MB (76%)
  000_00000.parquet 1568/2053 MB (76%)
  000_00000.parquet 1569/2053 MB (76%)
  000_00000.parquet 1570/2053 MB (76%)
  000_00000.parquet 1571/2053 MB (76%)
  000_00000.parquet 1572/2053 MB (76%)
  000_00000.parquet 1573/2053 MB (76%)
  000_00000.parquet 1574/2053 MB (76%)
  000_00000.parquet 1575/2053 MB (76%)
  000_00000.parquet 1576/2053 MB (76%)
  000_00000.parquet 1577/2053 MB (76%)
  000_00000.parquet 1578/2053 MB (76%)
  000_00000.parquet 1579/2053 MB (76%)
  000_00000.parquet 1580/2053 MB (76%)
  000_00000.parquet 1581/2053 MB (77%)
  000_00000.parquet 1582/2053 MB (77%)
  000_00000.parquet 1583/2053 MB (77%)
  000_00000.parquet 1584/2053 MB (77%)
  000_00000.parquet 1585/2053 MB (77%)
  000_00000.parquet 1586/2053 MB (77%)
  000_00000.parquet 1587/2053 MB (77%)
  000_00000.parquet 1588/2053 MB (77%)
  000_00000.parquet 1589/2053 MB (77%)
  000_00000.parquet 1590/2053 MB (77%)
  000_00000.parquet 1591/2053 MB (77%)
  000_00000.parquet 1592/2053 MB (77%)
  000_00000.parquet 1593/2053 MB (77%)
  000_00000.parquet 1594/2053 MB (77%)
  000_00000.parquet 1595/2053 MB (77%)
  000_00000.parquet 1596/2053 MB (77%)
  000_00000.parquet 1597/2053 MB (77%)
  000_00000.parquet 1598/2053 MB (77%)
  000_00000.parquet 1599/2053 MB (77%)
  000_00000.parquet 1600/2053 MB (77%)
  000_00000.parquet 1601/2053 MB (77%)
  000_00000.parquet 1602/2053 MB (78%)
  000_00000.parquet 1603/2053 MB (78%)
  000_00000.parquet 1604/2053 MB (78%)
  000_00000.parquet 1605/2053 MB (78%)
  000_00000.parquet 1606/2053 MB (78%)
  000_00000.parquet 1607/2053 MB (78%)
  000_00000.parquet 1608/2053 MB (78%)
  000_00000.parquet 1609/2053 MB (78%)
  000_00000.parquet 1610/2053 MB (78%)
  000_00000.parquet 1611/2053 MB (78%)
  000_00000.parquet 1612/2053 MB (78%)
  000_00000.parquet 1613/2053 MB (78%)
  000_00000.parquet 1614/2053 MB (78%)
  000_00000.parquet 1615/2053 MB (78%)
  000_00000.parquet 1616/2053 MB (78%)
  000_00000.parquet 1617/2053 MB (78%)
  000_00000.parquet 1618/2053 MB (78%)
  000_00000.parquet 1619/2053 MB (78%)
  000_00000.parquet 1620/2053 MB (78%)
  000_00000.parquet 1621/2053 MB (78%)
  000_00000.parquet 1622/2053 MB (79%)
  000_00000.parquet 1623/2053 MB (79%)
  000_00000.parquet 1624/2053 MB (79%)
  000_00000.parquet 1625/2053 MB (79%)
  000_00000.parquet 1626/2053 MB (79%)
  000_00000.parquet 1627/2053 MB (79%)
  000_00000.parquet 1628/2053 MB (79%)
  000_00000.parquet 1629/2053 MB (79%)
  000_00000.parquet 1630/2053 MB (79%)
  000_00000.parquet 1631/2053 MB (79%)
  000_00000.parquet 1632/2053 MB (79%)
  000_00000.parquet 1633/2053 MB (79%)
  000_00000.parquet 1634/2053 MB (79%)
  000_00000.parquet 1635/2053 MB (79%)
  000_00000.parquet 1636/2053 MB (79%)
  000_00000.parquet 1637/2053 MB (79%)
  000_00000.parquet 1638/2053 MB (79%)
  000_00000.parquet 1639/2053 MB (79%)
  000_00000.parquet 1640/2053 MB (79%)
  000_00000.parquet 1641/2053 MB (79%)
  000_00000.parquet 1642/2053 MB (79%)
  000_00000.parquet 1643/2053 MB (80%)
  000_00000.parquet 1644/2053 MB (80%)
  000_00000.parquet 1645/2053 MB (80%)
  000_00000.parquet 1646/2053 MB (80%)
  000_00000.parquet 1647/2053 MB (80%)
  000_00000.parquet 1648/2053 MB (80%)
  000_00000.parquet 1649/2053 MB (80%)
  000_00000.parquet 1650/2053 MB (80%)
  000_00000.parquet 1651/2053 MB (80%)
  000_00000.parquet 1652/2053 MB (80%)
  000_00000.parquet 1653/2053 MB (80%)
  000_00000.parquet 1654/2053 MB (80%)
  000_00000.parquet 1655/2053 MB (80%)
  000_00000.parquet 1656/2053 MB (80%)
  000_00000.parquet 1657/2053 MB (80%)
  000_00000.parquet 1658/2053 MB (80%)
  000_00000.parquet 1659/2053 MB (80%)
  000_00000.parquet 1660/2053 MB (80%)
  000_00000.parquet 1661/2053 MB (80%)
  000_00000.parquet 1662/2053 MB (80%)
  000_00000.parquet 1663/2053 MB (80%)
  000_00000.parquet 1664/2053 MB (81%)
  000_00000.parquet 1665/2053 MB (81%)
  000_00000.parquet 1666/2053 MB (81%)
  000_00000.parquet 1667/2053 MB (81%)
  000_00000.parquet 1668/2053 MB (81%)
  000_00000.parquet 1669/2053 MB (81%)
  000_00000.parquet 1670/2053 MB (81%)
  000_00000.parquet 1671/2053 MB (81%)
  000_00000.parquet 1672/2053 MB (81%)
  000_00000.parquet 1673/2053 MB (81%)
  000_00000.parquet 1674/2053 MB (81%)
  000_00000.parquet 1675/2053 MB (81%)
  000_00000.parquet 1676/2053 MB (81%)
  000_00000.parquet 1677/2053 MB (81%)
  000_00000.parquet 1678/2053 MB (81%)
  000_00000.parquet 1679/2053 MB (81%)
  000_00000.parquet 1680/2053 MB (81%)
  000_00000.parquet 1681/2053 MB (81%)
  000_00000.parquet 1682/2053 MB (81%)
  000_00000.parquet 1683/2053 MB (81%)
  000_00000.parquet 1684/2053 MB (82%)
  000_00000.parquet 1685/2053 MB (82%)
  000_00000.parquet 1686/2053 MB (82%)
  000_00000.parquet 1687/2053 MB (82%)
  000_00000.parquet 1688/2053 MB (82%)
  000_00000.parquet 1689/2053 MB (82%)
  000_00000.parquet 1690/2053 MB (82%)
  000_00000.parquet 1691/2053 MB (82%)
  000_00000.parquet 1692/2053 MB (82%)
  000_00000.parquet 1693/2053 MB (82%)
  000_00000.parquet 1694/2053 MB (82%)
  000_00000.parquet 1695/2053 MB (82%)
  000_00000.parquet 1696/2053 MB (82%)
  000_00000.parquet 1697/2053 MB (82%)
  000_00000.parquet 1698/2053 MB (82%)
  000_00000.parquet 1699/2053 MB (82%)
  000_00000.parquet 1700/2053 MB (82%)
  000_00000.parquet 1701/2053 MB (82%)
  000_00000.parquet 1702/2053 MB (82%)
  000_00000.parquet 1703/2053 MB (82%)
  000_00000.parquet 1704/2053 MB (82%)
  000_00000.parquet 1705/2053 MB (83%)
  000_00000.parquet 1706/2053 MB (83%)
  000_00000.parquet 1707/2053 MB (83%)
  000_00000.parquet 1708/2053 MB (83%)
  000_00000.parquet 1709/2053 MB (83%)
  000_00000.parquet 1710/2053 MB (83%)
  000_00000.parquet 1711/2053 MB (83%)
  000_00000.parquet 1712/2053 MB (83%)
  000_00000.parquet 1713/2053 MB (83%)
  000_00000.parquet 1714/2053 MB (83%)
  000_00000.parquet 1715/2053 MB (83%)
  000_00000.parquet 1716/2053 MB (83%)
  000_00000.parquet 1717/2053 MB (83%)
  000_00000.parquet 1718/2053 MB (83%)
  000_00000.parquet 1719/2053 MB (83%)
  000_00000.parquet 1720/2053 MB (83%)
  000_00000.parquet 1721/2053 MB (83%)
  000_00000.parquet 1722/2053 MB (83%)
  000_00000.parquet 1723/2053 MB (83%)
  000_00000.parquet 1724/2053 MB (83%)
  000_00000.parquet 1725/2053 MB (84%)
  000_00000.parquet 1726/2053 MB (84%)
  000_00000.parquet 1727/2053 MB (84%)
  000_00000.parquet 1728/2053 MB (84%)
  000_00000.parquet 1729/2053 MB (84%)
  000_00000.parquet 1730/2053 MB (84%)
  000_00000.parquet 1731/2053 MB (84%)
  000_00000.parquet 1732/2053 MB (84%)
  000_00000.parquet 1733/2053 MB (84%)
  000_00000.parquet 1734/2053 MB (84%)
  000_00000.parquet 1735/2053 MB (84%)
  000_00000.parquet 1736/2053 MB (84%)
  000_00000.parquet 1737/2053 MB (84%)
  000_00000.parquet 1738/2053 MB (84%)
  000_00000.parquet 1739/2053 MB (84%)
  000_00000.parquet 1740/2053 MB (84%)
  000_00000.parquet 1741/2053 MB (84%)
  000_00000.parquet 1742/2053 MB (84%)
  000_00000.parquet 1743/2053 MB (84%)
  000_00000.parquet 1744/2053 MB (84%)
  000_00000.parquet 1745/2053 MB (84%)
  000_00000.parquet 1746/2053 MB (85%)
  000_00000.parquet 1747/2053 MB (85%)
  000_00000.parquet 1748/2053 MB (85%)
  000_00000.parquet 1749/2053 MB (85%)
  000_00000.parquet 1750/2053 MB (85%)
  000_00000.parquet 1751/2053 MB (85%)
  000_00000.parquet 1752/2053 MB (85%)
  000_00000.parquet 1753/2053 MB (85%)
  000_00000.parquet 1754/2053 MB (85%)
  000_00000.parquet 1755/2053 MB (85%)
  000_00000.parquet 1756/2053 MB (85%)
  000_00000.parquet 1757/2053 MB (85%)
  000_00000.parquet 1758/2053 MB (85%)
  000_00000.parquet 1759/2053 MB (85%)
  000_00000.parquet 1760/2053 MB (85%)
  000_00000.parquet 1761/2053 MB (85%)
  000_00000.parquet 1762/2053 MB (85%)
  000_00000.parquet 1763/2053 MB (85%)
  000_00000.parquet 1764/2053 MB (85%)
  000_00000.parquet 1765/2053 MB (85%)
  000_00000.parquet 1766/2053 MB (86%)
  000_00000.parquet 1767/2053 MB (86%)
  000_00000.parquet 1768/2053 MB (86%)
  000_00000.parquet 1769/2053 MB (86%)
  000_00000.parquet 1770/2053 MB (86%)
  000_00000.parquet 1771/2053 MB (86%)
  000_00000.parquet 1772/2053 MB (86%)
  000_00000.parquet 1773/2053 MB (86%)
  000_00000.parquet 1774/2053 MB (86%)
  000_00000.parquet 1775/2053 MB (86%)
  000_00000.parquet 1776/2053 MB (86%)
  000_00000.parquet 1777/2053 MB (86%)
  000_00000.parquet 1778/2053 MB (86%)
  000_00000.parquet 1779/2053 MB (86%)
  000_00000.parquet 1780/2053 MB (86%)
  000_00000.parquet 1781/2053 MB (86%)
  000_00000.parquet 1782/2053 MB (86%)
  000_00000.parquet 1783/2053 MB (86%)
  000_00000.parquet 1784/2053 MB (86%)
  000_00000.parquet 1785/2053 MB (86%)
  000_00000.parquet 1786/2053 MB (86%)
  000_00000.parquet 1787/2053 MB (87%)
  000_00000.parquet 1788/2053 MB (87%)
  000_00000.parquet 1789/2053 MB (87%)
  000_00000.parquet 1790/2053 MB (87%)
  000_00000.parquet 1791/2053 MB (87%)
  000_00000.parquet 1792/2053 MB (87%)
  000_00000.parquet 1793/2053 MB (87%)
  000_00000.parquet 1794/2053 MB (87%)
  000_00000.parquet 1795/2053 MB (87%)
  000_00000.parquet 1796/2053 MB (87%)
  000_00000.parquet 1797/2053 MB (87%)
  000_00000.parquet 1798/2053 MB (87%)
  000_00000.parquet 1799/2053 MB (87%)
  000_00000.parquet 1800/2053 MB (87%)
  000_00000.parquet 1801/2053 MB (87%)
  000_00000.parquet 1802/2053 MB (87%)
  000_00000.parquet 1803/2053 MB (87%)
  000_00000.parquet 1804/2053 MB (87%)
  000_00000.parquet 1805/2053 MB (87%)
  000_00000.parquet 1806/2053 MB (87%)
  000_00000.parquet 1807/2053 MB (88%)
  000_00000.parquet 1808/2053 MB (88%)
  000_00000.parquet 1809/2053 MB (88%)
  000_00000.parquet 1810/2053 MB (88%)
  000_00000.parquet 1811/2053 MB (88%)
  000_00000.parquet 1812/2053 MB (88%)
  000_00000.parquet 1813/2053 MB (88%)
  000_00000.parquet 1814/2053 MB (88%)
  000_00000.parquet 1815/2053 MB (88%)
  000_00000.parquet 1816/2053 MB (88%)
  000_00000.parquet 1817/2053 MB (88%)
  000_00000.parquet 1818/2053 MB (88%)
  000_00000.parquet 1819/2053 MB (88%)
  000_00000.parquet 1820/2053 MB (88%)
  000_00000.parquet 1821/2053 MB (88%)
  000_00000.parquet 1822/2053 MB (88%)
  000_00000.parquet 1823/2053 MB (88%)
  000_00000.parquet 1824/2053 MB (88%)
  000_00000.parquet 1825/2053 MB (88%)
  000_00000.parquet 1826/2053 MB (88%)
  000_00000.parquet 1827/2053 MB (88%)
  000_00000.parquet 1828/2053 MB (89%)
  000_00000.parquet 1829/2053 MB (89%)
  000_00000.parquet 1830/2053 MB (89%)
  000_00000.parquet 1831/2053 MB (89%)
  000_00000.parquet 1832/2053 MB (89%)
  000_00000.parquet 1833/2053 MB (89%)
  000_00000.parquet 1834/2053 MB (89%)
  000_00000.parquet 1835/2053 MB (89%)
  000_00000.parquet 1836/2053 MB (89%)
  000_00000.parquet 1837/2053 MB (89%)
  000_00000.parquet 1838/2053 MB (89%)
  000_00000.parquet 1839/2053 MB (89%)
  000_00000.parquet 1840/2053 MB (89%)
  000_00000.parquet 1841/2053 MB (89%)
  000_00000.parquet 1842/2053 MB (89%)
  000_00000.parquet 1843/2053 MB (89%)
  000_00000.parquet 1844/2053 MB (89%)
  000_00000.parquet 1845/2053 MB (89%)
  000_00000.parquet 1846/2053 MB (89%)
  000_00000.parquet 1847/2053 MB (89%)
  000_00000.parquet 1848/2053 MB (90%)
  000_00000.parquet 1849/2053 MB (90%)
  000_00000.parquet 1850/2053 MB (90%)
  000_00000.parquet 1851/2053 MB (90%)
  000_00000.parquet 1852/2053 MB (90%)
  000_00000.parquet 1853/2053 MB (90%)
  000_00000.parquet 1854/2053 MB (90%)
  000_00000.parquet 1855/2053 MB (90%)
  000_00000.parquet 1856/2053 MB (90%)
  000_00000.parquet 1857/2053 MB (90%)
  000_00000.parquet 1858/2053 MB (90%)
  000_00000.parquet 1859/2053 MB (90%)
  000_00000.parquet 1860/2053 MB (90%)
  000_00000.parquet 1861/2053 MB (90%)
  000_00000.parquet 1862/2053 MB (90%)
  000_00000.parquet 1863/2053 MB (90%)
  000_00000.parquet 1864/2053 MB (90%)
  000_00000.parquet 1865/2053 MB (90%)
  000_00000.parquet 1866/2053 MB (90%)
  000_00000.parquet 1867/2053 MB (90%)
  000_00000.parquet 1868/2053 MB (90%)
  000_00000.parquet 1869/2053 MB (91%)
  000_00000.parquet 1870/2053 MB (91%)
  000_00000.parquet 1871/2053 MB (91%)
  000_00000.parquet 1872/2053 MB (91%)
  000_00000.parquet 1873/2053 MB (91%)
  000_00000.parquet 1874/2053 MB (91%)
  000_00000.parquet 1875/2053 MB (91%)
  000_00000.parquet 1876/2053 MB (91%)
  000_00000.parquet 1877/2053 MB (91%)
  000_00000.parquet 1878/2053 MB (91%)
  000_00000.parquet 1879/2053 MB (91%)
  000_00000.parquet 1880/2053 MB (91%)
  000_00000.parquet 1881/2053 MB (91%)
  000_00000.parquet 1882/2053 MB (91%)
  000_00000.parquet 1883/2053 MB (91%)
  000_00000.parquet 1884/2053 MB (91%)
  000_00000.parquet 1885/2053 MB (91%)
  000_00000.parquet 1886/2053 MB (91%)
  000_00000.parquet 1887/2053 MB (91%)
  000_00000.parquet 1888/2053 MB (91%)
  000_00000.parquet 1889/2053 MB (92%)
  000_00000.parquet 1890/2053 MB (92%)
  000_00000.parquet 1891/2053 MB (92%)
  000_00000.parquet 1892/2053 MB (92%)
  000_00000.parquet 1893/2053 MB (92%)
  000_00000.parquet 1894/2053 MB (92%)
  000_00000.parquet 1895/2053 MB (92%)
  000_00000.parquet 1896/2053 MB (92%)
  000_00000.parquet 1897/2053 MB (92%)
  000_00000.parquet 1898/2053 MB (92%)
  000_00000.parquet 1899/2053 MB (92%)
  000_00000.parquet 1900/2053 MB (92%)
  000_00000.parquet 1901/2053 MB (92%)
  000_00000.parquet 1902/2053 MB (92%)
  000_00000.parquet 1903/2053 MB (92%)
  000_00000.parquet 1904/2053 MB (92%)
  000_00000.parquet 1905/2053 MB (92%)
  000_00000.parquet 1906/2053 MB (92%)
  000_00000.parquet 1907/2053 MB (92%)
  000_00000.parquet 1908/2053 MB (92%)
  000_00000.parquet 1909/2053 MB (92%)
  000_00000.parquet 1910/2053 MB (93%)
  000_00000.parquet 1911/2053 MB (93%)
  000_00000.parquet 1912/2053 MB (93%)
  000_00000.parquet 1913/2053 MB (93%)
  000_00000.parquet 1914/2053 MB (93%)
  000_00000.parquet 1915/2053 MB (93%)
  000_00000.parquet 1916/2053 MB (93%)
  000_00000.parquet 1917/2053 MB (93%)
  000_00000.parquet 1918/2053 MB (93%)
  000_00000.parquet 1919/2053 MB (93%)
  000_00000.parquet 1920/2053 MB (93%)
  000_00000.parquet 1921/2053 MB (93%)
  000_00000.parquet 1922/2053 MB (93%)
  000_00000.parquet 1923/2053 MB (93%)
  000_00000.parquet 1924/2053 MB (93%)
  000_00000.parquet 1925/2053 MB (93%)
  000_00000.parquet 1926/2053 MB (93%)
  000_00000.parquet 1927/2053 MB (93%)
  000_00000.parquet 1928/2053 MB (93%)
  000_00000.parquet 1929/2053 MB (93%)
  000_00000.parquet 1930/2053 MB (94%)
  000_00000.parquet 1931/2053 MB (94%)
  000_00000.parquet 1932/2053 MB (94%)
  000_00000.parquet 1933/2053 MB (94%)
  000_00000.parquet 1934/2053 MB (94%)
  000_00000.parquet 1935/2053 MB (94%)
  000_00000.parquet 1936/2053 MB (94%)
  000_00000.parquet 1937/2053 MB (94%)
  000_00000.parquet 1938/2053 MB (94%)
  000_00000.parquet 1939/2053 MB (94%)
  000_00000.parquet 1940/2053 MB (94%)
  000_00000.parquet 1941/2053 MB (94%)
  000_00000.parquet 1942/2053 MB (94%)
  000_00000.parquet 1943/2053 MB (94%)
  000_00000.parquet 1944/2053 MB (94%)
  000_00000.parquet 1945/2053 MB (94%)
  000_00000.parquet 1946/2053 MB (94%)
  000_00000.parquet 1947/2053 MB (94%)
  000_00000.parquet 1948/2053 MB (94%)
  000_00000.parquet 1949/2053 MB (94%)
  000_00000.parquet 1950/2053 MB (94%)
  000_00000.parquet 1951/2053 MB (95%)
  000_00000.parquet 1952/2053 MB (95%)
  000_00000.parquet 1953/2053 MB (95%)
  000_00000.parquet 1954/2053 MB (95%)
  000_00000.parquet 1955/2053 MB (95%)
  000_00000.parquet 1956/2053 MB (95%)
  000_00000.parquet 1957/2053 MB (95%)
  000_00000.parquet 1958/2053 MB (95%)
  000_00000.parquet 1959/2053 MB (95%)
  000_00000.parquet 1960/2053 MB (95%)
  000_00000.parquet 1961/2053 MB (95%)
  000_00000.parquet 1962/2053 MB (95%)
  000_00000.parquet 1963/2053 MB (95%)
  000_00000.parquet 1964/2053 MB (95%)
  000_00000.parquet 1965/2053 MB (95%)
  000_00000.parquet 1966/2053 MB (95%)
  000_00000.parquet 1967/2053 MB (95%)
  000_00000.parquet 1968/2053 MB (95%)
  000_00000.parquet 1969/2053 MB (95%)
  000_00000.parquet 1970/2053 MB (95%)
  000_00000.parquet 1971/2053 MB (96%)
  000_00000.parquet 1972/2053 MB (96%)
  000_00000.parquet 1973/2053 MB (96%)
  000_00000.parquet 1974/2053 MB (96%)
  000_00000.parquet 1975/2053 MB (96%)
  000_00000.parquet 1976/2053 MB (96%)
  000_00000.parquet 1977/2053 MB (96%)
  000_00000.parquet 1978/2053 MB (96%)
  000_00000.parquet 1979/2053 MB (96%)
  000_00000.parquet 1980/2053 MB (96%)
  000_00000.parquet 1981/2053 MB (96%)
  000_00000.parquet 1982/2053 MB (96%)
  000_00000.parquet 1983/2053 MB (96%)
  000_00000.parquet 1984/2053 MB (96%)
  000_00000.parquet 1985/2053 MB (96%)
  000_00000.parquet 1986/2053 MB (96%)
  000_00000.parquet 1987/2053 MB (96%)
  000_00000.parquet 1988/2053 MB (96%)
  000_00000.parquet 1989/2053 MB (96%)
  000_00000.parquet 1990/2053 MB (96%)
  000_00000.parquet 1991/2053 MB (96%)
  000_00000.parquet 1992/2053 MB (97%)
  000_00000.parquet 1993/2053 MB (97%)
  000_00000.parquet 1994/2053 MB (97%)
  000_00000.parquet 1995/2053 MB (97%)
  000_00000.parquet 1996/2053 MB (97%)
  000_00000.parquet 1997/2053 MB (97%)
  000_00000.parquet 1998/2053 MB (97%)
  000_00000.parquet 1999/2053 MB (97%)
  000_00000.parquet 2000/2053 MB (97%)
  000_00000.parquet 2001/2053 MB (97%)
  000_00000.parquet 2002/2053 MB (97%)
  000_00000.parquet 2003/2053 MB (97%)
  000_00000.parquet 2004/2053 MB (97%)
  000_00000.parquet 2005/2053 MB (97%)
  000_00000.parquet 2006/2053 MB (97%)
  000_00000.parquet 2007/2053 MB (97%)
  000_00000.parquet 2008/2053 MB (97%)
  000_00000.parquet 2009/2053 MB (97%)
  000_00000.parquet 2010/2053 MB (97%)
  000_00000.parquet 2011/2053 MB (97%)
  000_00000.parquet 2012/2053 MB (97%)
  000_00000.parquet 2013/2053 MB (98%)
  000_00000.parquet 2014/2053 MB (98%)
  000_00000.parquet 2015/2053 MB (98%)
  000_00000.parquet 2016/2053 MB (98%)
  000_00000.parquet 2017/2053 MB (98%)
  000_00000.parquet 2018/2053 MB (98%)
  000_00000.parquet 2019/2053 MB (98%)
  000_00000.parquet 2020/2053 MB (98%)
  000_00000.parquet 2021/2053 MB (98%)
  000_00000.parquet 2022/2053 MB (98%)
  000_00000.parquet 2023/2053 MB (98%)
  000_00000.parquet 2024/2053 MB (98%)
  000_00000.parquet 2025/2053 MB (98%)
  000_00000.parquet 2026/2053 MB (98%)
  000_00000.parquet 2027/2053 MB (98%)
  000_00000.parquet 2028/2053 MB (98%)
  000_00000.parquet 2029/2053 MB (98%)
  000_00000.parquet 2030/2053 MB (98%)
  000_00000.parquet 2031/2053 MB (98%)
  000_00000.parquet 2032/2053 MB (98%)
  000_00000.parquet 2033/2053 MB (99%)
  000_00000.parquet 2034/2053 MB (99%)
  000_00000.parquet 2035/2053 MB (99%)
  000_00000.parquet 2036/2053 MB (99%)
  000_00000.parquet 2037/2053 MB (99%)
  000_00000.parquet 2038/2053 MB (99%)
  000_00000.parquet 2039/2053 MB (99%)
  000_00000.parquet 2040/2053 MB (99%)
  000_00000.parquet 2041/2053 MB (99%)
  000_00000.parquet 2042/2053 MB (99%)
  000_00000.parquet 2043/2053 MB (99%)
  000_00000.parquet 2044/2053 MB (99%)
  000_00000.parquet 2045/2053 MB (99%)
  000_00000.parquet 2046/2053 MB (99%)
  000_00000.parquet 2047/2053 MB (99%)
  000_00000.parquet 2048/2053 MB (99%)
  000_00000.parquet 2049/2053 MB (99%)
  000_00000.parquet 2050/2053 MB (99%)
  000_00000.parquet 2051/2053 MB (99%)
  000_00000.parquet 2052/2053 MB (99%)
  000_00000.parquet 2053/2053 MB (99%)
sentencepiece_trainer.cc(78) LOG(INFO) Starts training with : 
trainer_spec {
  input: data\hertz_mix\tokenizer_train_corpus.txt
  input_format: 
  model_prefix: data\hertz_mix\tokenizer
  model_type: BPE
  vocab_size: 32000
  self_test_sample_size: 0
  character_coverage: 1
  input_sentence_size: 1000000
  shuffle_input_sentence: 1
  seed_sentencepiece_size: 1000000
  shrinking_factor: 0.75
  max_sentence_length: 16384
  num_threads: 32
  num_sub_iterations: 2
  max_sentencepiece_length: 16
  split_by_unicode_script: 1
  split_by_number: 1
  split_by_whitespace: 1
  split_digits: 0
  pretokenization_delimiter: 
  treat_whitespace_as_suffix: 0
  allow_whitespace_only_pieces: 0
  required_chars: 
  byte_fallback: 0
  vocabulary_output_piece_score: 1
  train_extremely_large_corpus: 0
  seed_sentencepieces_file: 
  hard_vocab_limit: 1
  use_all_vocab: 0
  unk_id: 3
  bos_id: 1
  eos_id: 2
  pad_id: 0
  unk_piece: <unk>
  bos_piece: <s>
  eos_piece: </s>
  pad_piece: <pad>
  unk_surface:  Γüç 
  enable_differential_privacy: 0
  differential_privacy_noise_level: 0
  differential_privacy_clipping_threshold: 0
}
normalizer_spec {
  name: nmt_nfkc
  add_dummy_prefix: 1
  remove_extra_whitespaces: 1
  escape_whitespaces: 1
  normalization_rule_tsv: 
}
denormalizer_spec {}
trainer_interface.cc(355) LOG(INFO) SentenceIterator is not specified. Using MultiFileSentenceIterator.
trainer_interface.cc(186) LOG(INFO) Loading corpus: data\hertz_mix\tokenizer_train_corpus.txt
trainer_interface.cc(382) LOG(WARNING) Found too long line (17738 > 16384).
trainer_interface.cc(384) LOG(WARNING) Too long lines are skipped in the training.
trainer_interface.cc(385) LOG(WARNING) The maximum length can be changed with --max_sentence_length=<size> flag.
trainer_interface.cc(411) LOG(INFO) Loaded all 734067 sentences
trainer_interface.cc(418) LOG(INFO) Skipped 29747 too long sentences.
trainer_interface.cc(427) LOG(INFO) Adding meta_piece: <pad>
trainer_interface.cc(427) LOG(INFO) Adding meta_piece: <s>
trainer_interface.cc(427) LOG(INFO) Adding meta_piece: </s>
trainer_interface.cc(427) LOG(INFO) Adding meta_piece: <unk>
trainer_interface.cc(432) LOG(INFO) Normalizing sentences...
trainer_interface.cc(541) LOG(INFO) all chars count=2662657514
trainer_interface.cc(552) LOG(INFO) Done: 100% characters are covered.
trainer_interface.cc(562) LOG(INFO) Alphabet size=9977
trainer_interface.cc(563) LOG(INFO) Final character coverage=1
trainer_interface.cc(594) LOG(INFO) Done! preprocessed 734067 sentences.
trainer_interface.cc(600) LOG(INFO) Tokenizing input sentences with whitespace: 734067
trainer_interface.cc(611) LOG(INFO) Done! 7249717
bpe_model_trainer.cc(159) LOG(INFO) Updating active symbols. max_freq=56472794 min_freq=147
bpe_model_trainer.cc(268) LOG(INFO) Added: freq=16030945 size=20 all=107802 active=8835 piece=Γûüp
bpe_model_trainer.cc(268) LOG(INFO) Added: freq=8790015 size=40 all=111519 active=12552 piece=Γûüh
bpe_model_trainer.cc(268) LOG(INFO) Added: freq=5034505 size=60 all=115032 active=16065 piece=ation
bpe_model_trainer.cc(268) LOG(INFO) Added: freq=4166270 size=80 all=119217 active=20250 piece=Γûüthat
bpe_model_trainer.cc(268) LOG(INFO) Added: freq=3042657 size=100 all=122871 active=23904 piece=Γûüit
bpe_model_trainer.cc(159) LOG(INFO) Updating active symbols. max_freq=3040256 min_freq=3290
bpe_model_trainer.cc(268) LOG(INFO) Added: freq=2543477 size=120 all=127139 active=10317 piece=Γûühe
bpe_model_trainer.cc(268) LOG(INFO) Added: freq=2220801 size=140 all=131556 active=14734 piece=rom
bpe_model_trainer.cc(268) LOG(INFO) Added: freq=1979577 size=160 all=136426 active=19604 piece=Γûü-
bpe_model_trainer.cc(268) LOG(INFO) Added: freq=1620475 size=180 all=140410 active=23588 piece=ical
bpe_model_trainer.cc(268) LOG(INFO) Added: freq=1388404 size=200 all=144690 active=27868 piece=out
bpe_model_trainer.cc(159) LOG(INFO) Updating active symbols. max_freq=1387805 min_freq=7282
bpe_model_trainer.cc(268) LOG(INFO) Added: freq=1273474 size=220 all=149423 active=11657 piece=Γûütheir
bpe_model_trainer.cc(268) LOG(INFO) Added: freq=1113093 size=240 all=154214 active=16448 piece=ous
bpe_model_trainer.cc(268) LOG(INFO) Added: freq=1050309 size=260 all=159334 active=21568 piece=ap
bpe_model_trainer.cc(268) LOG(INFO) Added: freq=935288 size=280 all=164340 active=26574 piece=Γûüalso
bpe_model_trainer.cc(268) LOG(INFO) Added: freq=851985 size=300 all=168676 active=30910 piece=ase
bpe_model_trainer.cc(159) LOG(INFO) Updating active symbols. max_freq=837563 min_freq=7608
bpe_model_trainer.cc(268) LOG(INFO) Added: freq=796066 size=320 all=173016 active=12463 piece=ord
bpe_model_trainer.cc(268) LOG(INFO) Added: freq=745844 size=340 all=178131 active=17578 piece=ike
bpe_model_trainer.cc(268) LOG(INFO) Added: freq=691448 size=360 all=182278 active=21725 piece=Γûüyear
bpe_model_trainer.cc(268) LOG(INFO) Added: freq=635369 size=380 all=186717 active=26164 piece=Γûüwork
bpe_model_trainer.cc(268) LOG(INFO) Added: freq=607203 size=400 all=189739 active=29186 piece=Γûü3
bpe_model_trainer.cc(159) LOG(INFO) Updating active symbols. max_freq=607176 min_freq=7002
bpe_model_trainer.cc(268) LOG(INFO) Added: freq=580364 size=420 all=193570 active=13241 piece=ms
bpe_model_trainer.cc(268) LOG(INFO) Added: freq=551897 size=440 all=197066 active=16737 piece=we
bpe_model_trainer.cc(268) LOG(INFO) Added: freq=518440 size=460 all=200623 active=20294 piece=ational
bpe_model_trainer.cc(268) LOG(INFO) Added: freq=494102 size=480 all=203857 active=23528 piece=ating
bpe_model_trainer.cc(268) LOG(INFO) Added: freq=469554 size=500 all=206608 active=26279 piece=ics
bpe_model_trainer.cc(159) LOG(INFO) Updating active symbols. max_freq=467981 min_freq=6557
bpe_model_trainer.cc(268) LOG(INFO) Added: freq=445497 size=520 all=212156 active=15620 piece=),
bpe_model_trainer.cc(268) LOG(INFO) Added: freq=424752 size=540 all=216818 active=20282 piece=Γûüsur
bpe_model_trainer.cc(268) LOG(INFO) Added: freq=407059 size=560 all=220320 active=23784 piece=Γûü4
bpe_model_trainer.cc(268) LOG(INFO) Added: freq=388823 size=580 all=223544 active=27008 piece=Γûüinv
bpe_model_trainer.cc(268) LOG(INFO) Added: freq=369197 size=600 all=227204 active=30668 piece=Γûülear
bpe_model_trainer.cc(159) LOG(INFO) Updating active symbols. max_freq=369023 min_freq=5894
bpe_model_trainer.cc(268) LOG(INFO) Added: freq=353864 size=620 all=231140 active=15285 piece=ution
bpe_model_trainer.cc(268) LOG(INFO) Added: freq=340457 size=640 all=235317 active=19462 piece=Γûülong
bpe_model_trainer.cc(268) LOG(INFO) Added: freq=332615 size=660 all=237531 active=21676 piece=Γûüke
bpe_model_trainer.cc(268) LOG(INFO) Added: freq=317618 size=680 all=240652 active=24797 piece=ives
bpe_model_trainer.cc(268) LOG(INFO) Added: freq=305883 size=700 all=243068 active=27213 piece=Γûütechn
bpe_model_trainer.cc(159) LOG(INFO) Updating active symbols. max_freq=305177 min_freq=5417
bpe_model_trainer.cc(268) LOG(INFO) Added: freq=300244 size=720 all=245000 active=14046 piece=Γûüpat
bpe_model_trainer.cc(268) LOG(INFO) Added: freq=291013 size=740 all=248854 active=17900 piece=Γûüset
bpe_model_trainer.cc(268) LOG(INFO) Added: freq=281334 size=760 all=251861 active=20907 piece=Γûüpartic
bpe_model_trainer.cc(268) LOG(INFO) Added: freq=271077 size=780 all=253902 active=22948 piece=Γûümade
bpe_model_trainer.cc(268) LOG(INFO) Added: freq=263388 size=800 all=256129 active=25175 piece=vern
bpe_model_trainer.cc(159) LOG(INFO) Updating active symbols. max_freq=263172 min_freq=5035
bpe_model_trainer.cc(268) LOG(INFO) Added: freq=254391 size=820 all=258860 active=15383 piece=iel
bpe_model_trainer.cc(268) LOG(INFO) Added: freq=246930 size=840 all=262387 active=18910 piece=Γûüday
bpe_model_trainer.cc(268) LOG(INFO) Added: freq=240013 size=860 all=265123 active=21646 piece=Γûüstart
bpe_model_trainer.cc(268) LOG(INFO) Added: freq=233896 size=880 all=269643 active=26166 piece=irect
bpe_model_trainer.cc(268) LOG(INFO) Added: freq=229228 size=900 all=273531 active=30054 piece=Γûüstate
bpe_model_trainer.cc(159) LOG(INFO) Updating active symbols. max_freq=229129 min_freq=4614
bpe_model_trainer.cc(268) LOG(INFO) Added: freq=223073 size=920 all=275603 active=15713 piece=Γûüchar
bpe_model_trainer.cc(268) LOG(INFO) Added: freq=215092 size=940 all=280304 active=20414 piece=Γûübel
bpe_model_trainer.cc(268) LOG(INFO) Added: freq=210671 size=960 all=283645 active=23755 piece=cl
bpe_model_trainer.cc(268) LOG(INFO) Added: freq=204421 size=980 all=286684 active=26794 piece=gen
bpe_model_trainer.cc(268) LOG(INFO) Added: freq=199621 size=1000 all=290223 active=30333 piece=ΓûüUniversity
bpe_model_trainer.cc(159) LOG(INFO) Updating active symbols. max_freq=199093 min_freq=4261
bpe_model_trainer.cc(268) LOG(INFO) Added: freq=195275 size=1020 all=292508 active=16761 piece=Γûüplace
bpe_model_trainer.cc(268) LOG(INFO) Added: freq=191470 size=1040 all=295486 active=19739 piece=Γûüquest
bpe_model_trainer.cc(268) LOG(INFO) Added: freq=188124 size=1060 all=298221 active=22474 piece=iven
bpe_model_trainer.cc(268) LOG(INFO) Added: freq=185482 size=1080 all=301602 active=25855 piece=ividual
bpe_model_trainer.cc(268) LOG(INFO) Added: freq=180803 size=1100 all=304518 active=28771 piece=ffic
bpe_model_trainer.cc(159) LOG(INFO) Updating active symbols. max_freq=180138 min_freq=4005
bpe_model_trainer.cc(268) LOG(INFO) Added: freq=175007 size=1120 all=307593 active=18192 piece=ats
bpe_model_trainer.cc(268) LOG(INFO) Added: freq=172709 size=1140 all=312473 active=23072 piece=lished
bpe_model_trainer.cc(268) LOG(INFO) Added: freq=168930 size=1160 all=316054 active=26653 piece=ΓûüSo
bpe_model_trainer.cc(268) LOG(INFO) Added: freq=164837 size=1180 all=318429 active=29028 piece=ways
bpe_model_trainer.cc(268) LOG(INFO) Added: freq=161376 size=1200 all=321318 active=31917 piece=ograph
bpe_model_trainer.cc(159) LOG(INFO) Updating active symbols. max_freq=161198 min_freq=3683
bpe_model_trainer.cc(268) LOG(INFO) Added: freq=157727 size=1220 all=323802 active=18330 piece=Γûüele
bpe_model_trainer.cc(268) LOG(INFO) Added: freq=154971 size=1240 all=325629 active=20157 piece=hor
bpe_model_trainer.cc(268) LOG(INFO) Added: freq=152485 size=1260 all=327491 active=22019 piece=Γûüsays
bpe_model_trainer.cc(268) LOG(INFO) Added: freq=149823 size=1280 all=330542 active=25070 piece=ories
bpe_model_trainer.cc(268) LOG(INFO) Added: freq=146528 size=1300 all=333236 active=27764 piece=ised
bpe_model_trainer.cc(159) LOG(INFO) Updating active symbols. max_freq=146443 min_freq=3483
bpe_model_trainer.cc(268) LOG(INFO) Added: freq=144237 size=1320 all=335264 active=18455 piece=ends
bpe_model_trainer.cc(268) LOG(INFO) Added: freq=141017 size=1340 all=337930 active=21121 piece=par
bpe_model_trainer.cc(268) LOG(INFO) Added: freq=137398 size=1360 all=341495 active=24686 piece=Γûühard
bpe_model_trainer.cc(268) LOG(INFO) Added: freq=135165 size=1380 all=343982 active=27173 piece=Γûüteam
bpe_model_trainer.cc(268) LOG(INFO) Added: freq=132990 size=1400 all=346237 active=29428 piece=ething
bpe_model_trainer.cc(159) LOG(INFO) Updating active symbols. max_freq=132795 min_freq=3266
bpe_model_trainer.cc(268) LOG(INFO) Added: freq=130903 size=1420 all=348126 active=19153 piece=be
bpe_model_trainer.cc(268) LOG(INFO) Added: freq=128821 size=1440 all=351892 active=22919 piece=Γûübi
bpe_model_trainer.cc(268) LOG(INFO) Added: freq=125929 size=1460 all=353998 active=25025 piece=Γûürecord
bpe_model_trainer.cc(268) LOG(INFO) Added: freq=123910 size=1480 all=356013 active=27040 piece=resent
bpe_model_trainer.cc(268) LOG(INFO) Added: freq=121701 size=1500 all=357894 active=28921 piece=Γûüfunction
bpe_model_trainer.cc(159) LOG(INFO) Updating active symbols. max_freq=121651 min_freq=3097
bpe_model_trainer.cc(268) LOG(INFO) Added: freq=120305 size=1520 all=360031 active=19992 piece=Γûü.
bpe_model_trainer.cc(268) LOG(INFO) Added: freq=119110 size=1540 all=362705 active=22666 piece=ΓûüGod
bpe_model_trainer.cc(268) LOG(INFO) Added: freq=116895 size=1560 all=364360 active=24321 piece=ged
bpe_model_trainer.cc(268) LOG(INFO) Added: freq=115580 size=1580 all=366306 active=26267 piece=Γûü16
bpe_model_trainer.cc(268) LOG(INFO) Added: freq=113750 size=1600 all=368986 active=28947 piece=Γûüsimilar
bpe_model_trainer.cc(159) LOG(INFO) Updating active symbols. max_freq=113396 min_freq=2936
bpe_model_trainer.cc(268) LOG(INFO) Added: freq=111645 size=1620 all=370986 active=20432 piece=hern
bpe_model_trainer.cc(268) LOG(INFO) Added: freq=110190 size=1640 all=374681 active=24127 piece=ΓûüWar
bpe_model_trainer.cc(268) LOG(INFO) Added: freq=108503 size=1660 all=377393 active=26839 piece=Γûüespecially
bpe_model_trainer.cc(268) LOG(INFO) Added: freq=106830 size=1680 all=380653 active=30099 piece=Γûüexist
bpe_model_trainer.cc(268) LOG(INFO) Added: freq=105485 size=1700 all=383593 active=33039 piece=ΓûüAm
bpe_model_trainer.cc(159) LOG(INFO) Updating active symbols. max_freq=105479 min_freq=2753
bpe_model_trainer.cc(268) LOG(INFO) Added: freq=104061 size=1720 all=386726 active=22009 piece=acy
bpe_model_trainer.cc(268) LOG(INFO) Added: freq=102754 size=1740 all=391170 active=26453 piece=ables
bpe_model_trainer.cc(268) LOG(INFO) Added: freq=101274 size=1760 all=393604 active=28887 piece=rict
bpe_model_trainer.cc(268) LOG(INFO) Added: freq=99718 size=1780 all=395765 active=31048 piece=Γûütext
bpe_model_trainer.cc(268) LOG(INFO) Added: freq=98201 size=1800 all=396718 active=32001 piece=augh
bpe_model_trainer.cc(159) LOG(INFO) Updating active symbols. max_freq=98070 min_freq=2607
bpe_model_trainer.cc(268) LOG(INFO) Added: freq=96730 size=1820 all=399004 active=21959 piece=ΓûüFl
bpe_model_trainer.cc(268) LOG(INFO) Added: freq=95670 size=1840 all=400573 active=23528 piece=ency
bpe_model_trainer.cc(268) LOG(INFO) Added: freq=94420 size=1860 all=402748 active=25703 piece=icro
bpe_model_trainer.cc(268) LOG(INFO) Added: freq=93640 size=1880 all=405977 active=28932 piece=ysis
bpe_model_trainer.cc(268) LOG(INFO) Added: freq=92064 size=1900 all=407528 active=30483 piece=ety
bpe_model_trainer.cc(159) LOG(INFO) Updating active symbols. max_freq=91933 min_freq=2503
bpe_model_trainer.cc(268) LOG(INFO) Added: freq=91307 size=1920 all=409741 active=22405 piece=Γûüstudent
bpe_model_trainer.cc(268) LOG(INFO) Added: freq=90072 size=1940 all=413144 active=25808 piece=ober
bpe_model_trainer.cc(268) LOG(INFO) Added: freq=89182 size=1960 all=414152 active=26816 piece=wh
bpe_model_trainer.cc(268) LOG(INFO) Added: freq=87796 size=1980 all=415686 active=28350 piece=Γûüstress
bpe_model_trainer.cc(268) LOG(INFO) Added: freq=86832 size=2000 all=418808 active=31472 piece=gest
bpe_model_trainer.cc(159) LOG(INFO) Updating active symbols. max_freq=86814 min_freq=2398
bpe_model_trainer.cc(268) LOG(INFO) Added: freq=85908 size=2020 all=421011 active=22992 piece=Γûüfail
bpe_model_trainer.cc(268) LOG(INFO) Added: freq=85459 size=2040 all=423124 active=25105 piece=Γûücomputer
bpe_model_trainer.cc(268) LOG(INFO) Added: freq=84311 size=2060 all=424990 active=26971 piece=Γûügas
bpe_model_trainer.cc(268) LOG(INFO) Added: freq=83420 size=2080 all=428631 active=30612 piece=Γûüservices
bpe_model_trainer.cc(268) LOG(INFO) Added: freq=82761 size=2100 all=430178 active=32159 piece=Γûüproduce
bpe_model_trainer.cc(159) LOG(INFO) Updating active symbols. max_freq=82682 min_freq=2299
bpe_model_trainer.cc(268) LOG(INFO) Added: freq=81572 size=2120 all=431859 active=23179 piece=Γûüjob
bpe_model_trainer.cc(268) LOG(INFO) Added: freq=80392 size=2140 all=434765 active=26085 piece=Γûüwriting
bpe_model_trainer.cc(268) LOG(INFO) Added: freq=79093 size=2160 all=437097 active=28417 piece=based
bpe_model_trainer.cc(268) LOG(INFO) Added: freq=78222 size=2180 all=439100 active=30420 piece=Γûütalk
bpe_model_trainer.cc(268) LOG(INFO) Added: freq=77366 size=2200 all=441266 active=32586 piece=Γûüheat
bpe_model_trainer.cc(159) LOG(INFO) Updating active symbols. max_freq=77366 min_freq=2218
bpe_model_trainer.cc(268) LOG(INFO) Added: freq=76596 size=2220 all=442609 active=23380 piece=Γûücontact
bpe_model_trainer.cc(268) LOG(INFO) Added: freq=75735 size=2240 all=444319 active=25090 piece=Γûüarr
bpe_model_trainer.cc(268) LOG(INFO) Added: freq=75229 size=2260 all=445927 active=26698 piece=chan
bpe_model_trainer.cc(268) LOG(INFO) Added: freq=74453 size=2280 all=448796 active=29567 piece=Γûüliter
bpe_model_trainer.cc(268) LOG(INFO) Added: freq=73283 size=2300 all=451330 active=32101 piece=Γûüuses
bpe_model_trainer.cc(159) LOG(INFO) Updating active symbols. max_freq=73230 min_freq=2150
bpe_model_trainer.cc(268) LOG(INFO) Added: freq=72601 size=2320 all=453701 active=24927 piece=Γûüpoll
bpe_model_trainer.cc(268) LOG(INFO) Added: freq=71817 size=2340 all=455687 active=26913 piece=Γûüste
bpe_model_trainer.cc(268) LOG(INFO) Added: freq=71050 size=2360 all=458075 active=29301 piece=ΓûüPart
bpe_model_trainer.cc(268) LOG(INFO) Added: freq=70272 size=2380 all=460360 active=31586 piece=minist
bpe_model_trainer.cc(268) LOG(INFO) Added: freq=69396 size=2400 all=461665 active=32891 piece=ene
bpe_model_trainer.cc(159) LOG(INFO) Updating active symbols. max_freq=69359 min_freq=2067
bpe_model_trainer.cc(268) LOG(INFO) Added: freq=68713 size=2420 all=463861 active=24790 piece=Γûüstandard
bpe_model_trainer.cc(268) LOG(INFO) Added: freq=68077 size=2440 all=465886 active=26815 piece=Γûüdeveloping
bpe_model_trainer.cc(268) LOG(INFO) Added: freq=67291 size=2460 all=467960 active=28889 piece=Γûüremov
bpe_model_trainer.cc(268) LOG(INFO) Added: freq=66835 size=2480 all=469177 active=30106 piece=Γûübab
bpe_model_trainer.cc(268) LOG(INFO) Added: freq=66271 size=2500 all=471240 active=32169 piece=Γûürefer
bpe_model_trainer.cc(159) LOG(INFO) Updating active symbols. max_freq=66248 min_freq=2017
bpe_model_trainer.cc(268) LOG(INFO) Added: freq=65594 size=2520 all=473059 active=25347 piece=Γûünetwork
bpe_model_trainer.cc(268) LOG(INFO) Added: freq=65195 size=2540 all=474939 active=27227 piece=rast
bpe_model_trainer.cc(268) LOG(INFO) Added: freq=64683 size=2560 all=477365 active=29653 piece=ΓûüTw
bpe_model_trainer.cc(268) LOG(INFO) Added: freq=63832 size=2580 all=479461 active=31749 piece=arily
bpe_model_trainer.cc(268) LOG(INFO) Added: freq=63100 size=2600 all=481043 active=33331 piece=Γûülack
bpe_model_trainer.cc(159) LOG(INFO) Updating active symbols. max_freq=63096 min_freq=1941
bpe_model_trainer.cc(268) LOG(INFO) Added: freq=62385 size=2620 all=483431 active=26429 piece=cil
bpe_model_trainer.cc(268) LOG(INFO) Added: freq=61688 size=2640 all=484692 active=27690 piece=Γûüpsych
bpe_model_trainer.cc(268) LOG(INFO) Added: freq=61169 size=2660 all=486346 active=29344 piece=Γûü,
bpe_model_trainer.cc(268) LOG(INFO) Added: freq=60510 size=2680 all=488129 active=31127 piece=ΓûüOct
bpe_model_trainer.cc(268) LOG(INFO) Added: freq=59977 size=2700 all=489589 active=32587 piece=Γûüattempt
bpe_model_trainer.cc(159) LOG(INFO) Updating active symbols. max_freq=59905 min_freq=1882
bpe_model_trainer.cc(268) LOG(INFO) Added: freq=59215 size=2720 all=491307 active=26191 piece=ulated
bpe_model_trainer.cc(268) LOG(INFO) Added: freq=58659 size=2740 all=493295 active=28179 piece=Γûüvit
bpe_model_trainer.cc(268) LOG(INFO) Added: freq=58148 size=2760 all=495872 active=30756 piece=19
bpe_model_trainer.cc(268) LOG(INFO) Added: freq=57575 size=2780 all=499484 active=34368 piece=Γûütri
bpe_model_trainer.cc(268) LOG(INFO) Added: freq=56907 size=2800 all=501501 active=36385 piece=Γûütiss
bpe_model_trainer.cc(159) LOG(INFO) Updating active symbols. max_freq=56856 min_freq=1814
bpe_model_trainer.cc(268) LOG(INFO) Added: freq=56278 size=2820 all=503098 active=26660 piece=Γûüminutes
bpe_model_trainer.cc(268) LOG(INFO) Added: freq=55671 size=2840 all=505487 active=29049 piece=Γûüfeatures
bpe_model_trainer.cc(268) LOG(INFO) Added: freq=55291 size=2860 all=507146 active=30708 piece=Γûüconcent
bpe_model_trainer.cc(268) LOG(INFO) Added: freq=54776 size=2880 all=508221 active=31783 piece=iers
bpe_model_trainer.cc(268) LOG(INFO) Added: freq=54149 size=2900 all=509533 active=33095 piece=itis
bpe_model_trainer.cc(159) LOG(INFO) Updating active symbols. max_freq=54149 min_freq=1763
bpe_model_trainer.cc(268) LOG(INFO) Added: freq=53765 size=2920 all=511883 active=27540 piece=ΓûüServ
bpe_model_trainer.cc(268) LOG(INFO) Added: freq=53245 size=2940 all=513597 active=29254 piece=Γûücivil
bpe_model_trainer.cc(268) LOG(INFO) Added: freq=52797 size=2960 all=515297 active=30954 piece=iter
bpe_model_trainer.cc(268) LOG(INFO) Added: freq=52368 size=2980 all=518079 active=33736 piece=ΓûüRed
bpe_model_trainer.cc(268) LOG(INFO) Added: freq=51989 size=3000 all=519473 active=35130 piece=vant
bpe_model_trainer.cc(159) LOG(INFO) Updating active symbols. max_freq=51989 min_freq=1707
bpe_model_trainer.cc(268) LOG(INFO) Added: freq=51736 size=3020 all=521824 active=28170 piece=ΓûüJanuary
bpe_model_trainer.cc(268) LOG(INFO) Added: freq=51379 size=3040 all=523688 active=30034 piece=Γûüsurround
bpe_model_trainer.cc(268) LOG(INFO) Added: freq=50926 size=3060 all=524552 active=30898 piece=Γûütable
bpe_model_trainer.cc(268) LOG(INFO) Added: freq=50476 size=3080 all=526345 active=32691 piece=back
bpe_model_trainer.cc(268) LOG(INFO) Added: freq=50150 size=3100 all=527485 active=33831 piece=ΓûüGreat
bpe_model_trainer.cc(159) LOG(INFO) Updating active symbols. max_freq=50097 min_freq=1658
bpe_model_trainer.cc(268) LOG(INFO) Added: freq=49735 size=3120 all=528712 active=27560 piece=ΓûüDis
bpe_model_trainer.cc(268) LOG(INFO) Added: freq=49334 size=3140 all=531418 active=30266 piece=bit
bpe_model_trainer.cc(268) LOG(INFO) Added: freq=48860 size=3160 all=533159 active=32007 piece=Γûüult
bpe_model_trainer.cc(268) LOG(INFO) Added: freq=48581 size=3180 all=535126 active=33974 piece=Γûütherapy
bpe_model_trainer.cc(268) LOG(INFO) Added: freq=48213 size=3200 all=537910 active=36758 piece=Γûücapac
bpe_model_trainer.cc(159) LOG(INFO) Updating active symbols. max_freq=48210 min_freq=1606
bpe_model_trainer.cc(268) LOG(INFO) Added: freq=47882 size=3220 all=540875 active=29849 piece=ΓûüDecember
bpe_model_trainer.cc(268) LOG(INFO) Added: freq=47536 size=3240 all=542214 active=31188 piece=Γûübirds
bpe_model_trainer.cc(268) LOG(INFO) Added: freq=47213 size=3260 all=544029 active=33003 piece=ΓûüVir
bpe_model_trainer.cc(268) LOG(INFO) Added: freq=46709 size=3280 all=545497 active=34471 piece=Γûüaffected
bpe_model_trainer.cc(268) LOG(INFO) Added: freq=46310 size=3300 all=547469 active=36443 piece=Γûüproviding
bpe_model_trainer.cc(159) LOG(INFO) Updating active symbols. max_freq=46262 min_freq=1559
bpe_model_trainer.cc(268) LOG(INFO) Added: freq=45975 size=3320 all=548433 active=28335 piece=oke
bpe_model_trainer.cc(268) LOG(INFO) Added: freq=45645 size=3340 all=549876 active=29778 piece=Γûümention
bpe_model_trainer.cc(268) LOG(INFO) Added: freq=45315 size=3360 all=551377 active=31279 piece=Γûümis
bpe_model_trainer.cc(268) LOG(INFO) Added: freq=44971 size=3380 all=553000 active=32902 piece=ΓûüAut
bpe_model_trainer.cc(268) LOG(INFO) Added: freq=44584 size=3400 all=555963 active=35865 piece=ΓûüIr
bpe_model_trainer.cc(159) LOG(INFO) Updating active symbols. max_freq=44581 min_freq=1513
bpe_model_trainer.cc(268) LOG(INFO) Added: freq=44130 size=3420 all=558374 active=30080 piece=Γûüleave
bpe_model_trainer.cc(268) LOG(INFO) Added: freq=43814 size=3440 all=561214 active=32920 piece=ΓûüChurch
bpe_model_trainer.cc(268) LOG(INFO) Added: freq=43448 size=3460 all=562319 active=34025 piece=Γûüeffort
bpe_model_trainer.cc(268) LOG(INFO) Added: freq=43251 size=3480 all=563912 active=35618 piece=Γûüfear
bpe_model_trainer.cc(268) LOG(INFO) Added: freq=42931 size=3500 all=565625 active=37331 piece=cast
bpe_model_trainer.cc(159) LOG(INFO) Updating active symbols. max_freq=42889 min_freq=1469
bpe_model_trainer.cc(268) LOG(INFO) Added: freq=42586 size=3520 all=567206 active=29603 piece=Γûügarden
bpe_model_trainer.cc(268) LOG(INFO) Added: freq=42214 size=3540 all=569711 active=32108 piece=Γûüalone
bpe_model_trainer.cc(268) LOG(INFO) Added: freq=41723 size=3560 all=573448 active=35845 piece=Γûüreligious
bpe_model_trainer.cc(268) LOG(INFO) Added: freq=41282 size=3580 all=576293 active=38690 piece=Γûüanx
bpe_model_trainer.cc(268) LOG(INFO) Added: freq=40914 size=3600 all=578092 active=40489 piece=Γûüfair
bpe_model_trainer.cc(159) LOG(INFO) Updating active symbols. max_freq=40897 min_freq=1418
bpe_model_trainer.cc(268) LOG(INFO) Added: freq=40556 size=3620 all=580121 active=30900 piece=ΓûüJournal
bpe_model_trainer.cc(268) LOG(INFO) Added: freq=40322 size=3640 all=580964 active=31743 piece=Γûütoward
bpe_model_trainer.cc(268) LOG(INFO) Added: freq=40060 size=3660 all=581908 active=32687 piece=Γûücontinued
bpe_model_trainer.cc(268) LOG(INFO) Added: freq=39783 size=3680 all=583316 active=34095 piece=Γûübreast
bpe_model_trainer.cc(268) LOG(INFO) Added: freq=39443 size=3700 all=584193 active=34972 piece=ΓûüBel
bpe_model_trainer.cc(159) LOG(INFO) Updating active symbols. max_freq=39434 min_freq=1389
bpe_model_trainer.cc(268) LOG(INFO) Added: freq=39187 size=3720 all=585348 active=30124 piece=Γûüpick
bpe_model_trainer.cc(268) LOG(INFO) Added: freq=38973 size=3740 all=587063 active=31839 piece=mp
bpe_model_trainer.cc(268) LOG(INFO) Added: freq=38661 size=3760 all=589597 active=34373 piece=rome
bpe_model_trainer.cc(268) LOG(INFO) Added: freq=38473 size=3780 all=590675 active=35451 piece=ΓûüReferences
bpe_model_trainer.cc(268) LOG(INFO) Added: freq=38261 size=3800 all=592918 active=37694 piece=Γûüplans
bpe_model_trainer.cc(159) LOG(INFO) Updating active symbols. max_freq=38254 min_freq=1353
bpe_model_trainer.cc(268) LOG(INFO) Added: freq=38030 size=3820 all=595243 active=31963 piece=ΓûüTex
bpe_model_trainer.cc(268) LOG(INFO) Added: freq=37784 size=3840 all=598662 active=35382 piece=ΓûüTH
bpe_model_trainer.cc(268) LOG(INFO) Added: freq=37379 size=3860 all=600622 active=37342 piece=Γûüserved
bpe_model_trainer.cc(268) LOG(INFO) Added: freq=37104 size=3880 all=602317 active=39037 piece=Γûümal
bpe_model_trainer.cc(268) LOG(INFO) Added: freq=36873 size=3900 all=603850 active=40570 piece=Γûütooth
bpe_model_trainer.cc(159) LOG(INFO) Updating active symbols. max_freq=36870 min_freq=1307
bpe_model_trainer.cc(268) LOG(INFO) Added: freq=36541 size=3920 all=605229 active=31552 piece=ares
bpe_model_trainer.cc(268) LOG(INFO) Added: freq=36122 size=3940 all=606206 active=32529 piece=rab
bpe_model_trainer.cc(268) LOG(INFO) Added: freq=35844 size=3960 all=608132 active=34455 piece=ΓûüTreat
bpe_model_trainer.cc(268) LOG(INFO) Added: freq=35533 size=3980 all=609111 active=35434 piece=Γûütour
bpe_model_trainer.cc(268) LOG(INFO) Added: freq=35197 size=4000 all=610207 active=36530 piece=ΓûüMount
bpe_model_trainer.cc(159) LOG(INFO) Updating active symbols. max_freq=35181 min_freq=1284
bpe_model_trainer.cc(268) LOG(INFO) Added: freq=35001 size=4020 all=611836 active=32087 piece=ΓûüOrgan
bpe_model_trainer.cc(268) LOG(INFO) Added: freq=34712 size=4040 all=613525 active=33776 piece=ΓûüStep
bpe_model_trainer.cc(268) LOG(INFO) Added: freq=34536 size=4060 all=615253 active=35504 piece=Γûüded
bpe_model_trainer.cc(268) LOG(INFO) Added: freq=34358 size=4080 all=617284 active=37535 piece=Γûümut
bpe_model_trainer.cc(268) LOG(INFO) Added: freq=34091 size=4100 all=618754 active=39005 piece=Γûüalg
bpe_model_trainer.cc(159) LOG(INFO) Updating active symbols. max_freq=34076 min_freq=1252
bpe_model_trainer.cc(268) LOG(INFO) Added: freq=33930 size=4120 all=620376 active=32514 piece=ulf
bpe_model_trainer.cc(268) LOG(INFO) Added: freq=33792 size=4140 all=622413 active=34551 piece=ΓûüMal
bpe_model_trainer.cc(268) LOG(INFO) Added: freq=33556 size=4160 all=624075 active=36213 piece=Γûüproperly
bpe_model_trainer.cc(268) LOG(INFO) Added: freq=33328 size=4180 all=625631 active=37769 piece=ΓûüUp
bpe_model_trainer.cc(268) LOG(INFO) Added: freq=33171 size=4200 all=628661 active=40799 piece=ΓûüBas
bpe_model_trainer.cc(159) LOG(INFO) Updating active symbols. max_freq=33153 min_freq=1214
bpe_model_trainer.cc(268) LOG(INFO) Added: freq=32865 size=4220 all=630219 active=32817 piece=icians
bpe_model_trainer.cc(268) LOG(INFO) Added: freq=32621 size=4240 all=631215 active=33813 piece=lim
bpe_model_trainer.cc(268) LOG(INFO) Added: freq=32494 size=4260 all=632873 active=35471 piece=ΓûüMart
bpe_model_trainer.cc(268) LOG(INFO) Added: freq=32310 size=4280 all=634655 active=37253 piece=poses
bpe_model_trainer.cc(268) LOG(INFO) Added: freq=32071 size=4300 all=635927 active=38525 piece=Γûüupper
bpe_model_trainer.cc(159) LOG(INFO) Updating active symbols. max_freq=32069 min_freq=1190
bpe_model_trainer.cc(268) LOG(INFO) Added: freq=31861 size=4320 all=637830 active=33683 piece=ags
bpe_model_trainer.cc(268) LOG(INFO) Added: freq=31611 size=4340 all=638870 active=34723 piece=Γûütum
bpe_model_trainer.cc(268) LOG(INFO) Added: freq=31447 size=4360 all=639805 active=35658 piece=acing
bpe_model_trainer.cc(268) LOG(INFO) Added: freq=31283 size=4380 all=641166 active=37019 piece=do
bpe_model_trainer.cc(268) LOG(INFO) Added: freq=31171 size=4400 all=643541 active=39394 piece=Γûüexposed
bpe_model_trainer.cc(159) LOG(INFO) Updating active symbols. max_freq=31161 min_freq=1167
bpe_model_trainer.cc(268) LOG(INFO) Added: freq=30945 size=4420 all=645381 active=34015 piece=Γûüatmosphere
bpe_model_trainer.cc(268) LOG(INFO) Added: freq=30811 size=4440 all=646604 active=35238 piece=othes
bpe_model_trainer.cc(268) LOG(INFO) Added: freq=30644 size=4460 all=647936 active=36570 piece=Γûübird
bpe_model_trainer.cc(268) LOG(INFO) Added: freq=30513 size=4480 all=650369 active=39003 piece=ΓûüGovernment
bpe_model_trainer.cc(268) LOG(INFO) Added: freq=30309 size=4500 all=651629 active=40263 piece=Γûüawareness
bpe_model_trainer.cc(159) LOG(INFO) Updating active symbols. max_freq=30305 min_freq=1143
bpe_model_trainer.cc(268) LOG(INFO) Added: freq=30125 size=4520 all=652652 active=33597 piece=ΓûüLake
bpe_model_trainer.cc(268) LOG(INFO) Added: freq=29960 size=4540 all=655445 active=36390 piece=Γûüwet
bpe_model_trainer.cc(268) LOG(INFO) Added: freq=29795 size=4560 all=657769 active=38714 piece=ilit
bpe_model_trainer.cc(268) LOG(INFO) Added: freq=29590 size=4580 all=658677 active=39622 piece=Γûügender
bpe_model_trainer.cc(268) LOG(INFO) Added: freq=29394 size=4600 all=660207 active=41152 piece=Γûücere
bpe_model_trainer.cc(159) LOG(INFO) Updating active symbols. max_freq=29389 min_freq=1118
bpe_model_trainer.cc(268) LOG(INFO) Added: freq=29220 size=4620 all=661644 active=34422 piece=inger
bpe_model_trainer.cc(268) LOG(INFO) Added: freq=29016 size=4640 all=663331 active=36109 piece=Γûütitle
bpe_model_trainer.cc(268) LOG(INFO) Added: freq=28867 size=4660 all=664753 active=37531 piece=Γûüaffects
bpe_model_trainer.cc(268) LOG(INFO) Added: freq=28659 size=4680 all=665767 active=38545 piece=Γûüprocedure
bpe_model_trainer.cc(268) LOG(INFO) Added: freq=28478 size=4700 all=666595 active=39373 piece=Γûüsmart
bpe_model_trainer.cc(159) LOG(INFO) Updating active symbols. max_freq=28475 min_freq=1098
bpe_model_trainer.cc(268) LOG(INFO) Added: freq=28322 size=4720 all=667412 active=34097 piece=umin
bpe_model_trainer.cc(268) LOG(INFO) Added: freq=28188 size=4740 all=669059 active=35744 piece=Γûüconfirm
bpe_model_trainer.cc(268) LOG(INFO) Added: freq=27981 size=4760 all=670715 active=37400 piece=Γûügenes
bpe_model_trainer.cc(268) LOG(INFO) Added: freq=27822 size=4780 all=672450 active=39135 piece=ΓûüLand
bpe_model_trainer.cc(268) LOG(INFO) Added: freq=27688 size=4800 all=674633 active=41318 piece=Γûüideal
bpe_model_trainer.cc(159) LOG(INFO) Updating active symbols. max_freq=27677 min_freq=1074
bpe_model_trainer.cc(268) LOG(INFO) Added: freq=27511 size=4820 all=676215 active=35283 piece=ΓûüSaf
bpe_model_trainer.cc(268) LOG(INFO) Added: freq=27322 size=4840 all=677428 active=36496 piece=90
bpe_model_trainer.cc(268) LOG(INFO) Added: freq=27140 size=4860 all=679506 active=38574 piece=osa
bpe_model_trainer.cc(268) LOG(INFO) Added: freq=26942 size=4880 all=681596 active=40664 piece=ΓûüVis
bpe_model_trainer.cc(268) LOG(INFO) Added: freq=26749 size=4900 all=683287 active=42355 piece=Γûü2000
bpe_model_trainer.cc(159) LOG(INFO) Updating active symbols. max_freq=26745 min_freq=1049
bpe_model_trainer.cc(268) LOG(INFO) Added: freq=26618 size=4920 all=685278 active=36076 piece=otic
bpe_model_trainer.cc(268) LOG(INFO) Added: freq=26511 size=4940 all=686613 active=37411 piece=Γûübill
bpe_model_trainer.cc(268) LOG(INFO) Added: freq=26356 size=4960 all=688253 active=39051 piece=ΓûüBC
bpe_model_trainer.cc(268) LOG(INFO) Added: freq=26228 size=4980 all=689542 active=40340 piece=rations
bpe_model_trainer.cc(268) LOG(INFO) Added: freq=26128 size=5000 all=690203 active=41001 piece=Γûüsamples
bpe_model_trainer.cc(159) LOG(INFO) Updating active symbols. max_freq=26088 min_freq=1030
bpe_model_trainer.cc(268) LOG(INFO) Added: freq=25935 size=5020 all=691330 active=35630 piece=Γûülargely
bpe_model_trainer.cc(268) LOG(INFO) Added: freq=25769 size=5040 all=693445 active=37745 piece=Γûücomponent
bpe_model_trainer.cc(268) LOG(INFO) Added: freq=25633 size=5060 all=695507 active=39807 piece=Γûüresponsibility
bpe_model_trainer.cc(268) LOG(INFO) Added: freq=25488 size=5080 all=697630 active=41930 piece=Γûüotherwise
bpe_model_trainer.cc(268) LOG(INFO) Added: freq=25307 size=5100 all=699267 active=43567 piece=Γûüdental
bpe_model_trainer.cc(159) LOG(INFO) Updating active symbols. max_freq=25301 min_freq=1009
bpe_model_trainer.cc(268) LOG(INFO) Added: freq=25167 size=5120 all=700481 active=36167 piece=Γûüclosed
bpe_model_trainer.cc(268) LOG(INFO) Added: freq=25085 size=5140 all=701995 active=37681 piece=ΓûüHam
bpe_model_trainer.cc(268) LOG(INFO) Added: freq=24924 size=5160 all=704407 active=40093 piece=Γûüphenomen
bpe_model_trainer.cc(268) LOG(INFO) Added: freq=24767 size=5180 all=705755 active=41441 piece=Γûüstarts
bpe_model_trainer.cc(268) LOG(INFO) Added: freq=24692 size=5200 all=706712 active=42398 piece=Γûürequest
bpe_model_trainer.cc(159) LOG(INFO) Updating active symbols. max_freq=24685 min_freq=988
bpe_model_trainer.cc(268) LOG(INFO) Added: freq=24588 size=5220 all=708874 active=37484 piece=which
bpe_model_trainer.cc(268) LOG(INFO) Added: freq=24452 size=5240 all=711296 active=39906 piece=Γûütouch
bpe_model_trainer.cc(268) LOG(INFO) Added: freq=24312 size=5260 all=712024 active=40634 piece=agues
bpe_model_trainer.cc(268) LOG(INFO) Added: freq=24229 size=5280 all=713001 active=41611 piece=ΓûüClick
bpe_model_trainer.cc(268) LOG(INFO) Added: freq=24100 size=5300 all=715504 active=44114 piece=Γûüwarming
bpe_model_trainer.cc(159) LOG(INFO) Updating active symbols. max_freq=24099 min_freq=967
bpe_model_trainer.cc(268) LOG(INFO) Added: freq=23987 size=5320 all=717794 active=38059 piece=Γûütiny
bpe_model_trainer.cc(268) LOG(INFO) Added: freq=23862 size=5340 all=719077 active=39342 piece=Γûüselected
bpe_model_trainer.cc(268) LOG(INFO) Added: freq=23731 size=5360 all=720123 active=40388 piece=Γûüpretty
bpe_model_trainer.cc(268) LOG(INFO) Added: freq=23548 size=5380 all=723398 active=43663 piece=ΓûüCre
bpe_model_trainer.cc(268) LOG(INFO) Added: freq=23364 size=5400 all=725129 active=45394 piece=stream
bpe_model_trainer.cc(159) LOG(INFO) Updating active symbols. max_freq=23363 min_freq=944
bpe_model_trainer.cc(268) LOG(INFO) Added: freq=23232 size=5420 all=726942 active=37942 piece=Γûüpray
bpe_model_trainer.cc(268) LOG(INFO) Added: freq=23042 size=5440 all=728377 active=39377 piece=Γûümovements
bpe_model_trainer.cc(268) LOG(INFO) Added: freq=22887 size=5460 all=729148 active=40148 piece=ΓûüOh
bpe_model_trainer.cc(268) LOG(INFO) Added: freq=22782 size=5480 all=730001 active=41001 piece=Γûüprofessionals
bpe_model_trainer.cc(268) LOG(INFO) Added: freq=22689 size=5500 all=731061 active=42061 piece=Γûütail
bpe_model_trainer.cc(159) LOG(INFO) Updating active symbols. max_freq=22685 min_freq=928
bpe_model_trainer.cc(268) LOG(INFO) Added: freq=22568 size=5520 all=732503 active=37955 piece=Γûübudget
bpe_model_trainer.cc(268) LOG(INFO) Added: freq=22476 size=5540 all=734950 active=40402 piece=Γûümarine
bpe_model_trainer.cc(268) LOG(INFO) Added: freq=22365 size=5560 all=735988 active=41440 piece=vironments
bpe_model_trainer.cc(268) LOG(INFO) Added: freq=22267 size=5580 all=737275 active=42727 piece=ada
bpe_model_trainer.cc(268) LOG(INFO) Added: freq=22193 size=5600 all=738924 active=44376 piece=Γûüpull
bpe_model_trainer.cc(159) LOG(INFO) Updating active symbols. max_freq=22186 min_freq=912
bpe_model_trainer.cc(268) LOG(INFO) Added: freq=22095 size=5620 all=739982 active=37966 piece=Γûüchief
bpe_model_trainer.cc(268) LOG(INFO) Added: freq=21957 size=5640 all=741752 active=39736 piece=inet
bpe_model_trainer.cc(268) LOG(INFO) Added: freq=21847 size=5660 all=743250 active=41234 piece=Γûüregional
bpe_model_trainer.cc(268) LOG(INFO) Added: freq=21720 size=5680 all=744025 active=42009 piece=Γûüdream
bpe_model_trainer.cc(268) LOG(INFO) Added: freq=21622 size=5700 all=745751 active=43735 piece=ΓûüOcean
bpe_model_trainer.cc(159) LOG(INFO) Updating active symbols. max_freq=21616 min_freq=897
bpe_model_trainer.cc(268) LOG(INFO) Added: freq=21529 size=5720 all=746775 active=38247 piece=zen
bpe_model_trainer.cc(268) LOG(INFO) Added: freq=21429 size=5740 all=749506 active=40978 piece=kes
bpe_model_trainer.cc(268) LOG(INFO) Added: freq=21329 size=5760 all=752375 active=43847 piece=tra
bpe_model_trainer.cc(268) LOG(INFO) Added: freq=21230 size=5780 all=755080 active=46552 piece=Γûüunknown
bpe_model_trainer.cc(268) LOG(INFO) Added: freq=21104 size=5800 all=756187 active=47659 piece=uation
bpe_model_trainer.cc(159) LOG(INFO) Updating active symbols. max_freq=21103 min_freq=874
bpe_model_trainer.cc(268) LOG(INFO) Added: freq=21051 size=5820 all=756747 active=38284 piece=Γûüelectron
bpe_model_trainer.cc(268) LOG(INFO) Added: freq=20950 size=5840 all=758195 active=39732 piece=Γûüparties
bpe_model_trainer.cc(268) LOG(INFO) Added: freq=20894 size=5860 all=759085 active=40622 piece=ΓûüRichard
bpe_model_trainer.cc(268) LOG(INFO) Added: freq=20813 size=5880 all=761453 active=42990 piece=rd
bpe_model_trainer.cc(268) LOG(INFO) Added: freq=20697 size=5900 all=763518 active=45055 piece=Γûütall
bpe_model_trainer.cc(159) LOG(INFO) Updating active symbols. max_freq=20696 min_freq=857
bpe_model_trainer.cc(268) LOG(INFO) Added: freq=20605 size=5920 all=765563 active=40186 piece=Γûüjoin
bpe_model_trainer.cc(268) LOG(INFO) Added: freq=20508 size=5940 all=766609 active=41232 piece=Γûüunless
bpe_model_trainer.cc(268) LOG(INFO) Added: freq=20398 size=5960 all=768048 active=42671 piece=ΓûüSil
bpe_model_trainer.cc(268) LOG(INFO) Added: freq=20309 size=5980 all=770798 active=45421 piece=ΓûüCommit
bpe_model_trainer.cc(268) LOG(INFO) Added: freq=20189 size=6000 all=772349 active=46972 piece=Γûücompetition
bpe_model_trainer.cc(159) LOG(INFO) Updating active symbols. max_freq=20186 min_freq=840
bpe_model_trainer.cc(268) LOG(INFO) Added: freq=20097 size=6020 all=773669 active=39928 piece=ΓûüSciences
bpe_model_trainer.cc(268) LOG(INFO) Added: freq=19995 size=6040 all=775660 active=41919 piece=print
bpe_model_trainer.cc(268) LOG(INFO) Added: freq=19867 size=6060 all=777819 active=44078 piece=ΓûüMeth
bpe_model_trainer.cc(268) LOG(INFO) Added: freq=19786 size=6080 all=779159 active=45418 piece=Γûügrew
bpe_model_trainer.cc(268) LOG(INFO) Added: freq=19661 size=6100 all=781106 active=47365 piece=Γûüinner
bpe_model_trainer.cc(159) LOG(INFO) Updating active symbols. max_freq=19661 min_freq=821
bpe_model_trainer.cc(268) LOG(INFO) Added: freq=19581 size=6120 all=782863 active=40791 piece=Γûüfu
bpe_model_trainer.cc(268) LOG(INFO) Added: freq=19501 size=6140 all=783722 active=41650 piece=Γûüax
bpe_model_trainer.cc(268) LOG(INFO) Added: freq=19426 size=6160 all=785315 active=43243 piece=Γûüconventional
bpe_model_trainer.cc(268) LOG(INFO) Added: freq=19337 size=6180 all=786844 active=44772 piece=Γûürepresented
bpe_model_trainer.cc(268) LOG(INFO) Added: freq=19214 size=6200 all=788865 active=46793 piece=hyth
bpe_model_trainer.cc(159) LOG(INFO) Updating active symbols. max_freq=19214 min_freq=805
bpe_model_trainer.cc(268) LOG(INFO) Added: freq=19104 size=6220 all=790018 active=40568 piece=Γûüartist
bpe_model_trainer.cc(268) LOG(INFO) Added: freq=19011 size=6240 all=792147 active=42697 piece=Γûühole
bpe_model_trainer.cc(268) LOG(INFO) Added: freq=18909 size=6260 all=792905 active=43455 piece=LA
bpe_model_trainer.cc(268) LOG(INFO) Added: freq=18819 size=6280 all=794294 active=44844 piece=rid
bpe_model_trainer.cc(268) LOG(INFO) Added: freq=18754 size=6300 all=795541 active=46091 piece=Γûübread
bpe_model_trainer.cc(159) LOG(INFO) Updating active symbols. max_freq=18750 min_freq=791
bpe_model_trainer.cc(268) LOG(INFO) Added: freq=18672 size=6320 all=796770 active=40985 piece=ediatric
bpe_model_trainer.cc(268) LOG(INFO) Added: freq=18588 size=6340 all=798011 active=42226 piece=ΓûüIrish
bpe_model_trainer.cc(268) LOG(INFO) Added: freq=18512 size=6360 all=799019 active=43234 piece=Γûüblocks
bpe_model_trainer.cc(268) LOG(INFO) Added: freq=18426 size=6380 all=800531 active=44746 piece=antly
bpe_model_trainer.cc(268) LOG(INFO) Added: freq=18364 size=6400 all=801311 active=45526 piece=elled
bpe_model_trainer.cc(159) LOG(INFO) Updating active symbols. max_freq=18364 min_freq=781
bpe_model_trainer.cc(268) LOG(INFO) Added: freq=18279 size=6420 all=803224 active=41889 piece=ΓûüTim
bpe_model_trainer.cc(268) LOG(INFO) Added: freq=18190 size=6440 all=803945 active=42610 piece=ΓûüCommunity
bpe_model_trainer.cc(268) LOG(INFO) Added: freq=18092 size=6460 all=804941 active=43606 piece=Γûüphysics
bpe_model_trainer.cc(268) LOG(INFO) Added: freq=17979 size=6480 all=805858 active=44523 piece=how
bpe_model_trainer.cc(268) LOG(INFO) Added: freq=17912 size=6500 all=807441 active=46106 piece=abled
bpe_model_trainer.cc(159) LOG(INFO) Updating active symbols. max_freq=17900 min_freq=768
bpe_model_trainer.cc(268) LOG(INFO) Added: freq=17808 size=6520 all=809325 active=42192 piece=Γûüdistur
bpe_model_trainer.cc(268) LOG(INFO) Added: freq=17707 size=6540 all=810613 active=43480 piece=Γûümood
bpe_model_trainer.cc(268) LOG(INFO) Added: freq=17602 size=6560 all=811869 active=44736 piece=Γûüvoltage
bpe_model_trainer.cc(268) LOG(INFO) Added: freq=17554 size=6580 all=813052 active=45919 piece=Γûüirrit
bpe_model_trainer.cc(268) LOG(INFO) Added: freq=17491 size=6600 all=815381 active=48248 piece=Γûüalle
bpe_model_trainer.cc(159) LOG(INFO) Updating active symbols. max_freq=17491 min_freq=754
bpe_model_trainer.cc(268) LOG(INFO) Added: freq=17441 size=6620 all=816516 active=41868 piece=idespread
bpe_model_trainer.cc(268) LOG(INFO) Added: freq=17365 size=6640 all=817708 active=43060 piece=Γûüingredients
bpe_model_trainer.cc(268) LOG(INFO) Added: freq=17292 size=6660 all=817976 active=43328 piece=andon
bpe_model_trainer.cc(268) LOG(INFO) Added: freq=17213 size=6680 all=818734 active=44086 piece=Γûüchrom
bpe_model_trainer.cc(268) LOG(INFO) Added: freq=17081 size=6700 all=820215 active=45567 piece=Γûürely
bpe_model_trainer.cc(159) LOG(INFO) Updating active symbols. max_freq=17077 min_freq=745
bpe_model_trainer.cc(268) LOG(INFO) Added: freq=17010 size=6720 all=822279 active=43073 piece=quit
bpe_model_trainer.cc(268) LOG(INFO) Added: freq=16961 size=6740 all=823040 active=43834 piece=ΓûüSafety
bpe_model_trainer.cc(268) LOG(INFO) Added: freq=16867 size=6760 all=825146 active=45940 piece=Γûüpharm
bpe_model_trainer.cc(268) LOG(INFO) Added: freq=16809 size=6780 all=827514 active=48308 piece=Γûüdecor
bpe_model_trainer.cc(268) LOG(INFO) Added: freq=16712 size=6800 all=828649 active=49443 piece=Γûüille
bpe_model_trainer.cc(159) LOG(INFO) Updating active symbols. max_freq=16709 min_freq=731
bpe_model_trainer.cc(268) LOG(INFO) Added: freq=16659 size=6820 all=830075 active=42849 piece=Γûüeditor
bpe_model_trainer.cc(268) LOG(INFO) Added: freq=16601 size=6840 all=830472 active=43246 piece=ΓÇô19
bpe_model_trainer.cc(268) LOG(INFO) Added: freq=16564 size=6860 all=831634 active=44408 piece=avery
bpe_model_trainer.cc(268) LOG(INFO) Added: freq=16521 size=6880 all=833332 active=46106 piece=Γûürecommendations
bpe_model_trainer.cc(268) LOG(INFO) Added: freq=16451 size=6900 all=834962 active=47736 piece=ΓûüLiter
bpe_model_trainer.cc(159) LOG(INFO) Updating active symbols. max_freq=16451 min_freq=721
bpe_model_trainer.cc(268) LOG(INFO) Added: freq=16371 size=6920 all=835630 active=42385 piece=Γûüstatistics
bpe_model_trainer.cc(268) LOG(INFO) Added: freq=16321 size=6940 all=837577 active=44332 piece=Γûüneur
bpe_model_trainer.cc(268) LOG(INFO) Added: freq=16255 size=6960 all=839485 active=46240 piece=Γûüminute
bpe_model_trainer.cc(268) LOG(INFO) Added: freq=16191 size=6980 all=840905 active=47660 piece=Γûüparticipation
bpe_model_trainer.cc(268) LOG(INFO) Added: freq=16124 size=7000 all=841886 active=48641 piece=Γûüspin
bpe_model_trainer.cc(159) LOG(INFO) Updating active symbols. max_freq=16123 min_freq=708
bpe_model_trainer.cc(268) LOG(INFO) Added: freq=16038 size=7020 all=842999 active=43133 piece=-7
bpe_model_trainer.cc(268) LOG(INFO) Added: freq=15987 size=7040 all=844600 active=44734 piece=Γûütexts
bpe_model_trainer.cc(268) LOG(INFO) Added: freq=15903 size=7060 all=846172 active=46306 piece=ioxid
bpe_model_trainer.cc(268) LOG(INFO) Added: freq=15834 size=7080 all=847044 active=47178 piece=Γûüanywhere
bpe_model_trainer.cc(268) LOG(INFO) Added: freq=15775 size=7100 all=848575 active=48709 piece=ΓûüNaz
bpe_model_trainer.cc(159) LOG(INFO) Updating active symbols. max_freq=15775 min_freq=698
bpe_model_trainer.cc(268) LOG(INFO) Added: freq=15707 size=7120 all=849509 active=43263 piece=Γûümm
bpe_model_trainer.cc(268) LOG(INFO) Added: freq=15650 size=7140 all=850707 active=44461 piece=Γûücontemporary
bpe_model_trainer.cc(268) LOG(INFO) Added: freq=15587 size=7160 all=852198 active=45952 piece=Γûüadds
bpe_model_trainer.cc(268) LOG(INFO) Added: freq=15528 size=7180 all=853680 active=47434 piece=ΓûüJohnson
bpe_model_trainer.cc(268) LOG(INFO) Added: freq=15467 size=7200 all=854529 active=48283 piece=Γûühazard
bpe_model_trainer.cc(159) LOG(INFO) Updating active symbols. max_freq=15461 min_freq=687
bpe_model_trainer.cc(268) LOG(INFO) Added: freq=15414 size=7220 all=856743 active=44933 piece=hythm
bpe_model_trainer.cc(268) LOG(INFO) Added: freq=15367 size=7240 all=858196 active=46386 piece=Γûüinsert
bpe_model_trainer.cc(268) LOG(INFO) Added: freq=15302 size=7260 all=859251 active=47441 piece=Γûüdirected
bpe_model_trainer.cc(268) LOG(INFO) Added: freq=15231 size=7280 all=860299 active=48489 piece=Γûütheore
bpe_model_trainer.cc(268) LOG(INFO) Added: freq=15176 size=7300 all=862233 active=50423 piece=Γûüpresents
bpe_model_trainer.cc(159) LOG(INFO) Updating active symbols. max_freq=15174 min_freq=677
bpe_model_trainer.cc(268) LOG(INFO) Added: freq=15118 size=7320 all=863190 active=44065 piece=ΓûüWay
bpe_model_trainer.cc(268) LOG(INFO) Added: freq=15058 size=7340 all=864268 active=45143 piece=icy
bpe_model_trainer.cc(268) LOG(INFO) Added: freq=14975 size=7360 all=865704 active=46579 piece=Γûüfinds
bpe_model_trainer.cc(268) LOG(INFO) Added: freq=14897 size=7380 all=866373 active=47248 piece=Γûühardware
bpe_model_trainer.cc(268) LOG(INFO) Added: freq=14830 size=7400 all=867738 active=48613 piece=Γûüdisabilities
bpe_model_trainer.cc(159) LOG(INFO) Updating active symbols. max_freq=14829 min_freq=670
bpe_model_trainer.cc(268) LOG(INFO) Added: freq=14780 size=7420 all=868442 active=44087 piece=angle
bpe_model_trainer.cc(268) LOG(INFO) Added: freq=14711 size=7440 all=869999 active=45644 piece=Γûütransp
bpe_model_trainer.cc(268) LOG(INFO) Added: freq=14653 size=7460 all=871534 active=47179 piece=gien
bpe_model_trainer.cc(268) LOG(INFO) Added: freq=14578 size=7480 all=872748 active=48393 piece=ΓûüIncre
bpe_model_trainer.cc(268) LOG(INFO) Added: freq=14533 size=7500 all=874959 active=50604 piece=Γûüweapons
bpe_model_trainer.cc(159) LOG(INFO) Updating active symbols. max_freq=14530 min_freq=660
bpe_model_trainer.cc(268) LOG(INFO) Added: freq=14465 size=7520 all=876939 active=45723 piece=Γûüchances
bpe_model_trainer.cc(268) LOG(INFO) Added: freq=14372 size=7540 all=878033 active=46817 piece=ΓûüImp
bpe_model_trainer.cc(268) LOG(INFO) Added: freq=14305 size=7560 all=879284 active=48068 piece=icals
bpe_model_trainer.cc(268) LOG(INFO) Added: freq=14222 size=7580 all=880825 active=49609 piece=ΓûüPlace
bpe_model_trainer.cc(268) LOG(INFO) Added: freq=14160 size=7600 all=882310 active=51094 piece=Γûüfinger
bpe_model_trainer.cc(159) LOG(INFO) Updating active symbols. max_freq=14150 min_freq=650
bpe_model_trainer.cc(268) LOG(INFO) Added: freq=14117 size=7620 all=884197 active=45974 piece=Γûüsched
bpe_model_trainer.cc(268) LOG(INFO) Added: freq=14057 size=7640 all=885965 active=47742 piece=Γûübirths
bpe_model_trainer.cc(268) LOG(INFO) Added: freq=14001 size=7660 all=887991 active=49768 piece=Γûühidden
bpe_model_trainer.cc(268) LOG(INFO) Added: freq=13940 size=7680 all=889398 active=51175 piece=ΓûüMax
bpe_model_trainer.cc(268) LOG(INFO) Added: freq=13900 size=7700 all=890472 active=52249 piece=Γûüburied
bpe_model_trainer.cc(159) LOG(INFO) Updating active symbols. max_freq=13897 min_freq=639
bpe_model_trainer.cc(268) LOG(INFO) Added: freq=13866 size=7720 all=891784 active=45834 piece=Γûüsuscept
bpe_model_trainer.cc(268) LOG(INFO) Added: freq=13825 size=7740 all=893932 active=47982 piece=aws
bpe_model_trainer.cc(268) LOG(INFO) Added: freq=13769 size=7760 all=894437 active=48487 piece=ΓûüAL
bpe_model_trainer.cc(268) LOG(INFO) Added: freq=13699 size=7780 all=895712 active=49762 piece=Γûüinhabit
bpe_model_trainer.cc(268) LOG(INFO) Added: freq=13644 size=7800 all=897171 active=51221 piece=Γûütong
bpe_model_trainer.cc(159) LOG(INFO) Updating active symbols. max_freq=13638 min_freq=630
bpe_model_trainer.cc(268) LOG(INFO) Added: freq=13591 size=7820 all=898751 active=46412 piece=ΓûüModel
bpe_model_trainer.cc(268) LOG(INFO) Added: freq=13549 size=7840 all=900051 active=47712 piece=aren
bpe_model_trainer.cc(268) LOG(INFO) Added: freq=13498 size=7860 all=900897 active=48558 piece=eness
bpe_model_trainer.cc(268) LOG(INFO) Added: freq=13460 size=7880 all=901863 active=49524 piece=Γûüadm
bpe_model_trainer.cc(268) LOG(INFO) Added: freq=13388 size=7900 all=903021 active=50682 piece=Γûüabsence
bpe_model_trainer.cc(159) LOG(INFO) Updating active symbols. max_freq=13385 min_freq=622
bpe_model_trainer.cc(268) LOG(INFO) Added: freq=13346 size=7920 all=904706 active=46836 piece=Γûüsubstantial
bpe_model_trainer.cc(268) LOG(INFO) Added: freq=13292 size=7940 all=905656 active=47786 piece=Γûüscr
bpe_model_trainer.cc(268) LOG(INFO) Added: freq=13231 size=7960 all=907542 active=49672 piece=Γûüensuring
bpe_model_trainer.cc(268) LOG(INFO) Added: freq=13177 size=7980 all=908507 active=50637 piece=html
bpe_model_trainer.cc(268) LOG(INFO) Added: freq=13123 size=8000 all=910216 active=52346 piece=ΓûüPhysical
bpe_model_trainer.cc(159) LOG(INFO) Updating active symbols. max_freq=13123 min_freq=613
bpe_model_trainer.cc(268) LOG(INFO) Added: freq=13087 size=8020 all=910921 active=46208 piece=Γûükilling
bpe_model_trainer.cc(268) LOG(INFO) Added: freq=13054 size=8040 all=913305 active=48592 piece=ΓûüHeritage
bpe_model_trainer.cc(268) LOG(INFO) Added: freq=12994 size=8060 all=914882 active=50169 piece=Γûüwaiting
bpe_model_trainer.cc(268) LOG(INFO) Added: freq=12934 size=8080 all=915632 active=50919 piece=CE
bpe_model_trainer.cc(268) LOG(INFO) Added: freq=12882 size=8100 all=917606 active=52893 piece=aka
bpe_model_trainer.cc(159) LOG(INFO) Updating active symbols. max_freq=12880 min_freq=603
bpe_model_trainer.cc(268) LOG(INFO) Added: freq=12843 size=8120 all=918700 active=46451 piece=Γûüfur
bpe_model_trainer.cc(268) LOG(INFO) Added: freq=12804 size=8140 all=920102 active=47853 piece=Γûüprofit
bpe_model_trainer.cc(268) LOG(INFO) Added: freq=12766 size=8160 all=921529 active=49280 piece=Γûüprey
bpe_model_trainer.cc(268) LOG(INFO) Added: freq=12710 size=8180 all=922042 active=49793 piece=opher
bpe_model_trainer.cc(268) LOG(INFO) Added: freq=12652 size=8200 all=923252 active=51003 piece=Γûühabitats
bpe_model_trainer.cc(159) LOG(INFO) Updating active symbols. max_freq=12650 min_freq=597
bpe_model_trainer.cc(268) LOG(INFO) Added: freq=12621 size=8220 all=924700 active=47607 piece=Γûülymph
bpe_model_trainer.cc(268) LOG(INFO) Added: freq=12594 size=8240 all=925323 active=48230 piece=orted
bpe_model_trainer.cc(268) LOG(INFO) Added: freq=12554 size=8260 all=926014 active=48921 piece=Γûüevening
bpe_model_trainer.cc(268) LOG(INFO) Added: freq=12518 size=8280 all=927602 active=50509 piece=ΓûüPortug
bpe_model_trainer.cc(268) LOG(INFO) Added: freq=12457 size=8300 all=928286 active=51193 piece=Γûüpromoting
bpe_model_trainer.cc(159) LOG(INFO) Updating active symbols. max_freq=12456 min_freq=591
bpe_model_trainer.cc(268) LOG(INFO) Added: freq=12429 size=8320 all=929854 active=47980 piece=ΓûüAsse
bpe_model_trainer.cc(268) LOG(INFO) Added: freq=12379 size=8340 all=931314 active=49440 piece=Γûüpriority
bpe_model_trainer.cc(268) LOG(INFO) Added: freq=12343 size=8360 all=932335 active=50461 piece=Γûücontinuing
bpe_model_trainer.cc(268) LOG(INFO) Added: freq=12299 size=8380 all=933643 active=51769 piece=Γûüloose
bpe_model_trainer.cc(268) LOG(INFO) Added: freq=12250 size=8400 all=934830 active=52956 piece=Γûüneutral
bpe_model_trainer.cc(159) LOG(INFO) Updating active symbols. max_freq=12247 min_freq=583
bpe_model_trainer.cc(268) LOG(INFO) Added: freq=12210 size=8420 all=935722 active=47607 piece=6).
bpe_model_trainer.cc(268) LOG(INFO) Added: freq=12150 size=8440 all=936964 active=48849 piece=ΓûüSanta
bpe_model_trainer.cc(268) LOG(INFO) Added: freq=12108 size=8460 all=938153 active=50038 piece=pled
bpe_model_trainer.cc(268) LOG(INFO) Added: freq=12072 size=8480 all=939389 active=51274 piece=aware
bpe_model_trainer.cc(268) LOG(INFO) Added: freq=12025 size=8500 all=940078 active=51963 piece=ao
bpe_model_trainer.cc(159) LOG(INFO) Updating active symbols. max_freq=12025 min_freq=576
bpe_model_trainer.cc(268) LOG(INFO) Added: freq=11999 size=8520 all=942364 active=48883 piece=Γûüpersonnel
bpe_model_trainer.cc(268) LOG(INFO) Added: freq=11960 size=8540 all=943447 active=49966 piece=ocated
bpe_model_trainer.cc(268) LOG(INFO) Added: freq=11923 size=8560 all=945206 active=51725 piece=olves
bpe_model_trainer.cc(268) LOG(INFO) Added: freq=11894 size=8580 all=946085 active=52604 piece=raine
bpe_model_trainer.cc(268) LOG(INFO) Added: freq=11864 size=8600 all=947583 active=54102 piece=rison
bpe_model_trainer.cc(159) LOG(INFO) Updating active symbols. max_freq=11861 min_freq=567
bpe_model_trainer.cc(268) LOG(INFO) Added: freq=11822 size=8620 all=948358 active=48111 piece=Γûüregarded
bpe_model_trainer.cc(268) LOG(INFO) Added: freq=11754 size=8640 all=950438 active=50191 piece=Γûüliterally
bpe_model_trainer.cc(268) LOG(INFO) Added: freq=11726 size=8660 all=952635 active=52388 piece=Γûüfascinating
bpe_model_trainer.cc(268) LOG(INFO) Added: freq=11681 size=8680 all=954371 active=54124 piece=regation
bpe_model_trainer.cc(268) LOG(INFO) Added: freq=11629 size=8700 all=955527 active=55280 piece=Γûüwooden
bpe_model_trainer.cc(159) LOG(INFO) Updating active symbols. max_freq=11626 min_freq=558
bpe_model_trainer.cc(268) LOG(INFO) Added: freq=11593 size=8720 all=956609 active=48853 piece=ΓûüAction
bpe_model_trainer.cc(268) LOG(INFO) Added: freq=11544 size=8740 all=959485 active=51729 piece=Γûücalculate
bpe_model_trainer.cc(268) LOG(INFO) Added: freq=11512 size=8760 all=961543 active=53787 piece=Γûücontents
bpe_model_trainer.cc(268) LOG(INFO) Added: freq=11471 size=8780 all=962734 active=54978 piece=Γûüentit
bpe_model_trainer.cc(268) LOG(INFO) Added: freq=11434 size=8800 all=963809 active=56053 piece=Γûüconvey
bpe_model_trainer.cc(159) LOG(INFO) Updating active symbols. max_freq=11432 min_freq=551
bpe_model_trainer.cc(268) LOG(INFO) Added: freq=11393 size=8820 all=965285 active=49651 piece=Γûüarguments
bpe_model_trainer.cc(268) LOG(INFO) Added: freq=11358 size=8840 all=965925 active=50291 piece=ΓûüSenate
bpe_model_trainer.cc(268) LOG(INFO) Added: freq=11320 size=8860 all=966830 active=51196 piece=Γûüdiscussions
bpe_model_trainer.cc(268) LOG(INFO) Added: freq=11281 size=8880 all=968013 active=52379 piece=Γûüdesignated
bpe_model_trainer.cc(268) LOG(INFO) Added: freq=11238 size=8900 all=969422 active=53788 piece=ΓûüAsh
bpe_model_trainer.cc(159) LOG(INFO) Updating active symbols. max_freq=11238 min_freq=543
bpe_model_trainer.cc(268) LOG(INFO) Added: freq=11215 size=8920 all=970021 active=48893 piece=ffe
bpe_model_trainer.cc(268) LOG(INFO) Added: freq=11176 size=8940 all=971038 active=49910 piece=ΓûüBehav
bpe_model_trainer.cc(268) LOG(INFO) Added: freq=11150 size=8960 all=972459 active=51331 piece=Γûüelectrons
bpe_model_trainer.cc(268) LOG(INFO) Added: freq=11121 size=8980 all=973569 active=52441 piece=Γûücopies
bpe_model_trainer.cc(268) LOG(INFO) Added: freq=11075 size=9000 all=975539 active=54411 piece=Γûübeneath
bpe_model_trainer.cc(159) LOG(INFO) Updating active symbols. max_freq=11074 min_freq=537
bpe_model_trainer.cc(268) LOG(INFO) Added: freq=11046 size=9020 all=976442 active=49679 piece=ΓûüTradition
bpe_model_trainer.cc(268) LOG(INFO) Added: freq=11017 size=9040 all=978534 active=51771 piece=icating
bpe_model_trainer.cc(268) LOG(INFO) Added: freq=10979 size=9060 all=979201 active=52438 piece=uce
bpe_model_trainer.cc(268) LOG(INFO) Added: freq=10946 size=9080 all=980494 active=53731 piece=Γûüprivacy
bpe_model_trainer.cc(268) LOG(INFO) Added: freq=10921 size=9100 all=981673 active=54910 piece=Γûüpackage
bpe_model_trainer.cc(159) LOG(INFO) Updating active symbols. max_freq=10921 min_freq=530
bpe_model_trainer.cc(268) LOG(INFO) Added: freq=10880 size=9120 all=983057 active=50461 piece=ΓûüText
bpe_model_trainer.cc(268) LOG(INFO) Added: freq=10846 size=9140 all=984687 active=52091 piece=Γûühappiness
bpe_model_trainer.cc(268) LOG(INFO) Added: freq=10813 size=9160 all=985649 active=53053 piece=Γûüversus
bpe_model_trainer.cc(268) LOG(INFO) Added: freq=10775 size=9180 all=987281 active=54685 piece=Γûü37
bpe_model_trainer.cc(268) LOG(INFO) Added: freq=10746 size=9200 all=988009 active=55413 piece=bage
bpe_model_trainer.cc(159) LOG(INFO) Updating active symbols. max_freq=10746 min_freq=523
bpe_model_trainer.cc(268) LOG(INFO) Added: freq=10708 size=9220 all=989184 active=50545 piece=Γûüownership
bpe_model_trainer.cc(268) LOG(INFO) Added: freq=10682 size=9240 all=989826 active=51187 piece=Γûüencouraging
bpe_model_trainer.cc(268) LOG(INFO) Added: freq=10644 size=9260 all=990463 active=51824 piece=Γûüdevelopments
bpe_model_trainer.cc(268) LOG(INFO) Added: freq=10600 size=9280 all=991165 active=52526 piece=aved
bpe_model_trainer.cc(268) LOG(INFO) Added: freq=10560 size=9300 all=992736 active=54097 piece=Γûüconversion
bpe_model_trainer.cc(159) LOG(INFO) Updating active symbols. max_freq=10559 min_freq=519
bpe_model_trainer.cc(268) LOG(INFO) Added: freq=10520 size=9320 all=993658 active=50554 piece=Γûüstere
bpe_model_trainer.cc(268) LOG(INFO) Added: freq=10488 size=9340 all=994247 active=51143 piece=Γûüancestors
bpe_model_trainer.cc(268) LOG(INFO) Added: freq=10460 size=9360 all=995001 active=51897 piece=Γûümaxim
bpe_model_trainer.cc(268) LOG(INFO) Added: freq=10425 size=9380 all=995794 active=52690 piece=ΓûüCarl
bpe_model_trainer.cc(268) LOG(INFO) Added: freq=10384 size=9400 all=997310 active=54206 piece=Γûühygiene
bpe_model_trainer.cc(159) LOG(INFO) Updating active symbols. max_freq=10383 min_freq=514
bpe_model_trainer.cc(268) LOG(INFO) Added: freq=10356 size=9420 all=999693 active=52246 piece=ΓûüFlow
bpe_model_trainer.cc(268) LOG(INFO) Added: freq=10328 size=9440 all=1000619 active=53172 piece=Γûüimproves
bpe_model_trainer.cc(268) LOG(INFO) Added: freq=10294 size=9460 all=1001382 active=53935 piece=flu
bpe_model_trainer.cc(268) LOG(INFO) Added: freq=10259 size=9480 all=1002123 active=54676 piece=Γûücontinent
bpe_model_trainer.cc(268) LOG(INFO) Added: freq=10202 size=9500 all=1002836 active=55389 piece=Γûüdict
bpe_model_trainer.cc(159) LOG(INFO) Updating active symbols. max_freq=10201 min_freq=509
bpe_model_trainer.cc(268) LOG(INFO) Added: freq=10176 size=9520 all=1004232 active=51493 piece=swe
bpe_model_trainer.cc(268) LOG(INFO) Added: freq=10147 size=9540 all=1004922 active=52183 piece=Γûüinhabitants
bpe_model_trainer.cc(268) LOG(INFO) Added: freq=10107 size=9560 all=1007055 active=54316 piece=reens
bpe_model_trainer.cc(268) LOG(INFO) Added: freq=10081 size=9580 all=1007987 active=55248 piece=Γûübrowser
bpe_model_trainer.cc(268) LOG(INFO) Added: freq=10052 size=9600 all=1009115 active=56376 piece=Γûüamino
bpe_model_trainer.cc(159) LOG(INFO) Updating active symbols. max_freq=10048 min_freq=503
bpe_model_trainer.cc(268) LOG(INFO) Added: freq=10019 size=9620 all=1009903 active=51237 piece=ΓûüPope
bpe_model_trainer.cc(268) LOG(INFO) Added: freq=9987 size=9640 all=1011224 active=52558 piece=Γûüemployee
bpe_model_trainer.cc(268) LOG(INFO) Added: freq=9956 size=9660 all=1011730 active=53064 piece=iversary
bpe_model_trainer.cc(268) LOG(INFO) Added: freq=9918 size=9680 all=1012307 active=53641 piece=Γûüloud
bpe_model_trainer.cc(268) LOG(INFO) Added: freq=9898 size=9700 all=1013180 active=54514 piece=ΓûüNY
bpe_model_trainer.cc(159) LOG(INFO) Updating active symbols. max_freq=9898 min_freq=499
bpe_model_trainer.cc(268) LOG(INFO) Added: freq=9878 size=9720 all=1013978 active=51387 piece=terior
bpe_model_trainer.cc(268) LOG(INFO) Added: freq=9857 size=9740 all=1015393 active=52802 piece=mental
bpe_model_trainer.cc(268) LOG(INFO) Added: freq=9833 size=9760 all=1015994 active=53403 piece=Γûü2011.
bpe_model_trainer.cc(268) LOG(INFO) Added: freq=9777 size=9780 all=1017202 active=54611 piece=Γûüoffices
bpe_model_trainer.cc(268) LOG(INFO) Added: freq=9755 size=9800 all=1018119 active=55528 piece=Γûüreturning
bpe_model_trainer.cc(159) LOG(INFO) Updating active symbols. max_freq=9750 min_freq=494
bpe_model_trainer.cc(268) LOG(INFO) Added: freq=9718 size=9820 all=1019370 active=52156 piece=Γûüdying
bpe_model_trainer.cc(268) LOG(INFO) Added: freq=9684 size=9840 all=1019847 active=52633 piece=date
bpe_model_trainer.cc(268) LOG(INFO) Added: freq=9648 size=9860 all=1020560 active=53346 piece=Γûüparticipating
bpe_model_trainer.cc(268) LOG(INFO) Added: freq=9623 size=9880 all=1021227 active=54013 piece=Γûüexcited
bpe_model_trainer.cc(268) LOG(INFO) Added: freq=9585 size=9900 all=1021876 active=54662 piece=Γûüelectronics
bpe_model_trainer.cc(159) LOG(INFO) Updating active symbols. max_freq=9582 min_freq=489
bpe_model_trainer.cc(268) LOG(INFO) Added: freq=9551 size=9920 all=1023397 active=52605 piece=ΓûüTour
bpe_model_trainer.cc(268) LOG(INFO) Added: freq=9533 size=9940 all=1024161 active=53369 piece=Γûüessays
bpe_model_trainer.cc(268) LOG(INFO) Added: freq=9504 size=9960 all=1024450 active=53658 piece=ΓûüCe
bpe_model_trainer.cc(268) LOG(INFO) Added: freq=9478 size=9980 all=1025710 active=54918 piece=hedral
bpe_model_trainer.cc(268) LOG(INFO) Added: freq=9453 size=10000 all=1026872 active=56080 piece=ΓûüNE
bpe_model_trainer.cc(159) LOG(INFO) Updating active symbols. max_freq=9452 min_freq=484
bpe_model_trainer.cc(268) LOG(INFO) Added: freq=9426 size=10020 all=1028867 active=53277 piece=FC
bpe_model_trainer.cc(268) LOG(INFO) Added: freq=9403 size=10040 all=1030529 active=54939 piece=Γûüspark
bpe_model_trainer.cc(268) LOG(INFO) Added: freq=9368 size=10060 all=1032156 active=56566 piece=Γûü1996
bpe_model_trainer.cc(268) LOG(INFO) Added: freq=9349 size=10080 all=1033534 active=57944 piece=aning
bpe_model_trainer.cc(268) LOG(INFO) Added: freq=9315 size=10100 all=1035643 active=60053 piece=Γûütoys
bpe_model_trainer.cc(159) LOG(INFO) Updating active symbols. max_freq=9315 min_freq=477
bpe_model_trainer.cc(268) LOG(INFO) Added: freq=9299 size=10120 all=1036672 active=52807 piece=ΓûüAnne
bpe_model_trainer.cc(268) LOG(INFO) Added: freq=9276 size=10140 all=1037588 active=53723 piece=Γûüartistic
bpe_model_trainer.cc(268) LOG(INFO) Added: freq=9255 size=10160 all=1039048 active=55183 piece=urd
bpe_model_trainer.cc(268) LOG(INFO) Added: freq=9236 size=10180 all=1039883 active=56018 piece=umns
bpe_model_trainer.cc(268) LOG(INFO) Added: freq=9207 size=10200 all=1041005 active=57140 piece=afe
bpe_model_trainer.cc(159) LOG(INFO) Updating active symbols. max_freq=9207 min_freq=472
bpe_model_trainer.cc(268) LOG(INFO) Added: freq=9181 size=10220 all=1042022 active=52863 piece=Γûücomplement
bpe_model_trainer.cc(268) LOG(INFO) Added: freq=9151 size=10240 all=1043521 active=54362 piece=Γûümuc
bpe_model_trainer.cc(268) LOG(INFO) Added: freq=9126 size=10260 all=1046083 active=56924 piece=BI
bpe_model_trainer.cc(268) LOG(INFO) Added: freq=9107 size=10280 all=1047717 active=58558 piece=Γûüclassification
bpe_model_trainer.cc(268) LOG(INFO) Added: freq=9083 size=10300 all=1048654 active=59495 piece=ΓûüRog
bpe_model_trainer.cc(159) LOG(INFO) Updating active symbols. max_freq=9083 min_freq=466
bpe_model_trainer.cc(268) LOG(INFO) Added: freq=9056 size=10320 all=1049506 active=53192 piece=ΓûüUsually
bpe_model_trainer.cc(268) LOG(INFO) Added: freq=9029 size=10340 all=1050035 active=53721 piece=Γûüpneum
bpe_model_trainer.cc(268) LOG(INFO) Added: freq=9005 size=10360 all=1051450 active=55136 piece=Γûüsuggesting
bpe_model_trainer.cc(268) LOG(INFO) Added: freq=8974 size=10380 all=1053193 active=56879 piece=:00
bpe_model_trainer.cc(268) LOG(INFO) Added: freq=8949 size=10400 all=1054578 active=58264 piece=Γûüonset
bpe_model_trainer.cc(159) LOG(INFO) Updating active symbols. max_freq=8945 min_freq=461
bpe_model_trainer.cc(268) LOG(INFO) Added: freq=8924 size=10420 all=1056032 active=54181 piece=orks
bpe_model_trainer.cc(268) LOG(INFO) Added: freq=8889 size=10440 all=1057430 active=55579 piece=Γûüthoroughly
bpe_model_trainer.cc(268) LOG(INFO) Added: freq=8866 size=10460 all=1058988 active=57137 piece=Γûüpromising
bpe_model_trainer.cc(268) LOG(INFO) Added: freq=8844 size=10480 all=1060057 active=58206 piece=ΓûüDeep
bpe_model_trainer.cc(268) LOG(INFO) Added: freq=8814 size=10500 all=1060855 active=59004 piece=Γûühazardous
bpe_model_trainer.cc(159) LOG(INFO) Updating active symbols. max_freq=8811 min_freq=455
bpe_model_trainer.cc(268) LOG(INFO) Added: freq=8791 size=10520 all=1061733 active=53918 piece=Γûübladder
bpe_model_trainer.cc(268) LOG(INFO) Added: freq=8762 size=10540 all=1063103 active=55288 piece=ΓûüHong
bpe_model_trainer.cc(268) LOG(INFO) Added: freq=8728 size=10560 all=1064215 active=56400 piece=Γûütendency
bpe_model_trainer.cc(268) LOG(INFO) Added: freq=8702 size=10580 all=1065810 active=57995 piece=Γûüpotatoes
bpe_model_trainer.cc(268) LOG(INFO) Added: freq=8683 size=10600 all=1066748 active=58933 piece=Γûüoperational
bpe_model_trainer.cc(159) LOG(INFO) Updating active symbols. max_freq=8682 min_freq=449
bpe_model_trainer.cc(268) LOG(INFO) Added: freq=8667 size=10620 all=1067581 active=54163 piece=urated
bpe_model_trainer.cc(268) LOG(INFO) Added: freq=8636 size=10640 all=1068719 active=55301 piece=Γûühunger
bpe_model_trainer.cc(268) LOG(INFO) Added: freq=8615 size=10660 all=1070025 active=56607 piece=Γûücrash
bpe_model_trainer.cc(268) LOG(INFO) Added: freq=8589 size=10680 all=1070977 active=57559 piece=Γûüninet
bpe_model_trainer.cc(268) LOG(INFO) Added: freq=8567 size=10700 all=1071809 active=58391 piece=Γûüevaluated
bpe_model_trainer.cc(159) LOG(INFO) Updating active symbols. max_freq=8566 min_freq=446
bpe_model_trainer.cc(268) LOG(INFO) Added: freq=8538 size=10720 all=1072272 active=54053 piece=ΓûüArthur
bpe_model_trainer.cc(268) LOG(INFO) Added: freq=8508 size=10740 all=1074645 active=56426 piece=ΓûüBall
bpe_model_trainer.cc(268) LOG(INFO) Added: freq=8474 size=10760 all=1076096 active=57877 piece=ΓûüWas
bpe_model_trainer.cc(268) LOG(INFO) Added: freq=8455 size=10780 all=1076766 active=58547 piece=Γûügathering
bpe_model_trainer.cc(268) LOG(INFO) Added: freq=8432 size=10800 all=1077355 active=59136 piece=giving
bpe_model_trainer.cc(159) LOG(INFO) Updating active symbols. max_freq=8430 min_freq=441
bpe_model_trainer.cc(268) LOG(INFO) Added: freq=8407 size=10820 all=1078518 active=54989 piece=Γûümart
bpe_model_trainer.cc(268) LOG(INFO) Added: freq=8390 size=10840 all=1080224 active=56695 piece=Γûüinvited
bpe_model_trainer.cc(268) LOG(INFO) Added: freq=8369 size=10860 all=1081301 active=57772 piece=Γûüattacked
bpe_model_trainer.cc(268) LOG(INFO) Added: freq=8333 size=10880 all=1082391 active=58862 piece=ΓûüCert
bpe_model_trainer.cc(268) LOG(INFO) Added: freq=8315 size=10900 all=1083389 active=59860 piece=illance
bpe_model_trainer.cc(159) LOG(INFO) Updating active symbols. max_freq=8315 min_freq=437
bpe_model_trainer.cc(268) LOG(INFO) Added: freq=8298 size=10920 all=1084599 active=55364 piece=asse
bpe_model_trainer.cc(268) LOG(INFO) Added: freq=8284 size=10940 all=1087220 active=57985 piece=ΓûüCollect
bpe_model_trainer.cc(268) LOG(INFO) Added: freq=8259 size=10960 all=1089048 active=59813 piece=ΓûüRain
bpe_model_trainer.cc(268) LOG(INFO) Added: freq=8240 size=10980 all=1089965 active=60730 piece=85
bpe_model_trainer.cc(268) LOG(INFO) Added: freq=8228 size=11000 all=1091766 active=62531 piece=Γûüenabled
bpe_model_trainer.cc(159) LOG(INFO) Updating active symbols. max_freq=8228 min_freq=430
bpe_model_trainer.cc(268) LOG(INFO) Added: freq=8205 size=11020 all=1092586 active=55406 piece=makers
bpe_model_trainer.cc(268) LOG(INFO) Added: freq=8173 size=11040 all=1093712 active=56532 piece=TC
bpe_model_trainer.cc(268) LOG(INFO) Added: freq=8154 size=11060 all=1095761 active=58581 piece=igs
bpe_model_trainer.cc(268) LOG(INFO) Added: freq=8124 size=11080 all=1096750 active=59570 piece=Γûü2009.
bpe_model_trainer.cc(268) LOG(INFO) Added: freq=8093 size=11100 all=1097450 active=60270 piece=At
bpe_model_trainer.cc(159) LOG(INFO) Updating active symbols. max_freq=8093 min_freq=426
bpe_model_trainer.cc(268) LOG(INFO) Added: freq=8077 size=11120 all=1098955 active=55969 piece=Γûüglobally
bpe_model_trainer.cc(268) LOG(INFO) Added: freq=8055 size=11140 all=1100114 active=57128 piece=Γûüguides
bpe_model_trainer.cc(268) LOG(INFO) Added: freq=8045 size=11160 all=1101323 active=58337 piece=Γûüemerge
bpe_model_trainer.cc(268) LOG(INFO) Added: freq=8021 size=11180 all=1102123 active=59137 piece=ΓûüRE
bpe_model_trainer.cc(268) LOG(INFO) Added: freq=8002 size=11200 all=1103046 active=60060 piece=Γûüindicators
bpe_model_trainer.cc(159) LOG(INFO) Updating active symbols. max_freq=8001 min_freq=422
bpe_model_trainer.cc(268) LOG(INFO) Added: freq=7980 size=11220 all=1103725 active=55826 piece=Γûüeconomies
bpe_model_trainer.cc(268) LOG(INFO) Added: freq=7965 size=11240 all=1105697 active=57798 piece=ΓûüMiller
bpe_model_trainer.cc(268) LOG(INFO) Added: freq=7929 size=11260 all=1107110 active=59211 piece=Γûüly
bpe_model_trainer.cc(268) LOG(INFO) Added: freq=7914 size=11280 all=1108149 active=60250 piece=aund
bpe_model_trainer.cc(268) LOG(INFO) Added: freq=7898 size=11300 all=1109046 active=61147 piece=Γûüinspect
bpe_model_trainer.cc(159) LOG(INFO) Updating active symbols. max_freq=7898 min_freq=417
bpe_model_trainer.cc(268) LOG(INFO) Added: freq=7879 size=11320 all=1109747 active=56144 piece=apore
bpe_model_trainer.cc(268) LOG(INFO) Added: freq=7856 size=11340 all=1110969 active=57366 piece=father
bpe_model_trainer.cc(268) LOG(INFO) Added: freq=7835 size=11360 all=1111484 active=57881 piece=Γûürotation
bpe_model_trainer.cc(268) LOG(INFO) Added: freq=7803 size=11380 all=1112044 active=58441 piece=Γûücompliance
bpe_model_trainer.cc(268) LOG(INFO) Added: freq=7785 size=11400 all=1113379 active=59776 piece=Γûücheaper
bpe_model_trainer.cc(159) LOG(INFO) Updating active symbols. max_freq=7784 min_freq=414
bpe_model_trainer.cc(268) LOG(INFO) Added: freq=7765 size=11420 all=1114019 active=56308 piece=Γûütrains
bpe_model_trainer.cc(268) LOG(INFO) Added: freq=7743 size=11440 all=1114676 active=56965 piece=Γûüinherited
bpe_model_trainer.cc(268) LOG(INFO) Added: freq=7719 size=11460 all=1115326 active=57615 piece=Γûüinsulation
bpe_model_trainer.cc(268) LOG(INFO) Added: freq=7694 size=11480 all=1117550 active=59839 piece=acular
bpe_model_trainer.cc(268) LOG(INFO) Added: freq=7675 size=11500 all=1118307 active=60596 piece=uting
bpe_model_trainer.cc(159) LOG(INFO) Updating active symbols. max_freq=7675 min_freq=410
bpe_model_trainer.cc(268) LOG(INFO) Added: freq=7653 size=11520 all=1119128 active=56665 piece=rock
bpe_model_trainer.cc(268) LOG(INFO) Added: freq=7625 size=11540 all=1120557 active=58094 piece=thening
bpe_model_trainer.cc(268) LOG(INFO) Added: freq=7600 size=11560 all=1121954 active=59491 piece=Γûüprogrammes
bpe_model_trainer.cc(268) LOG(INFO) Added: freq=7590 size=11580 all=1123515 active=61052 piece=arth
bpe_model_trainer.cc(268) LOG(INFO) Added: freq=7570 size=11600 all=1125123 active=62660 piece=Γûüdisposal
bpe_model_trainer.cc(159) LOG(INFO) Updating active symbols. max_freq=7569 min_freq=405
bpe_model_trainer.cc(268) LOG(INFO) Added: freq=7555 size=11620 all=1126042 active=57176 piece=Γûüabdominal
bpe_model_trainer.cc(268) LOG(INFO) Added: freq=7535 size=11640 all=1127014 active=58148 piece=Γûücoinc
bpe_model_trainer.cc(268) LOG(INFO) Added: freq=7505 size=11660 all=1129267 active=60401 piece=Γûücompleting
bpe_model_trainer.cc(268) LOG(INFO) Added: freq=7485 size=11680 all=1130152 active=61286 piece=:1
bpe_model_trainer.cc(268) LOG(INFO) Added: freq=7467 size=11700 all=1131588 active=62722 piece=Γûübutt
bpe_model_trainer.cc(159) LOG(INFO) Updating active symbols. max_freq=7467 min_freq=401
bpe_model_trainer.cc(268) LOG(INFO) Added: freq=7447 size=11720 all=1132687 active=57654 piece=Γûüskilled
bpe_model_trainer.cc(268) LOG(INFO) Added: freq=7425 size=11740 all=1134069 active=59036 piece=Γûüfans
bpe_model_trainer.cc(268) LOG(INFO) Added: freq=7406 size=11760 all=1134701 active=59668 piece=ΓûüPas
bpe_model_trainer.cc(268) LOG(INFO) Added: freq=7391 size=11780 all=1135866 active=60833 piece=ΓûüBrad
bpe_model_trainer.cc(268) LOG(INFO) Added: freq=7371 size=11800 all=1137393 active=62360 piece=ΓûüCaptain
bpe_model_trainer.cc(159) LOG(INFO) Updating active symbols. max_freq=7371 min_freq=397
bpe_model_trainer.cc(268) LOG(INFO) Added: freq=7349 size=11820 all=1138541 active=58008 piece=vals
bpe_model_trainer.cc(268) LOG(INFO) Added: freq=7335 size=11840 all=1139519 active=58986 piece=ΓûüSteve
bpe_model_trainer.cc(268) LOG(INFO) Added: freq=7319 size=11860 all=1140202 active=59669 piece=Γûücarp
bpe_model_trainer.cc(268) LOG(INFO) Added: freq=7296 size=11880 all=1141170 active=60637 piece=Γûüworkshops
bpe_model_trainer.cc(268) LOG(INFO) Added: freq=7274 size=11900 all=1143005 active=62472 piece=ΓûüGermans
bpe_model_trainer.cc(159) LOG(INFO) Updating active symbols. max_freq=7273 min_freq=393
bpe_model_trainer.cc(268) LOG(INFO) Added: freq=7260 size=11920 all=1144372 active=58508 piece=inian
bpe_model_trainer.cc(268) LOG(INFO) Added: freq=7246 size=11940 all=1145353 active=59489 piece=ΓûüHeat
bpe_model_trainer.cc(268) LOG(INFO) Added: freq=7229 size=11960 all=1147034 active=61170 piece=ΓûüFox
bpe_model_trainer.cc(268) LOG(INFO) Added: freq=7212 size=11980 all=1147857 active=61993 piece=Γûütravels
bpe_model_trainer.cc(268) LOG(INFO) Added: freq=7195 size=12000 all=1148625 active=62761 piece=edge
bpe_model_trainer.cc(159) LOG(INFO) Updating active symbols. max_freq=7195 min_freq=389
bpe_model_trainer.cc(268) LOG(INFO) Added: freq=7175 size=12020 all=1149677 active=58361 piece=Γûüdrama
bpe_model_trainer.cc(268) LOG(INFO) Added: freq=7154 size=12040 all=1150592 active=59276 piece=mus
bpe_model_trainer.cc(268) LOG(INFO) Added: freq=7133 size=12060 all=1151953 active=60637 piece=ΓûüSimon
bpe_model_trainer.cc(268) LOG(INFO) Added: freq=7114 size=12080 all=1152489 active=61173 piece=Γûü6:
bpe_model_trainer.cc(268) LOG(INFO) Added: freq=7092 size=12100 all=1153765 active=62449 piece=Γûüunemployment
bpe_model_trainer.cc(159) LOG(INFO) Updating active symbols. max_freq=7091 min_freq=386
bpe_model_trainer.cc(268) LOG(INFO) Added: freq=7075 size=12120 all=1154468 active=58389 piece=estinal
bpe_model_trainer.cc(268) LOG(INFO) Added: freq=7057 size=12140 all=1156006 active=59927 piece=Γûü90%
bpe_model_trainer.cc(268) LOG(INFO) Added: freq=7037 size=12160 all=1157019 active=60940 piece=Γûüresident
bpe_model_trainer.cc(268) LOG(INFO) Added: freq=7017 size=12180 all=1157684 active=61605 piece=arms
bpe_model_trainer.cc(268) LOG(INFO) Added: freq=7000 size=12200 all=1158233 active=62154 piece=Γûüraises
bpe_model_trainer.cc(159) LOG(INFO) Updating active symbols. max_freq=6998 min_freq=382
bpe_model_trainer.cc(268) LOG(INFO) Added: freq=6982 size=12220 all=1159319 active=58998 piece=Γûüconvention
bpe_model_trainer.cc(268) LOG(INFO) Added: freq=6957 size=12240 all=1160079 active=59758 piece=Γûüartifacts
bpe_model_trainer.cc(268) LOG(INFO) Added: freq=6943 size=12260 all=1160947 active=60626 piece=Γûühind
bpe_model_trainer.cc(268) LOG(INFO) Added: freq=6932 size=12280 all=1161320 active=60999 piece=ΓûüPV
bpe_model_trainer.cc(268) LOG(INFO) Added: freq=6918 size=12300 all=1161878 active=61557 piece=ΓûüMachine
bpe_model_trainer.cc(159) LOG(INFO) Updating active symbols. max_freq=6917 min_freq=379
bpe_model_trainer.cc(268) LOG(INFO) Added: freq=6899 size=12320 all=1162485 active=58686 piece=ΓûüTesting
bpe_model_trainer.cc(268) LOG(INFO) Added: freq=6881 size=12340 all=1163167 active=59368 piece=imb
bpe_model_trainer.cc(268) LOG(INFO) Added: freq=6865 size=12360 all=1164886 active=61087 piece=ΓûüDescription
bpe_model_trainer.cc(268) LOG(INFO) Added: freq=6843 size=12380 all=1167075 active=63276 piece=formed
bpe_model_trainer.cc(268) LOG(INFO) Added: freq=6828 size=12400 all=1168801 active=65002 piece=Γûü(197
bpe_model_trainer.cc(159) LOG(INFO) Updating active symbols. max_freq=6825 min_freq=375
bpe_model_trainer.cc(268) LOG(INFO) Added: freq=6809 size=12420 all=1170082 active=59668 piece=Γûüdign
bpe_model_trainer.cc(268) LOG(INFO) Added: freq=6793 size=12440 all=1170745 active=60331 piece=8%
bpe_model_trainer.cc(268) LOG(INFO) Added: freq=6776 size=12460 all=1172306 active=61892 piece=Γûü2004,
bpe_model_trainer.cc(268) LOG(INFO) Added: freq=6754 size=12480 all=1173443 active=63029 piece=Γûüvoters
bpe_model_trainer.cc(268) LOG(INFO) Added: freq=6743 size=12500 all=1174263 active=63849 piece=Γûüautomated
bpe_model_trainer.cc(159) LOG(INFO) Updating active symbols. max_freq=6743 min_freq=372
bpe_model_trainer.cc(268) LOG(INFO) Added: freq=6724 size=12520 all=1175321 active=59771 piece=Γûüturtles
bpe_model_trainer.cc(268) LOG(INFO) Added: freq=6710 size=12540 all=1176345 active=60795 piece=assment
bpe_model_trainer.cc(268) LOG(INFO) Added: freq=6689 size=12560 all=1176832 active=61282 piece=Γûümines
bpe_model_trainer.cc(268) LOG(INFO) Added: freq=6674 size=12580 all=1177465 active=61915 piece=amma
bpe_model_trainer.cc(268) LOG(INFO) Added: freq=6648 size=12600 all=1178493 active=62943 piece=Γûümutual
bpe_model_trainer.cc(159) LOG(INFO) Updating active symbols. max_freq=6646 min_freq=369
bpe_model_trainer.cc(268) LOG(INFO) Added: freq=6634 size=12620 all=1179362 active=59780 piece=uate
bpe_model_trainer.cc(268) LOG(INFO) Added: freq=6619 size=12640 all=1180151 active=60569 piece=Γûüpeaceful
bpe_model_trainer.cc(268) LOG(INFO) Added: freq=6605 size=12660 all=1180789 active=61207 piece=otional
bpe_model_trainer.cc(268) LOG(INFO) Added: freq=6587 size=12680 all=1181585 active=62003 piece=Γûürelies
bpe_model_trainer.cc(268) LOG(INFO) Added: freq=6571 size=12700 all=1182999 active=63417 piece=ΓûüStage
bpe_model_trainer.cc(159) LOG(INFO) Updating active symbols. max_freq=6569 min_freq=366
bpe_model_trainer.cc(268) LOG(INFO) Added: freq=6557 size=12720 all=1184333 active=60458 piece=Γûü(3)
bpe_model_trainer.cc(268) LOG(INFO) Added: freq=6535 size=12740 all=1185102 active=61227 piece=Γûügang
bpe_model_trainer.cc(268) LOG(INFO) Added: freq=6523 size=12760 all=1185473 active=61598 piece=Γûüplug
bpe_model_trainer.cc(268) LOG(INFO) Added: freq=6511 size=12780 all=1186363 active=62488 piece=ΓûüPartners
bpe_model_trainer.cc(268) LOG(INFO) Added: freq=6494 size=12800 all=1187494 active=63619 piece=Γûüwhale
bpe_model_trainer.cc(159) LOG(INFO) Updating active symbols. max_freq=6494 min_freq=363
bpe_model_trainer.cc(268) LOG(INFO) Added: freq=6480 size=12820 all=1189080 active=60956 piece=Γûüfees
bpe_model_trainer.cc(268) LOG(INFO) Added: freq=6465 size=12840 all=1190274 active=62150 piece=ΓûüEV
bpe_model_trainer.cc(268) LOG(INFO) Added: freq=6446 size=12860 all=1190961 active=62837 piece=ΓûüSafe
bpe_model_trainer.cc(268) LOG(INFO) Added: freq=6433 size=12880 all=1191882 active=63758 piece=Γûüdozens
bpe_model_trainer.cc(268) LOG(INFO) Added: freq=6414 size=12900 all=1192628 active=64504 piece=Γûüpresum
bpe_model_trainer.cc(159) LOG(INFO) Updating active symbols. max_freq=6414 min_freq=360
bpe_model_trainer.cc(268) LOG(INFO) Added: freq=6405 size=12920 all=1195000 active=61994 piece=Γûüshells
bpe_model_trainer.cc(268) LOG(INFO) Added: freq=6391 size=12940 all=1195545 active=62539 piece=Γûüinquiry
bpe_model_trainer.cc(268) LOG(INFO) Added: freq=6380 size=12960 all=1196576 active=63570 piece=ΓûüCould
bpe_model_trainer.cc(268) LOG(INFO) Added: freq=6361 size=12980 all=1197641 active=64635 piece=Γûübehave
bpe_model_trainer.cc(268) LOG(INFO) Added: freq=6348 size=13000 all=1198771 active=65765 piece=ΓûüFriends
bpe_model_trainer.cc(159) LOG(INFO) Updating active symbols. max_freq=6347 min_freq=356
bpe_model_trainer.cc(268) LOG(INFO) Added: freq=6333 size=13020 all=1200715 active=61873 piece=Γûüinstitutional
bpe_model_trainer.cc(268) LOG(INFO) Added: freq=6319 size=13040 all=1201218 active=62376 piece=ΓûüDrag
bpe_model_trainer.cc(268) LOG(INFO) Added: freq=6308 size=13060 all=1201791 active=62949 piece=Γûüburns
bpe_model_trainer.cc(268) LOG(INFO) Added: freq=6284 size=13080 all=1203755 active=64913 piece=Γûüclot
bpe_model_trainer.cc(268) LOG(INFO) Added: freq=6272 size=13100 all=1204682 active=65840 piece=ΓûüOfficial
bpe_model_trainer.cc(159) LOG(INFO) Updating active symbols. max_freq=6272 min_freq=353
bpe_model_trainer.cc(268) LOG(INFO) Added: freq=6251 size=13120 all=1205972 active=61524 piece=Γûüterrible
bpe_model_trainer.cc(268) LOG(INFO) Added: freq=6230 size=13140 all=1207096 active=62648 piece=ΓûüSquare
bpe_model_trainer.cc(268) LOG(INFO) Added: freq=6217 size=13160 all=1207795 active=63347 piece=uru
bpe_model_trainer.cc(268) LOG(INFO) Added: freq=6203 size=13180 all=1209445 active=64997 piece=Γûüsatisfaction
bpe_model_trainer.cc(268) LOG(INFO) Added: freq=6188 size=13200 all=1211338 active=66890 piece=Γûüglue
bpe_model_trainer.cc(159) LOG(INFO) Updating active symbols. max_freq=6188 min_freq=349
bpe_model_trainer.cc(268) LOG(INFO) Added: freq=6181 size=13220 all=1212806 active=62029 piece=Γûüinserted
bpe_model_trainer.cc(268) LOG(INFO) Added: freq=6167 size=13240 all=1213609 active=62832 piece=Γûütraumatic
bpe_model_trainer.cc(268) LOG(INFO) Added: freq=6152 size=13260 all=1214892 active=64115 piece=Γûücolorful
bpe_model_trainer.cc(268) LOG(INFO) Added: freq=6131 size=13280 all=1215839 active=65062 piece=Γûüjewel
bpe_model_trainer.cc(268) LOG(INFO) Added: freq=6115 size=13300 all=1217058 active=66281 piece=GA
bpe_model_trainer.cc(159) LOG(INFO) Updating active symbols. max_freq=6114 min_freq=346
bpe_model_trainer.cc(268) LOG(INFO) Added: freq=6100 size=13320 all=1217747 active=61314 piece=Γûü15.
bpe_model_trainer.cc(268) LOG(INFO) Added: freq=6087 size=13340 all=1218756 active=62323 piece=ΓûüMultiple
bpe_model_trainer.cc(268) LOG(INFO) Added: freq=6069 size=13360 all=1219680 active=63247 piece=ΓûüCuba
bpe_model_trainer.cc(268) LOG(INFO) Added: freq=6059 size=13380 all=1221224 active=64791 piece=DC
bpe_model_trainer.cc(268) LOG(INFO) Added: freq=6052 size=13400 all=1221918 active=65485 piece=Γûüdisabled
bpe_model_trainer.cc(159) LOG(INFO) Updating active symbols. max_freq=6051 min_freq=343
bpe_model_trainer.cc(268) LOG(INFO) Added: freq=6037 size=13420 all=1223122 active=62297 piece=ΓûüTel
bpe_model_trainer.cc(268) LOG(INFO) Added: freq=6021 size=13440 all=1223917 active=63092 piece=Γûülin
bpe_model_trainer.cc(268) LOG(INFO) Added: freq=6013 size=13460 all=1224732 active=63907 piece=ΓûüMargaret
bpe_model_trainer.cc(268) LOG(INFO) Added: freq=5995 size=13480 all=1226329 active=65504 piece=oporosis
bpe_model_trainer.cc(268) LOG(INFO) Added: freq=5980 size=13500 all=1227161 active=66336 piece=Γûüdelicate
bpe_model_trainer.cc(159) LOG(INFO) Updating active symbols. max_freq=5977 min_freq=340
bpe_model_trainer.cc(268) LOG(INFO) Added: freq=5969 size=13520 all=1228649 active=62847 piece=Γûüodds
bpe_model_trainer.cc(268) LOG(INFO) Added: freq=5959 size=13540 all=1229624 active=63822 piece=pa
bpe_model_trainer.cc(268) LOG(INFO) Added: freq=5946 size=13560 all=1230498 active=64696 piece=Γûütoy
bpe_model_trainer.cc(268) LOG(INFO) Added: freq=5937 size=13580 all=1231976 active=66174 piece=Γûüprize
bpe_model_trainer.cc(268) LOG(INFO) Added: freq=5925 size=13600 all=1232714 active=66912 piece=month
bpe_model_trainer.cc(159) LOG(INFO) Updating active symbols. max_freq=5924 min_freq=337
bpe_model_trainer.cc(268) LOG(INFO) Added: freq=5914 size=13620 all=1233674 active=62537 piece=ΓûüVirtual
bpe_model_trainer.cc(268) LOG(INFO) Added: freq=5901 size=13640 all=1234986 active=63849 piece=orrh
bpe_model_trainer.cc(268) LOG(INFO) Added: freq=5891 size=13660 all=1236394 active=65257 piece=walk
bpe_model_trainer.cc(268) LOG(INFO) Added: freq=5882 size=13680 all=1237138 active=66001 piece=ΓûüChallenge
bpe_model_trainer.cc(268) LOG(INFO) Added: freq=5868 size=13700 all=1238593 active=67456 piece=Γûü2019,
bpe_model_trainer.cc(159) LOG(INFO) Updating active symbols. max_freq=5868 min_freq=334
bpe_model_trainer.cc(268) LOG(INFO) Added: freq=5852 size=13720 all=1239215 active=62548 piece=ΓûüBiological
bpe_model_trainer.cc(268) LOG(INFO) Added: freq=5836 size=13740 all=1239626 active=62959 piece=Γûübug
bpe_model_trainer.cc(268) LOG(INFO) Added: freq=5823 size=13760 all=1240778 active=64111 piece=Γûüsulfur
bpe_model_trainer.cc(268) LOG(INFO) Added: freq=5807 size=13780 all=1242827 active=66160 piece=Γûüspill
bpe_model_trainer.cc(268) LOG(INFO) Added: freq=5794 size=13800 all=1243171 active=66504 piece=Γûübrut
bpe_model_trainer.cc(159) LOG(INFO) Updating active symbols. max_freq=5793 min_freq=331
bpe_model_trainer.cc(268) LOG(INFO) Added: freq=5777 size=13820 all=1244130 active=63103 piece=Γûüvoy
bpe_model_trainer.cc(268) LOG(INFO) Added: freq=5766 size=13840 all=1244604 active=63577 piece=Γûüurgent
bpe_model_trainer.cc(268) LOG(INFO) Added: freq=5755 size=13860 all=1244975 active=63948 piece=ΓûüFlore
bpe_model_trainer.cc(268) LOG(INFO) Added: freq=5741 size=13880 all=1246142 active=65115 piece=Γûürecommendation
bpe_model_trainer.cc(268) LOG(INFO) Added: freq=5727 size=13900 all=1246829 active=65802 piece=Γûüprocessor
bpe_model_trainer.cc(159) LOG(INFO) Updating active symbols. max_freq=5726 min_freq=329
bpe_model_trainer.cc(268) LOG(INFO) Added: freq=5708 size=13920 all=1247803 active=63313 piece=Γûümonarch
bpe_model_trainer.cc(268) LOG(INFO) Added: freq=5692 size=13940 all=1248734 active=64244 piece=ΓûüTreaties
bpe_model_trainer.cc(268) LOG(INFO) Added: freq=5682 size=13960 all=1249643 active=65153 piece=Γûüspectacular
bpe_model_trainer.cc(268) LOG(INFO) Added: freq=5667 size=13980 all=1251696 active=67206 piece=Γûüconform
bpe_model_trainer.cc(268) LOG(INFO) Added: freq=5656 size=14000 all=1252307 active=67817 piece=ilibrium
bpe_model_trainer.cc(159) LOG(INFO) Updating active symbols. max_freq=5656 min_freq=326
bpe_model_trainer.cc(268) LOG(INFO) Added: freq=5643 size=14020 all=1253144 active=63438 piece=four
bpe_model_trainer.cc(268) LOG(INFO) Added: freq=5629 size=14040 all=1254338 active=64632 piece=ΓûüKhan
bpe_model_trainer.cc(268) LOG(INFO) Added: freq=5621 size=14060 all=1255212 active=65506 piece=ATE
bpe_model_trainer.cc(268) LOG(INFO) Added: freq=5611 size=14080 all=1256976 active=67270 piece=Γûü170
bpe_model_trainer.cc(268) LOG(INFO) Added: freq=5602 size=14100 all=1257986 active=68280 piece=Γûüultrasound
bpe_model_trainer.cc(159) LOG(INFO) Updating active symbols. max_freq=5601 min_freq=323
bpe_model_trainer.cc(268) LOG(INFO) Added: freq=5587 size=14120 all=1258566 active=63478 piece=ΓûüMotor
bpe_model_trainer.cc(268) LOG(INFO) Added: freq=5576 size=14140 all=1259594 active=64506 piece=Γûütemporarily
bpe_model_trainer.cc(268) LOG(INFO) Added: freq=5564 size=14160 all=1260965 active=65877 piece=opard
bpe_model_trainer.cc(268) LOG(INFO) Added: freq=5556 size=14180 all=1261862 active=66774 piece=Γûürequested
bpe_model_trainer.cc(268) LOG(INFO) Added: freq=5546 size=14200 all=1263003 active=67915 piece=ΓûüManc
bpe_model_trainer.cc(159) LOG(INFO) Updating active symbols. max_freq=5546 min_freq=321
bpe_model_trainer.cc(268) LOG(INFO) Added: freq=5533 size=14220 all=1263755 active=63857 piece=Γûüproblematic
bpe_model_trainer.cc(268) LOG(INFO) Added: freq=5521 size=14240 all=1264864 active=64966 piece=Γûühomeless
bpe_model_trainer.cc(268) LOG(INFO) Added: freq=5507 size=14260 all=1265635 active=65737 piece=supp
bpe_model_trainer.cc(268) LOG(INFO) Added: freq=5498 size=14280 all=1266377 active=66479 piece=Γûüpetroleum
bpe_model_trainer.cc(268) LOG(INFO) Added: freq=5485 size=14300 all=1267227 active=67329 piece=ΓûüRule
bpe_model_trainer.cc(159) LOG(INFO) Updating active symbols. max_freq=5485 min_freq=319
bpe_model_trainer.cc(268) LOG(INFO) Added: freq=5473 size=14320 all=1268204 active=64294 piece=posure
bpe_model_trainer.cc(268) LOG(INFO) Added: freq=5454 size=14340 all=1270159 active=66249 piece=ΓûüBry
bpe_model_trainer.cc(268) LOG(INFO) Added: freq=5436 size=14360 all=1271059 active=67149 piece=ΓûüMcD
bpe_model_trainer.cc(268) LOG(INFO) Added: freq=5428 size=14380 all=1272757 active=68847 piece=axis
bpe_model_trainer.cc(268) LOG(INFO) Added: freq=5419 size=14400 all=1273347 active=69437 piece=Γûüunderm
bpe_model_trainer.cc(159) LOG(INFO) Updating active symbols. max_freq=5418 min_freq=316
bpe_model_trainer.cc(268) LOG(INFO) Added: freq=5404 size=14420 all=1274224 active=64536 piece=ΓûüAutism
bpe_model_trainer.cc(268) LOG(INFO) Added: freq=5391 size=14440 all=1275003 active=65315 piece=usions
bpe_model_trainer.cc(268) LOG(INFO) Added: freq=5373 size=14460 all=1276031 active=66343 piece=Γûünoting
bpe_model_trainer.cc(268) LOG(INFO) Added: freq=5361 size=14480 all=1277756 active=68068 piece=ΓûüWorkshe
bpe_model_trainer.cc(268) LOG(INFO) Added: freq=5347 size=14500 all=1279022 active=69334 piece=Γûütimely
bpe_model_trainer.cc(159) LOG(INFO) Updating active symbols. max_freq=5346 min_freq=313
bpe_model_trainer.cc(268) LOG(INFO) Added: freq=5332 size=14520 all=1279866 active=64796 piece=dose
bpe_model_trainer.cc(268) LOG(INFO) Added: freq=5319 size=14540 all=1281116 active=66046 piece=ΓûüInstitutes
bpe_model_trainer.cc(268) LOG(INFO) Added: freq=5302 size=14560 all=1281935 active=66865 piece=ΓûüJam
bpe_model_trainer.cc(268) LOG(INFO) Added: freq=5290 size=14580 all=1283228 active=68158 piece=ΓûüYale
bpe_model_trainer.cc(268) LOG(INFO) Added: freq=5281 size=14600 all=1284089 active=69019 piece=Γûübaseline
bpe_model_trainer.cc(159) LOG(INFO) Updating active symbols. max_freq=5280 min_freq=311
bpe_model_trainer.cc(268) LOG(INFO) Added: freq=5271 size=14620 all=1285036 active=65152 piece=Γûüconstipation
bpe_model_trainer.cc(268) LOG(INFO) Added: freq=5258 size=14640 all=1286336 active=66452 piece=Γûütransparency
bpe_model_trainer.cc(268) LOG(INFO) Added: freq=5245 size=14660 all=1288053 active=68169 piece=Γûülinking
bpe_model_trainer.cc(268) LOG(INFO) Added: freq=5233 size=14680 all=1288416 active=68532 piece=ΓûüRoute
bpe_model_trainer.cc(268) LOG(INFO) Added: freq=5224 size=14700 all=1289325 active=69441 piece=Γûüpasswords
bpe_model_trainer.cc(159) LOG(INFO) Updating active symbols. max_freq=5223 min_freq=308
bpe_model_trainer.cc(268) LOG(INFO) Added: freq=5217 size=14720 all=1290473 active=65612 piece=Γûüafterwards
bpe_model_trainer.cc(268) LOG(INFO) Added: freq=5207 size=14740 all=1291239 active=66378 piece=Γûüshame
bpe_model_trainer.cc(268) LOG(INFO) Added: freq=5195 size=14760 all=1292028 active=67167 piece=Γûütowers
bpe_model_trainer.cc(268) LOG(INFO) Added: freq=5186 size=14780 all=1292700 active=67839 piece=forming
bpe_model_trainer.cc(268) LOG(INFO) Added: freq=5173 size=14800 all=1293237 active=68376 piece=ΓûüDelta
bpe_model_trainer.cc(159) LOG(INFO) Updating active symbols. max_freq=5173 min_freq=306
bpe_model_trainer.cc(268) LOG(INFO) Added: freq=5165 size=14820 all=1293986 active=65394 piece=icked
bpe_model_trainer.cc(268) LOG(INFO) Added: freq=5152 size=14840 all=1294814 active=66222 piece=Γûünorthwest
bpe_model_trainer.cc(268) LOG(INFO) Added: freq=5143 size=14860 all=1295659 active=67067 piece=Γûüenhancing
bpe_model_trainer.cc(268) LOG(INFO) Added: freq=5133 size=14880 all=1297056 active=68464 piece=Γûüdeck
bpe_model_trainer.cc(268) LOG(INFO) Added: freq=5121 size=14900 all=1297840 active=69248 piece=pot
bpe_model_trainer.cc(159) LOG(INFO) Updating active symbols. max_freq=5121 min_freq=304
bpe_model_trainer.cc(268) LOG(INFO) Added: freq=5113 size=14920 all=1298876 active=65635 piece=ΓûüCyber
bpe_model_trainer.cc(268) LOG(INFO) Added: freq=5102 size=14940 all=1300231 active=66990 piece=Γûüflame
bpe_model_trainer.cc(268) LOG(INFO) Added: freq=5092 size=14960 all=1301440 active=68199 piece=Γûüclaiming
bpe_model_trainer.cc(268) LOG(INFO) Added: freq=5078 size=14980 all=1301964 active=68723 piece=enez
bpe_model_trainer.cc(268) LOG(INFO) Added: freq=5070 size=15000 all=1303153 active=69912 piece=Γûüvaccinated
bpe_model_trainer.cc(159) LOG(INFO) Updating active symbols. max_freq=5069 min_freq=301
bpe_model_trainer.cc(268) LOG(INFO) Added: freq=5060 size=15020 all=1303692 active=65697 piece=ΓûüProtestant
bpe_model_trainer.cc(268) LOG(INFO) Added: freq=5049 size=15040 all=1304345 active=66350 piece=tem
bpe_model_trainer.cc(268) LOG(INFO) Added: freq=5039 size=15060 all=1305828 active=67833 piece=Γûü5%
bpe_model_trainer.cc(268) LOG(INFO) Added: freq=5029 size=15080 all=1307075 active=69080 piece=Γûüintric
bpe_model_trainer.cc(268) LOG(INFO) Added: freq=5020 size=15100 all=1307771 active=69776 piece=ΓûüTelevision
bpe_model_trainer.cc(159) LOG(INFO) Updating active symbols. max_freq=5019 min_freq=299
bpe_model_trainer.cc(268) LOG(INFO) Added: freq=5011 size=15120 all=1308944 active=66552 piece=Γûünavig
bpe_model_trainer.cc(268) LOG(INFO) Added: freq=4998 size=15140 all=1310218 active=67826 piece=ΓûüLif
bpe_model_trainer.cc(268) LOG(INFO) Added: freq=4988 size=15160 all=1310597 active=68205 piece=renheit
bpe_model_trainer.cc(268) LOG(INFO) Added: freq=4975 size=15180 all=1310795 active=68403 piece=ΓûüUSS
bpe_model_trainer.cc(268) LOG(INFO) Added: freq=4961 size=15200 all=1312128 active=69736 piece=Γûüchord
bpe_model_trainer.cc(159) LOG(INFO) Updating active symbols. max_freq=4961 min_freq=297
bpe_model_trainer.cc(268) LOG(INFO) Added: freq=4952 size=15220 all=1313243 active=66697 piece=ΓûüPopular
bpe_model_trainer.cc(268) LOG(INFO) Added: freq=4942 size=15240 all=1314080 active=67534 piece=Γûülady
bpe_model_trainer.cc(268) LOG(INFO) Added: freq=4932 size=15260 all=1314713 active=68167 piece=ΓûüCampbell
bpe_model_trainer.cc(268) LOG(INFO) Added: freq=4921 size=15280 all=1315449 active=68903 piece=ΓûüMelbourne
bpe_model_trainer.cc(268) LOG(INFO) Added: freq=4905 size=15300 all=1316880 active=70334 piece=ΓûüMoz
bpe_model_trainer.cc(159) LOG(INFO) Updating active symbols. max_freq=4905 min_freq=295
bpe_model_trainer.cc(268) LOG(INFO) Added: freq=4899 size=15320 all=1317988 active=66895 piece=iatry
bpe_model_trainer.cc(268) LOG(INFO) Added: freq=4892 size=15340 all=1318653 active=67560 piece=Γûülinguistic
bpe_model_trainer.cc(268) LOG(INFO) Added: freq=4883 size=15360 all=1319759 active=68666 piece=species
bpe_model_trainer.cc(268) LOG(INFO) Added: freq=4876 size=15380 all=1320770 active=69677 piece=ΓûüLanka
bpe_model_trainer.cc(268) LOG(INFO) Added: freq=4863 size=15400 all=1321280 active=70187 piece=Γûüanymore
bpe_model_trainer.cc(159) LOG(INFO) Updating active symbols. max_freq=4862 min_freq=292
bpe_model_trainer.cc(268) LOG(INFO) Added: freq=4855 size=15420 all=1321433 active=66217 piece=ΓûüServer
bpe_model_trainer.cc(268) LOG(INFO) Added: freq=4846 size=15440 all=1321692 active=66476 piece=TO
bpe_model_trainer.cc(268) LOG(INFO) Added: freq=4835 size=15460 all=1323167 active=67951 piece=Γûüsuppliers
bpe_model_trainer.cc(268) LOG(INFO) Added: freq=4823 size=15480 all=1324496 active=69280 piece=ΓûüBatt
bpe_model_trainer.cc(268) LOG(INFO) Added: freq=4810 size=15500 all=1325356 active=70140 piece=Γûüretina
bpe_model_trainer.cc(159) LOG(INFO) Updating active symbols. max_freq=4810 min_freq=290
bpe_model_trainer.cc(268) LOG(INFO) Added: freq=4800 size=15520 all=1326150 active=67061 piece=ΓûüSax
bpe_model_trainer.cc(268) LOG(INFO) Added: freq=4790 size=15540 all=1326734 active=67645 piece=Γûüorganizational
bpe_model_trainer.cc(268) LOG(INFO) Added: freq=4783 size=15560 all=1327909 active=68820 piece=Γûüairplane
bpe_model_trainer.cc(268) LOG(INFO) Added: freq=4772 size=15580 all=1328741 active=69652 piece=ΓûüDa
bpe_model_trainer.cc(268) LOG(INFO) Added: freq=4762 size=15600 all=1329536 active=70447 piece=ΓûüAle
bpe_model_trainer.cc(159) LOG(INFO) Updating active symbols. max_freq=4762 min_freq=288
bpe_model_trainer.cc(268) LOG(INFO) Added: freq=4749 size=15620 all=1330566 active=67385 piece=ΓûüSah
bpe_model_trainer.cc(268) LOG(INFO) Added: freq=4744 size=15640 all=1331037 active=67856 piece=Γûüacceleration
bpe_model_trainer.cc(268) LOG(INFO) Added: freq=4733 size=15660 all=1332228 active=69047 piece=Γûüdealt
bpe_model_trainer.cc(268) LOG(INFO) Added: freq=4725 size=15680 all=1333217 active=70036 piece=Γûütrait
bpe_model_trainer.cc(268) LOG(INFO) Added: freq=4714 size=15700 all=1334351 active=71170 piece=Γûüthrowing
bpe_model_trainer.cc(159) LOG(INFO) Updating active symbols. max_freq=4714 min_freq=286
bpe_model_trainer.cc(268) LOG(INFO) Added: freq=4704 size=15720 all=1335190 active=67557 piece=Γûügoverning
bpe_model_trainer.cc(268) LOG(INFO) Added: freq=4697 size=15740 all=1336196 active=68563 piece=anical
bpe_model_trainer.cc(268) LOG(INFO) Added: freq=4688 size=15760 all=1336738 active=69105 piece=Γûü╬╝
bpe_model_trainer.cc(268) LOG(INFO) Added: freq=4678 size=15780 all=1337746 active=70113 piece=Γûümunicipalities
bpe_model_trainer.cc(268) LOG(INFO) Added: freq=4668 size=15800 all=1338884 active=71251 piece=ΓûüStrategy
bpe_model_trainer.cc(159) LOG(INFO) Updating active symbols. max_freq=4668 min_freq=284
bpe_model_trainer.cc(268) LOG(INFO) Added: freq=4655 size=15820 all=1339675 active=67721 piece=Γûüearning
bpe_model_trainer.cc(268) LOG(INFO) Added: freq=4646 size=15840 all=1340995 active=69041 piece=iguous
bpe_model_trainer.cc(268) LOG(INFO) Added: freq=4637 size=15860 all=1343068 active=71114 piece=Γûüimplants
bpe_model_trainer.cc(268) LOG(INFO) Added: freq=4630 size=15880 all=1345184 active=73230 piece=Γûüjumping
bpe_model_trainer.cc(268) LOG(INFO) Added: freq=4620 size=15900 all=1346317 active=74363 piece=Γûülabs
bpe_model_trainer.cc(159) LOG(INFO) Updating active symbols. max_freq=4620 min_freq=281
bpe_model_trainer.cc(268) LOG(INFO) Added: freq=4612 size=15920 all=1346995 active=67991 piece=ΓûüCities
bpe_model_trainer.cc(268) LOG(INFO) Added: freq=4601 size=15940 all=1347679 active=68675 piece=ΓûüWet
bpe_model_trainer.cc(268) LOG(INFO) Added: freq=4595 size=15960 all=1348435 active=69431 piece=black
bpe_model_trainer.cc(268) LOG(INFO) Added: freq=4587 size=15980 all=1350067 active=71063 piece=ΓûüHorse
bpe_model_trainer.cc(268) LOG(INFO) Added: freq=4576 size=16000 all=1350291 active=71287 piece=Γûüantim
bpe_model_trainer.cc(159) LOG(INFO) Updating active symbols. max_freq=4575 min_freq=280
bpe_model_trainer.cc(268) LOG(INFO) Added: freq=4569 size=16020 all=1351050 active=68233 piece=ΓûüJoy
bpe_model_trainer.cc(268) LOG(INFO) Added: freq=4557 size=16040 all=1352399 active=69582 piece=Γûüholistic
bpe_model_trainer.cc(268) LOG(INFO) Added: freq=4547 size=16060 all=1353428 active=70611 piece=Γûüsins
bpe_model_trainer.cc(268) LOG(INFO) Added: freq=4540 size=16080 all=1353900 active=71083 piece=ΓûüNothing
bpe_model_trainer.cc(268) LOG(INFO) Added: freq=4531 size=16100 all=1354493 active=71676 piece=ΓûüNAT
bpe_model_trainer.cc(159) LOG(INFO) Updating active symbols. max_freq=4531 min_freq=278
bpe_model_trainer.cc(268) LOG(INFO) Added: freq=4524 size=16120 all=1355600 active=68786 piece=Γûüunto
bpe_model_trainer.cc(268) LOG(INFO) Added: freq=4515 size=16140 all=1356542 active=69728 piece=eger
bpe_model_trainer.cc(268) LOG(INFO) Added: freq=4508 size=16160 all=1357094 active=70280 piece=brush
bpe_model_trainer.cc(268) LOG(INFO) Added: freq=4501 size=16180 all=1358801 active=71987 piece=Γûüauthentication
bpe_model_trainer.cc(268) LOG(INFO) Added: freq=4494 size=16200 all=1359148 active=72334 piece=uling
bpe_model_trainer.cc(159) LOG(INFO) Updating active symbols. max_freq=4494 min_freq=276
bpe_model_trainer.cc(268) LOG(INFO) Added: freq=4482 size=16220 all=1359469 active=68210 piece=ΓûüBengal
bpe_model_trainer.cc(268) LOG(INFO) Added: freq=4472 size=16240 all=1360202 active=68943 piece=Γûütravelling
bpe_model_trainer.cc(268) LOG(INFO) Added: freq=4464 size=16260 all=1361171 active=69912 piece=Γûümainland
bpe_model_trainer.cc(268) LOG(INFO) Added: freq=4457 size=16280 all=1361931 active=70672 piece=ulators
bpe_model_trainer.cc(268) LOG(INFO) Added: freq=4450 size=16300 all=1363088 active=71829 piece=prising
bpe_model_trainer.cc(159) LOG(INFO) Updating active symbols. max_freq=4450 min_freq=274
bpe_model_trainer.cc(268) LOG(INFO) Added: freq=4440 size=16320 all=1363428 active=68475 piece=Γûüsolo
bpe_model_trainer.cc(268) LOG(INFO) Added: freq=4428 size=16340 all=1364361 active=69408 piece=Γûüexhibited
bpe_model_trainer.cc(268) LOG(INFO) Added: freq=4421 size=16360 all=1365703 active=70750 piece=Γûümalicious
bpe_model_trainer.cc(268) LOG(INFO) Added: freq=4412 size=16380 all=1367010 active=72057 piece=Γûüpioneer
bpe_model_trainer.cc(268) LOG(INFO) Added: freq=4402 size=16400 all=1368483 active=73530 piece=ΓûüCornell
bpe_model_trainer.cc(159) LOG(INFO) Updating active symbols. max_freq=4402 min_freq=272
bpe_model_trainer.cc(268) LOG(INFO) Added: freq=4391 size=16420 all=1369229 active=69163 piece=Γûüdemanded
bpe_model_trainer.cc(268) LOG(INFO) Added: freq=4382 size=16440 all=1370556 active=70490 piece=Γûüdonation
bpe_model_trainer.cc(268) LOG(INFO) Added: freq=4374 size=16460 all=1372370 active=72304 piece=Γûüpant
bpe_model_trainer.cc(268) LOG(INFO) Added: freq=4359 size=16480 all=1373660 active=73594 piece=ΓûüTheod
bpe_model_trainer.cc(268) LOG(INFO) Added: freq=4350 size=16500 all=1374154 active=74088 piece=ΓûüCris
bpe_model_trainer.cc(159) LOG(INFO) Updating active symbols. max_freq=4350 min_freq=269
bpe_model_trainer.cc(268) LOG(INFO) Added: freq=4335 size=16520 all=1374589 active=69091 piece=Γûübubbles
bpe_model_trainer.cc(268) LOG(INFO) Added: freq=4324 size=16540 all=1375310 active=69812 piece=Γûürecession
bpe_model_trainer.cc(268) LOG(INFO) Added: freq=4314 size=16560 all=1376857 active=71359 piece=ΓûüAristotle
bpe_model_trainer.cc(268) LOG(INFO) Added: freq=4297 size=16580 all=1377454 active=71956 piece=Γûüendurance
bpe_model_trainer.cc(268) LOG(INFO) Added: freq=4289 size=16600 all=1377937 active=72439 piece=Γûüreptiles
bpe_model_trainer.cc(159) LOG(INFO) Updating active symbols. max_freq=4288 min_freq=268
bpe_model_trainer.cc(268) LOG(INFO) Added: freq=4279 size=16620 all=1379394 active=70351 piece=Γûütoe
bpe_model_trainer.cc(268) LOG(INFO) Added: freq=4271 size=16640 all=1380139 active=71096 piece=may
bpe_model_trainer.cc(268) LOG(INFO) Added: freq=4261 size=16660 all=1380971 active=71928 piece=nels
bpe_model_trainer.cc(268) LOG(INFO) Added: freq=4254 size=16680 all=1382441 active=73398 piece=dependent
bpe_model_trainer.cc(268) LOG(INFO) Added: freq=4244 size=16700 all=1384269 active=75226 piece=inse
bpe_model_trainer.cc(159) LOG(INFO) Updating active symbols. max_freq=4244 min_freq=266
bpe_model_trainer.cc(268) LOG(INFO) Added: freq=4237 size=16720 all=1385714 active=70572 piece=grass
bpe_model_trainer.cc(268) LOG(INFO) Added: freq=4230 size=16740 all=1386417 active=71275 piece=ΓûüMolecular
bpe_model_trainer.cc(268) LOG(INFO) Added: freq=4219 size=16760 all=1387070 active=71928 piece=ΓûüSteel
bpe_model_trainer.cc(268) LOG(INFO) Added: freq=4210 size=16780 all=1388106 active=72964 piece=ΓûüRefuge
bpe_model_trainer.cc(268) LOG(INFO) Added: freq=4201 size=16800 all=1389217 active=74075 piece=30.
bpe_model_trainer.cc(159) LOG(INFO) Updating active symbols. max_freq=4201 min_freq=264
bpe_model_trainer.cc(268) LOG(INFO) Added: freq=4194 size=16820 all=1390608 active=70549 piece=Γûüconverts
bpe_model_trainer.cc(268) LOG(INFO) Added: freq=4185 size=16840 all=1391583 active=71524 piece=Γûümites
bpe_model_trainer.cc(268) LOG(INFO) Added: freq=4180 size=16860 all=1392933 active=72874 piece=ounters
bpe_model_trainer.cc(268) LOG(INFO) Added: freq=4169 size=16880 all=1394407 active=74348 piece=ΓûüMetropolitan
bpe_model_trainer.cc(268) LOG(INFO) Added: freq=4160 size=16900 all=1395526 active=75467 piece=Γûü1969
bpe_model_trainer.cc(159) LOG(INFO) Updating active symbols. max_freq=4160 min_freq=261
bpe_model_trainer.cc(268) LOG(INFO) Added: freq=4149 size=16920 all=1395996 active=70206 piece=ΓûüAbove
bpe_model_trainer.cc(268) LOG(INFO) Added: freq=4143 size=16940 all=1396316 active=70526 piece=star
bpe_model_trainer.cc(268) LOG(INFO) Added: freq=4136 size=16960 all=1398035 active=72245 piece=Γûüinspiring
bpe_model_trainer.cc(268) LOG(INFO) Added: freq=4130 size=16980 all=1398831 active=73041 piece=ΓûüBranch
bpe_model_trainer.cc(268) LOG(INFO) Added: freq=4119 size=17000 all=1399513 active=73723 piece=Γûücin
bpe_model_trainer.cc(159) LOG(INFO) Updating active symbols. max_freq=4119 min_freq=260
bpe_model_trainer.cc(268) LOG(INFO) Added: freq=4111 size=17020 all=1399827 active=70257 piece=ΓûüChes
bpe_model_trainer.cc(268) LOG(INFO) Added: freq=4104 size=17040 all=1401153 active=71583 piece=Γûürepresentations
bpe_model_trainer.cc(268) LOG(INFO) Added: freq=4097 size=17060 all=1402184 active=72614 piece=Γûüminers
bpe_model_trainer.cc(268) LOG(INFO) Added: freq=4090 size=17080 all=1402958 active=73388 piece=Γûüeyel
bpe_model_trainer.cc(268) LOG(INFO) Added: freq=4085 size=17100 all=1403551 active=73981 piece=Γûüaccessing
bpe_model_trainer.cc(159) LOG(INFO) Updating active symbols. max_freq=4085 min_freq=258
bpe_model_trainer.cc(268) LOG(INFO) Added: freq=4079 size=17120 all=1404343 active=70970 piece=overty
bpe_model_trainer.cc(268) LOG(INFO) Added: freq=4071 size=17140 all=1405017 active=71644 piece=Γûü4,000
bpe_model_trainer.cc(268) LOG(INFO) Added: freq=4065 size=17160 all=1405626 active=72253 piece=Γûüglad
bpe_model_trainer.cc(268) LOG(INFO) Added: freq=4058 size=17180 all=1406219 active=72846 piece=efin
bpe_model_trainer.cc(268) LOG(INFO) Added: freq=4052 size=17200 all=1406870 active=73497 piece=ΓûüBou
bpe_model_trainer.cc(159) LOG(INFO) Updating active symbols. max_freq=4052 min_freq=257
bpe_model_trainer.cc(268) LOG(INFO) Added: freq=4044 size=17220 all=1407540 active=70856 piece=Γûüdome
bpe_model_trainer.cc(268) LOG(INFO) Added: freq=4036 size=17240 all=1408804 active=72120 piece=Γûüski
bpe_model_trainer.cc(268) LOG(INFO) Added: freq=4026 size=17260 all=1410206 active=73522 piece=ΓûüBath
bpe_model_trainer.cc(268) LOG(INFO) Added: freq=4019 size=17280 all=1410926 active=74242 piece=Γûüwaist
bpe_model_trainer.cc(268) LOG(INFO) Added: freq=4014 size=17300 all=1411436 active=74752 piece=Γûüculturally
bpe_model_trainer.cc(159) LOG(INFO) Updating active symbols. max_freq=4013 min_freq=255
bpe_model_trainer.cc(268) LOG(INFO) Added: freq=4006 size=17320 all=1412030 active=71164 piece=ΓûüHoriz
bpe_model_trainer.cc(268) LOG(INFO) Added: freq=4000 size=17340 all=1413285 active=72419 piece=Γûüillumin
bpe_model_trainer.cc(268) LOG(INFO) Added: freq=3993 size=17360 all=1414550 active=73684 piece=Γûüpeat
bpe_model_trainer.cc(268) LOG(INFO) Added: freq=3984 size=17380 all=1416172 active=75306 piece=ΓûüPearl
bpe_model_trainer.cc(268) LOG(INFO) Added: freq=3975 size=17400 all=1417042 active=76176 piece=Γûüdisturbed
bpe_model_trainer.cc(159) LOG(INFO) Updating active symbols. max_freq=3975 min_freq=253
bpe_model_trainer.cc(268) LOG(INFO) Added: freq=3969 size=17420 all=1418592 active=72403 piece=present
bpe_model_trainer.cc(268) LOG(INFO) Added: freq=3961 size=17440 all=1419069 active=72880 piece=HR
bpe_model_trainer.cc(268) LOG(INFO) Added: freq=3952 size=17460 all=1420137 active=73948 piece=ΓûüGlas
bpe_model_trainer.cc(268) LOG(INFO) Added: freq=3945 size=17480 all=1420758 active=74569 piece=Γûücriminals
bpe_model_trainer.cc(268) LOG(INFO) Added: freq=3935 size=17500 all=1421591 active=75402 piece=seen
bpe_model_trainer.cc(159) LOG(INFO) Updating active symbols. max_freq=3935 min_freq=251
bpe_model_trainer.cc(268) LOG(INFO) Added: freq=3926 size=17520 all=1422847 active=72295 piece=lined
bpe_model_trainer.cc(268) LOG(INFO) Added: freq=3920 size=17540 all=1423362 active=72810 piece=83
bpe_model_trainer.cc(268) LOG(INFO) Added: freq=3914 size=17560 all=1424876 active=74324 piece=ΓûüGran
bpe_model_trainer.cc(268) LOG(INFO) Added: freq=3909 size=17580 all=1425469 active=74917 piece=Γûütidal
bpe_model_trainer.cc(268) LOG(INFO) Added: freq=3903 size=17600 all=1426203 active=75651 piece=World
bpe_model_trainer.cc(159) LOG(INFO) Updating active symbols. max_freq=3903 min_freq=249
bpe_model_trainer.cc(268) LOG(INFO) Added: freq=3896 size=17620 all=1427044 active=71857 piece=Γûüacet
bpe_model_trainer.cc(268) LOG(INFO) Added: freq=3891 size=17640 all=1427927 active=72740 piece=Γûügifted
bpe_model_trainer.cc(268) LOG(INFO) Added: freq=3884 size=17660 all=1428648 active=73461 piece=ΓûüInstruct
bpe_model_trainer.cc(268) LOG(INFO) Added: freq=3877 size=17680 all=1429215 active=74028 piece=ΓûüTol
bpe_model_trainer.cc(268) LOG(INFO) Added: freq=3871 size=17700 all=1429868 active=74681 piece=Γûü1974
bpe_model_trainer.cc(159) LOG(INFO) Updating active symbols. max_freq=3871 min_freq=248
bpe_model_trainer.cc(268) LOG(INFO) Added: freq=3866 size=17720 all=1430662 active=72240 piece=Γûüutilization
bpe_model_trainer.cc(268) LOG(INFO) Added: freq=3859 size=17740 all=1432110 active=73688 piece=ΓûüSL
bpe_model_trainer.cc(268) LOG(INFO) Added: freq=3853 size=17760 all=1432965 active=74543 piece=Γûüapparatus
bpe_model_trainer.cc(268) LOG(INFO) Added: freq=3845 size=17780 all=1434724 active=76302 piece=Γûüanterior
bpe_model_trainer.cc(268) LOG(INFO) Added: freq=3839 size=17800 all=1435032 active=76610 piece=Γûüfetus
bpe_model_trainer.cc(159) LOG(INFO) Updating active symbols. max_freq=3839 min_freq=246
bpe_model_trainer.cc(268) LOG(INFO) Added: freq=3830 size=17820 all=1436115 active=72832 piece=ΓûüStrategies
bpe_model_trainer.cc(268) LOG(INFO) Added: freq=3822 size=17840 all=1436464 active=73181 piece=xia
bpe_model_trainer.cc(268) LOG(INFO) Added: freq=3817 size=17860 all=1437013 active=73730 piece=Γûüphilosophers
bpe_model_trainer.cc(268) LOG(INFO) Added: freq=3810 size=17880 all=1438246 active=74963 piece=ΓûüWire
bpe_model_trainer.cc(268) LOG(INFO) Added: freq=3805 size=17900 all=1439516 active=76233 piece=Γûücapitalism
bpe_model_trainer.cc(159) LOG(INFO) Updating active symbols. max_freq=3804 min_freq=245
bpe_model_trainer.cc(268) LOG(INFO) Added: freq=3796 size=17920 all=1439964 active=72418 piece=Γûüeducating
bpe_model_trainer.cc(268) LOG(INFO) Added: freq=3789 size=17940 all=1440599 active=73053 piece=ΓûüRAM
bpe_model_trainer.cc(268) LOG(INFO) Added: freq=3781 size=17960 all=1441155 active=73609 piece=Γûüfuneral
bpe_model_trainer.cc(268) LOG(INFO) Added: freq=3775 size=17980 all=1442247 active=74701 piece=ΓûüRegist
bpe_model_trainer.cc(268) LOG(INFO) Added: freq=3766 size=18000 all=1442835 active=75289 piece=Γûüweighing
bpe_model_trainer.cc(159) LOG(INFO) Updating active symbols. max_freq=3765 min_freq=243
bpe_model_trainer.cc(268) LOG(INFO) Added: freq=3761 size=18020 all=1443741 active=73048 piece=Γûüswallowing
bpe_model_trainer.cc(268) LOG(INFO) Added: freq=3756 size=18040 all=1444892 active=74199 piece=Γûübeads
bpe_model_trainer.cc(268) LOG(INFO) Added: freq=3750 size=18060 all=1445786 active=75093 piece=ΓûüProced
bpe_model_trainer.cc(268) LOG(INFO) Added: freq=3738 size=18080 all=1446744 active=76051 piece=nc
bpe_model_trainer.cc(268) LOG(INFO) Added: freq=3732 size=18100 all=1447681 active=76988 piece=ΓûüBenn
bpe_model_trainer.cc(159) LOG(INFO) Updating active symbols. max_freq=3732 min_freq=242
bpe_model_trainer.cc(268) LOG(INFO) Added: freq=3727 size=18120 all=1448491 active=73145 piece=Γûübeverage
bpe_model_trainer.cc(268) LOG(INFO) Added: freq=3722 size=18140 all=1449463 active=74117 piece=Γûüdisturbing
bpe_model_trainer.cc(268) LOG(INFO) Added: freq=3717 size=18160 all=1450453 active=75107 piece=Γûümartial
bpe_model_trainer.cc(268) LOG(INFO) Added: freq=3711 size=18180 all=1451496 active=76150 piece=Γûüparadox
bpe_model_trainer.cc(268) LOG(INFO) Added: freq=3705 size=18200 all=1452766 active=77420 piece=Γûübuzz
bpe_model_trainer.cc(159) LOG(INFO) Updating active symbols. max_freq=3705 min_freq=240
bpe_model_trainer.cc(268) LOG(INFO) Added: freq=3700 size=18220 all=1453550 active=73398 piece=Γûüemergencies
bpe_model_trainer.cc(268) LOG(INFO) Added: freq=3689 size=18240 all=1454354 active=74202 piece=SO
bpe_model_trainer.cc(268) LOG(INFO) Added: freq=3682 size=18260 all=1455535 active=75383 piece=reating
bpe_model_trainer.cc(268) LOG(INFO) Added: freq=3676 size=18280 all=1456412 active=76260 piece=ΓûüLore
bpe_model_trainer.cc(268) LOG(INFO) Added: freq=3670 size=18300 all=1457473 active=77321 piece=Γûüsubtract
bpe_model_trainer.cc(159) LOG(INFO) Updating active symbols. max_freq=3670 min_freq=238
bpe_model_trainer.cc(268) LOG(INFO) Added: freq=3665 size=18320 all=1458442 active=73836 piece=Γûüarguing
bpe_model_trainer.cc(268) LOG(INFO) Added: freq=3656 size=18340 all=1459036 active=74430 piece=ΓûüAdobe
bpe_model_trainer.cc(268) LOG(INFO) Added: freq=3651 size=18360 all=1460058 active=75452 piece=ΓûüMeteor
bpe_model_trainer.cc(268) LOG(INFO) Added: freq=3648 size=18380 all=1460928 active=76322 piece=ΓûüChanging
bpe_model_trainer.cc(268) LOG(INFO) Added: freq=3642 size=18400 all=1461671 active=77065 piece=ΓûüColonel
bpe_model_trainer.cc(159) LOG(INFO) Updating active symbols. max_freq=3642 min_freq=237
bpe_model_trainer.cc(268) LOG(INFO) Added: freq=3635 size=18420 all=1462726 active=74138 piece=amy
bpe_model_trainer.cc(268) LOG(INFO) Added: freq=3629 size=18440 all=1464022 active=75434 piece=ΓûüPlans
bpe_model_trainer.cc(268) LOG(INFO) Added: freq=3623 size=18460 all=1464418 active=75830 piece=Γûüposterior
bpe_model_trainer.cc(268) LOG(INFO) Added: freq=3617 size=18480 all=1465120 active=76532 piece=Γûüreception
bpe_model_trainer.cc(268) LOG(INFO) Added: freq=3609 size=18500 all=1465786 active=77198 piece=ΓûüMak
bpe_model_trainer.cc(159) LOG(INFO) Updating active symbols. max_freq=3609 min_freq=235
bpe_model_trainer.cc(268) LOG(INFO) Added: freq=3605 size=18520 all=1466781 active=74018 piece=ΓûüBreat
bpe_model_trainer.cc(268) LOG(INFO) Added: freq=3599 size=18540 all=1467596 active=74833 piece=Γûücolder
bpe_model_trainer.cc(268) LOG(INFO) Added: freq=3591 size=18560 all=1468487 active=75724 piece=Γûücocaine
bpe_model_trainer.cc(268) LOG(INFO) Added: freq=3583 size=18580 all=1468990 active=76227 piece=data
bpe_model_trainer.cc(268) LOG(INFO) Added: freq=3578 size=18600 all=1469531 active=76768 piece=Γûüplayground
bpe_model_trainer.cc(159) LOG(INFO) Updating active symbols. max_freq=3577 min_freq=234
bpe_model_trainer.cc(268) LOG(INFO) Added: freq=3571 size=18620 all=1470864 active=74807 piece=fi
bpe_model_trainer.cc(268) LOG(INFO) Added: freq=3564 size=18640 all=1472417 active=76360 piece=anic
bpe_model_trainer.cc(268) LOG(INFO) Added: freq=3560 size=18660 all=1473292 active=77235 piece=icism
bpe_model_trainer.cc(268) LOG(INFO) Added: freq=3554 size=18680 all=1474088 active=78031 piece=ΓûüCauc
bpe_model_trainer.cc(268) LOG(INFO) Added: freq=3546 size=18700 all=1474607 active=78550 piece=Γûüconsulting
bpe_model_trainer.cc(159) LOG(INFO) Updating active symbols. max_freq=3545 min_freq=232
bpe_model_trainer.cc(268) LOG(INFO) Added: freq=3542 size=18720 all=1475546 active=74669 piece=Γûüquestioning
bpe_model_trainer.cc(268) LOG(INFO) Added: freq=3534 size=18740 all=1476716 active=75839 piece=April
bpe_model_trainer.cc(268) LOG(INFO) Added: freq=3530 size=18760 all=1477633 active=76756 piece=Γûücompetitions
bpe_model_trainer.cc(268) LOG(INFO) Added: freq=3522 size=18780 all=1478367 active=77490 piece=Γûüaerobic
bpe_model_trainer.cc(268) LOG(INFO) Added: freq=3515 size=18800 all=1479163 active=78286 piece=ΓûüLatino
bpe_model_trainer.cc(159) LOG(INFO) Updating active symbols. max_freq=3515 min_freq=231
bpe_model_trainer.cc(268) LOG(INFO) Added: freq=3508 size=18820 all=1479922 active=74713 piece=KE
bpe_model_trainer.cc(268) LOG(INFO) Added: freq=3502 size=18840 all=1480713 active=75504 piece=rological
bpe_model_trainer.cc(268) LOG(INFO) Added: freq=3496 size=18860 all=1481529 active=76320 piece=Γûüforestry
bpe_model_trainer.cc(268) LOG(INFO) Added: freq=3487 size=18880 all=1482228 active=77019 piece=Γûüpumpkin
bpe_model_trainer.cc(268) LOG(INFO) Added: freq=3480 size=18900 all=1483792 active=78583 piece=Γûüconstellation
bpe_model_trainer.cc(159) LOG(INFO) Updating active symbols. max_freq=3480 min_freq=230
bpe_model_trainer.cc(268) LOG(INFO) Added: freq=3475 size=18920 all=1484742 active=75135 piece=ΓûüGeneva
bpe_model_trainer.cc(268) LOG(INFO) Added: freq=3469 size=18940 all=1485780 active=76173 piece=Γûüdosage
bpe_model_trainer.cc(268) LOG(INFO) Added: freq=3463 size=18960 all=1486735 active=77128 piece=Γûüdevote
bpe_model_trainer.cc(268) LOG(INFO) Added: freq=3457 size=18980 all=1487239 active=77632 piece=ΓûüJudge
bpe_model_trainer.cc(268) LOG(INFO) Added: freq=3450 size=19000 all=1488271 active=78664 piece=Γûüseldom
bpe_model_trainer.cc(159) LOG(INFO) Updating active symbols. max_freq=3450 min_freq=228
bpe_model_trainer.cc(268) LOG(INFO) Added: freq=3444 size=19020 all=1489121 active=75262 piece=products
bpe_model_trainer.cc(268) LOG(INFO) Added: freq=3439 size=19040 all=1489904 active=76045 piece=Γûümetropolitan
bpe_model_trainer.cc(268) LOG(INFO) Added: freq=3432 size=19060 all=1490319 active=76460 piece=verbs
bpe_model_trainer.cc(268) LOG(INFO) Added: freq=3425 size=19080 all=1491359 active=77500 piece=alid
bpe_model_trainer.cc(268) LOG(INFO) Added: freq=3420 size=19100 all=1492155 active=78296 piece=ΓûüHughes
bpe_model_trainer.cc(159) LOG(INFO) Updating active symbols. max_freq=3419 min_freq=227
bpe_model_trainer.cc(268) LOG(INFO) Added: freq=3412 size=19120 all=1493027 active=75469 piece=ΓûüTes
bpe_model_trainer.cc(268) LOG(INFO) Added: freq=3408 size=19140 all=1494249 active=76691 piece=ΓûüDeal
bpe_model_trainer.cc(268) LOG(INFO) Added: freq=3401 size=19160 all=1494677 active=77119 piece=chlor
bpe_model_trainer.cc(268) LOG(INFO) Added: freq=3396 size=19180 all=1495295 active=77737 piece=ΓûüBiodiversity
bpe_model_trainer.cc(268) LOG(INFO) Added: freq=3387 size=19200 all=1495569 active=78011 piece=Γûügardeners
bpe_model_trainer.cc(159) LOG(INFO) Updating active symbols. max_freq=3387 min_freq=226
bpe_model_trainer.cc(268) LOG(INFO) Added: freq=3381 size=19220 all=1496568 active=75777 piece=Γûüleukemia
bpe_model_trainer.cc(268) LOG(INFO) Added: freq=3375 size=19240 all=1497111 active=76320 piece=Γûüornamental
bpe_model_trainer.cc(268) LOG(INFO) Added: freq=3369 size=19260 all=1498160 active=77369 piece=ploys
bpe_model_trainer.cc(268) LOG(INFO) Added: freq=3365 size=19280 all=1499150 active=78359 piece=ΓûüGO
bpe_model_trainer.cc(268) LOG(INFO) Added: freq=3361 size=19300 all=1499683 active=78892 piece=odic
bpe_model_trainer.cc(159) LOG(INFO) Updating active symbols. max_freq=3361 min_freq=224
bpe_model_trainer.cc(268) LOG(INFO) Added: freq=3355 size=19320 all=1500558 active=75755 piece=ΓûüSARS
bpe_model_trainer.cc(268) LOG(INFO) Added: freq=3351 size=19340 all=1501012 active=76209 piece=ΓûüSyrian
bpe_model_trainer.cc(268) LOG(INFO) Added: freq=3346 size=19360 all=1501879 active=77076 piece=Γûüsadness
bpe_model_trainer.cc(268) LOG(INFO) Added: freq=3340 size=19380 all=1502928 active=78125 piece=ΓûüBurg
bpe_model_trainer.cc(268) LOG(INFO) Added: freq=3332 size=19400 all=1503669 active=78866 piece=Γûüfurnace
bpe_model_trainer.cc(159) LOG(INFO) Updating active symbols. max_freq=3331 min_freq=223
bpe_model_trainer.cc(268) LOG(INFO) Added: freq=3327 size=19420 all=1504397 active=75909 piece=Γûücatalyst
bpe_model_trainer.cc(268) LOG(INFO) Added: freq=3323 size=19440 all=1505518 active=77030 piece=exper
bpe_model_trainer.cc(268) LOG(INFO) Added: freq=3317 size=19460 all=1506580 active=78092 piece=Γûüanonymous
bpe_model_trainer.cc(268) LOG(INFO) Added: freq=3311 size=19480 all=1507099 active=78611 piece=Γûüdubbed
bpe_model_trainer.cc(268) LOG(INFO) Added: freq=3304 size=19500 all=1509336 active=80848 piece=Γûü1941
bpe_model_trainer.cc(159) LOG(INFO) Updating active symbols. max_freq=3304 min_freq=221
bpe_model_trainer.cc(268) LOG(INFO) Added: freq=3299 size=19520 all=1509897 active=75994 piece=Γûüpaired
bpe_model_trainer.cc(268) LOG(INFO) Added: freq=3296 size=19540 all=1510487 active=76584 piece=ΓûüRegulations
bpe_model_trainer.cc(268) LOG(INFO) Added: freq=3290 size=19560 all=1510986 active=77083 piece=Γûüunified
bpe_model_trainer.cc(268) LOG(INFO) Added: freq=3285 size=19580 all=1512115 active=78212 piece=Γûü1944
bpe_model_trainer.cc(268) LOG(INFO) Added: freq=3280 size=19600 all=1512715 active=78812 piece=odyn
bpe_model_trainer.cc(159) LOG(INFO) Updating active symbols. max_freq=3280 min_freq=220
bpe_model_trainer.cc(268) LOG(INFO) Added: freq=3277 size=19620 all=1513820 active=76679 piece=Γûünumbered
bpe_model_trainer.cc(268) LOG(INFO) Added: freq=3271 size=19640 all=1514345 active=77204 piece=Γûüclergy
bpe_model_trainer.cc(268) LOG(INFO) Added: freq=3264 size=19660 all=1514943 active=77802 piece=Γûüundes
bpe_model_trainer.cc(268) LOG(INFO) Added: freq=3259 size=19680 all=1515755 active=78614 piece=ΓûüGross
bpe_model_trainer.cc(268) LOG(INFO) Added: freq=3255 size=19700 all=1516090 active=78949 piece=ΓûüVenezuela
bpe_model_trainer.cc(159) LOG(INFO) Updating active symbols. max_freq=3255 min_freq=219
bpe_model_trainer.cc(268) LOG(INFO) Added: freq=3249 size=19720 all=1517142 active=76856 piece=odynamic
bpe_model_trainer.cc(268) LOG(INFO) Added: freq=3243 size=19740 all=1518121 active=77835 piece=ΓûüIncludes
bpe_model_trainer.cc(268) LOG(INFO) Added: freq=3238 size=19760 all=1518988 active=78702 piece=Γûüdonate
bpe_model_trainer.cc(268) LOG(INFO) Added: freq=3234 size=19780 all=1519636 active=79350 piece=Γûüsolitary
bpe_model_trainer.cc(268) LOG(INFO) Added: freq=3227 size=19800 all=1521237 active=80951 piece=Γûüheadlines
bpe_model_trainer.cc(159) LOG(INFO) Updating active symbols. max_freq=3227 min_freq=218
bpe_model_trainer.cc(268) LOG(INFO) Added: freq=3220 size=19820 all=1521572 active=76397 piece=ΓûüRonald
bpe_model_trainer.cc(268) LOG(INFO) Added: freq=3217 size=19840 all=1522621 active=77446 piece=Γûüpioneering
bpe_model_trainer.cc(268) LOG(INFO) Added: freq=3208 size=19860 all=1523427 active=78252 piece=ΓûüUses
bpe_model_trainer.cc(268) LOG(INFO) Added: freq=3204 size=19880 all=1524614 active=79439 piece=Γûüfinances
bpe_model_trainer.cc(268) LOG(INFO) Added: freq=3197 size=19900 all=1525554 active=80379 piece=Γûüannex
bpe_model_trainer.cc(159) LOG(INFO) Updating active symbols. max_freq=3196 min_freq=216
bpe_model_trainer.cc(268) LOG(INFO) Added: freq=3188 size=19920 all=1526894 active=77604 piece=Γûüaggress
bpe_model_trainer.cc(268) LOG(INFO) Added: freq=3182 size=19940 all=1527860 active=78570 piece=ΓûüAur
bpe_model_trainer.cc(268) LOG(INFO) Added: freq=3178 size=19960 all=1528468 active=79178 piece=Γûü1600
bpe_model_trainer.cc(268) LOG(INFO) Added: freq=3173 size=19980 all=1529912 active=80622 piece=Γûüclocks
bpe_model_trainer.cc(268) LOG(INFO) Added: freq=3166 size=20000 all=1531056 active=81766 piece=itating
bpe_model_trainer.cc(159) LOG(INFO) Updating active symbols. max_freq=3166 min_freq=215
bpe_model_trainer.cc(268) LOG(INFO) Added: freq=3163 size=20020 all=1531622 active=77080 piece=Γûüinternally
bpe_model_trainer.cc(268) LOG(INFO) Added: freq=3159 size=20040 all=1532587 active=78045 piece=Γûüsuperf
bpe_model_trainer.cc(268) LOG(INFO) Added: freq=3152 size=20060 all=1534008 active=79466 piece=drop
bpe_model_trainer.cc(268) LOG(INFO) Added: freq=3146 size=20080 all=1535065 active=80523 piece=Γûüloops
bpe_model_trainer.cc(268) LOG(INFO) Added: freq=3141 size=20100 all=1535852 active=81310 piece=Γûüdifferentiation
bpe_model_trainer.cc(159) LOG(INFO) Updating active symbols. max_freq=3140 min_freq=213
bpe_model_trainer.cc(268) LOG(INFO) Added: freq=3134 size=20120 all=1537127 active=78068 piece=Γûüanytime
bpe_model_trainer.cc(268) LOG(INFO) Added: freq=3128 size=20140 all=1537466 active=78407 piece=Γûücane
bpe_model_trainer.cc(268) LOG(INFO) Added: freq=3123 size=20160 all=1538863 active=79804 piece=Γûü1961
bpe_model_trainer.cc(268) LOG(INFO) Added: freq=3119 size=20180 all=1539792 active=80733 piece=bia
bpe_model_trainer.cc(268) LOG(INFO) Added: freq=3113 size=20200 all=1540500 active=81441 piece=Γûülb
bpe_model_trainer.cc(159) LOG(INFO) Updating active symbols. max_freq=3113 min_freq=212
bpe_model_trainer.cc(268) LOG(INFO) Added: freq=3108 size=20220 all=1541209 active=77719 piece=Γûüscarcity
bpe_model_trainer.cc(268) LOG(INFO) Added: freq=3103 size=20240 all=1542256 active=78766 piece=Γûü->
bpe_model_trainer.cc(268) LOG(INFO) Added: freq=3098 size=20260 all=1543694 active=80204 piece=fired
bpe_model_trainer.cc(268) LOG(INFO) Added: freq=3093 size=20280 all=1544565 active=81075 piece=Γûüangels
bpe_model_trainer.cc(268) LOG(INFO) Added: freq=3089 size=20300 all=1545243 active=81753 piece=ΓûüCopper
bpe_model_trainer.cc(159) LOG(INFO) Updating active symbols. max_freq=3089 min_freq=211
bpe_model_trainer.cc(268) LOG(INFO) Added: freq=3084 size=20320 all=1545800 active=77790 piece=Γûüprobiotics
bpe_model_trainer.cc(268) LOG(INFO) Added: freq=3077 size=20340 all=1547431 active=79421 piece=Γûüonc
bpe_model_trainer.cc(268) LOG(INFO) Added: freq=3072 size=20360 all=1547943 active=79933 piece=Γûüinterpreting
bpe_model_trainer.cc(268) LOG(INFO) Added: freq=3065 size=20380 all=1548894 active=80884 piece=super
bpe_model_trainer.cc(268) LOG(INFO) Added: freq=3060 size=20400 all=1549858 active=81848 piece=Γûüfolded
bpe_model_trainer.cc(159) LOG(INFO) Updating active symbols. max_freq=3060 min_freq=209
bpe_model_trainer.cc(268) LOG(INFO) Added: freq=3057 size=20420 all=1550316 active=77950 piece=Γûüparliamentary
bpe_model_trainer.cc(268) LOG(INFO) Added: freq=3050 size=20440 all=1551437 active=79071 piece=Γûüdyes
bpe_model_trainer.cc(268) LOG(INFO) Added: freq=3044 size=20460 all=1552108 active=79742 piece=ΓûüBond
bpe_model_trainer.cc(268) LOG(INFO) Added: freq=3040 size=20480 all=1552648 active=80282 piece=bullying
bpe_model_trainer.cc(268) LOG(INFO) Added: freq=3035 size=20500 all=1552974 active=80608 piece=beth
bpe_model_trainer.cc(159) LOG(INFO) Updating active symbols. max_freq=3035 min_freq=208
bpe_model_trainer.cc(268) LOG(INFO) Added: freq=3030 size=20520 all=1553716 active=78328 piece=circ
bpe_model_trainer.cc(268) LOG(INFO) Added: freq=3027 size=20540 all=1554662 active=79274 piece=ΓûüFormation
bpe_model_trainer.cc(268) LOG(INFO) Added: freq=3022 size=20560 all=1555115 active=79727 piece=Γûüplumbing
bpe_model_trainer.cc(268) LOG(INFO) Added: freq=3013 size=20580 all=1555747 active=80359 piece=Γûüstyl
bpe_model_trainer.cc(268) LOG(INFO) Added: freq=3007 size=20600 all=1556345 active=80957 piece=Γûüsynd
bpe_model_trainer.cc(159) LOG(INFO) Updating active symbols. max_freq=3007 min_freq=207
bpe_model_trainer.cc(268) LOG(INFO) Added: freq=3000 size=20620 all=1556664 active=78109 piece=odynam
bpe_model_trainer.cc(268) LOG(INFO) Added: freq=2994 size=20640 all=1557662 active=79107 piece=Γûüpresidency
bpe_model_trainer.cc(268) LOG(INFO) Added: freq=2990 size=20660 all=1558710 active=80155 piece=Γûütile
bpe_model_trainer.cc(268) LOG(INFO) Added: freq=2984 size=20680 all=1559748 active=81193 piece=Learn
bpe_model_trainer.cc(268) LOG(INFO) Added: freq=2981 size=20700 all=1560480 active=81925 piece=Γûümalignant
bpe_model_trainer.cc(159) LOG(INFO) Updating active symbols. max_freq=2980 min_freq=206
bpe_model_trainer.cc(268) LOG(INFO) Added: freq=2974 size=20720 all=1561668 active=79211 piece=EEE
bpe_model_trainer.cc(268) LOG(INFO) Added: freq=2970 size=20740 all=1562368 active=79911 piece=Γûü1956
bpe_model_trainer.cc(268) LOG(INFO) Added: freq=2968 size=20760 all=1562830 active=80373 piece=Γûüpenetration
bpe_model_trainer.cc(268) LOG(INFO) Added: freq=2964 size=20780 all=1563539 active=81082 piece=Γûüsympathetic
bpe_model_trainer.cc(268) LOG(INFO) Added: freq=2958 size=20800 all=1564295 active=81838 piece=Γûüblended
bpe_model_trainer.cc(159) LOG(INFO) Updating active symbols. max_freq=2957 min_freq=205
bpe_model_trainer.cc(268) LOG(INFO) Added: freq=2953 size=20820 all=1565319 active=79239 piece=ΓûüCruz
bpe_model_trainer.cc(268) LOG(INFO) Added: freq=2949 size=20840 all=1565827 active=79747 piece=ΓûüGust
bpe_model_trainer.cc(268) LOG(INFO) Added: freq=2945 size=20860 all=1566852 active=80772 piece=Γûüdeficient
bpe_model_trainer.cc(268) LOG(INFO) Added: freq=2940 size=20880 all=1567023 active=80943 piece=ΓûüRecommended
bpe_model_trainer.cc(268) LOG(INFO) Added: freq=2935 size=20900 all=1568057 active=81977 piece=Γûüenrollment
bpe_model_trainer.cc(159) LOG(INFO) Updating active symbols. max_freq=2934 min_freq=204
bpe_model_trainer.cc(268) LOG(INFO) Added: freq=2930 size=20920 all=1568920 active=79263 piece=Γûü1943
bpe_model_trainer.cc(268) LOG(INFO) Added: freq=2926 size=20940 all=1569626 active=79969 piece=Γûü1.1
bpe_model_trainer.cc(268) LOG(INFO) Added: freq=2922 size=20960 all=1570304 active=80647 piece=ELL
bpe_model_trainer.cc(268) LOG(INFO) Added: freq=2918 size=20980 all=1570960 active=81303 piece=Γûürecalls
bpe_model_trainer.cc(268) LOG(INFO) Added: freq=2913 size=21000 all=1571590 active=81933 piece=ΓûüNest
bpe_model_trainer.cc(159) LOG(INFO) Updating active symbols. max_freq=2913 min_freq=203
bpe_model_trainer.cc(268) LOG(INFO) Added: freq=2911 size=21020 all=1573461 active=80401 piece=Γûütruths
bpe_model_trainer.cc(268) LOG(INFO) Added: freq=2905 size=21040 all=1573787 active=80727 piece=aton
bpe_model_trainer.cc(268) LOG(INFO) Added: freq=2901 size=21060 all=1574659 active=81599 piece=brance
bpe_model_trainer.cc(268) LOG(INFO) Added: freq=2896 size=21080 all=1575342 active=82282 piece=Γûüprogrammers
bpe_model_trainer.cc(268) LOG(INFO) Added: freq=2891 size=21100 all=1576127 active=83067 piece=Γûübeginners
bpe_model_trainer.cc(159) LOG(INFO) Updating active symbols. max_freq=2890 min_freq=202
bpe_model_trainer.cc(268) LOG(INFO) Added: freq=2888 size=21120 all=1576908 active=79584 piece=Γûüoxidative
bpe_model_trainer.cc(268) LOG(INFO) Added: freq=2884 size=21140 all=1577631 active=80307 piece=Γûüminimizing
bpe_model_trainer.cc(268) LOG(INFO) Added: freq=2879 size=21160 all=1578725 active=81401 piece=rase
bpe_model_trainer.cc(268) LOG(INFO) Added: freq=2877 size=21180 all=1579457 active=82133 piece=ΓûüEther
bpe_model_trainer.cc(268) LOG(INFO) Added: freq=2872 size=21200 all=1579902 active=82578 piece=ΓûüCitation
bpe_model_trainer.cc(159) LOG(INFO) Updating active symbols. max_freq=2871 min_freq=201
bpe_model_trainer.cc(268) LOG(INFO) Added: freq=2866 size=21220 all=1580503 active=79561 piece=ΓûüReed
bpe_model_trainer.cc(268) LOG(INFO) Added: freq=2863 size=21240 all=1580873 active=79931 piece=ΓûüJet
bpe_model_trainer.cc(268) LOG(INFO) Added: freq=2859 size=21260 all=1582121 active=81179 piece=chant
bpe_model_trainer.cc(268) LOG(INFO) Added: freq=2855 size=21280 all=1582827 active=81885 piece=ΓûüFriedrich
bpe_model_trainer.cc(268) LOG(INFO) Added: freq=2850 size=21300 all=1583533 active=82591 piece=Γûüinsisted
bpe_model_trainer.cc(159) LOG(INFO) Updating active symbols. max_freq=2849 min_freq=200
bpe_model_trainer.cc(268) LOG(INFO) Added: freq=2845 size=21320 all=1583814 active=79458 piece=Γûüsage
bpe_model_trainer.cc(268) LOG(INFO) Added: freq=2838 size=21340 all=1584448 active=80092 piece=ΓûüFO
bpe_model_trainer.cc(268) LOG(INFO) Added: freq=2835 size=21360 all=1585204 active=80848 piece=Γûütutorials
bpe_model_trainer.cc(268) LOG(INFO) Added: freq=2831 size=21380 all=1586561 active=82205 piece=ΓûüJulian
bpe_model_trainer.cc(268) LOG(INFO) Added: freq=2827 size=21400 all=1587029 active=82673 piece=Γûüdwelling
bpe_model_trainer.cc(159) LOG(INFO) Updating active symbols. max_freq=2827 min_freq=199
bpe_model_trainer.cc(268) LOG(INFO) Added: freq=2823 size=21420 all=1587578 active=79897 piece=atche
bpe_model_trainer.cc(268) LOG(INFO) Added: freq=2820 size=21440 all=1588275 active=80594 piece=Γûüutilizes
bpe_model_trainer.cc(268) LOG(INFO) Added: freq=2814 size=21460 all=1588950 active=81269 piece=Γûü26.
bpe_model_trainer.cc(268) LOG(INFO) Added: freq=2811 size=21480 all=1589920 active=82239 piece=ussia
bpe_model_trainer.cc(268) LOG(INFO) Added: freq=2807 size=21500 all=1591073 active=83392 piece=oku
bpe_model_trainer.cc(159) LOG(INFO) Updating active symbols. max_freq=2807 min_freq=198
bpe_model_trainer.cc(268) LOG(INFO) Added: freq=2803 size=21520 all=1592181 active=80456 piece=ankton
bpe_model_trainer.cc(268) LOG(INFO) Added: freq=2799 size=21540 all=1592697 active=80972 piece=Γûürespiration
bpe_model_trainer.cc(268) LOG(INFO) Added: freq=2793 size=21560 all=1593720 active=81995 piece=ΓûüKyoto
bpe_model_trainer.cc(268) LOG(INFO) Added: freq=2788 size=21580 all=1594270 active=82545 piece=ΓûüJar
bpe_model_trainer.cc(268) LOG(INFO) Added: freq=2784 size=21600 all=1595294 active=83569 piece=ΓûüPeak
bpe_model_trainer.cc(159) LOG(INFO) Updating active symbols. max_freq=2784 min_freq=197
bpe_model_trainer.cc(268) LOG(INFO) Added: freq=2780 size=21620 all=1595791 active=80237 piece=ΓûüDust
bpe_model_trainer.cc(268) LOG(INFO) Added: freq=2777 size=21640 all=1596224 active=80670 piece=ΓûüKill
bpe_model_trainer.cc(268) LOG(INFO) Added: freq=2773 size=21660 all=1597469 active=81915 piece=Γûücherry
bpe_model_trainer.cc(268) LOG(INFO) Added: freq=2769 size=21680 all=1598116 active=82562 piece=rescent
bpe_model_trainer.cc(268) LOG(INFO) Added: freq=2764 size=21700 all=1598578 active=83024 piece=egradable
bpe_model_trainer.cc(159) LOG(INFO) Updating active symbols. max_freq=2764 min_freq=196
bpe_model_trainer.cc(268) LOG(INFO) Added: freq=2760 size=21720 all=1599614 active=80960 piece=inals
bpe_model_trainer.cc(268) LOG(INFO) Added: freq=2757 size=21740 all=1600075 active=81421 piece=ΓûüPresidential
bpe_model_trainer.cc(268) LOG(INFO) Added: freq=2753 size=21760 all=1600880 active=82226 piece=ΓûüBoeing
bpe_model_trainer.cc(268) LOG(INFO) Added: freq=2748 size=21780 all=1601768 active=83114 piece=ΓûüViking
bpe_model_trainer.cc(268) LOG(INFO) Added: freq=2745 size=21800 all=1602112 active=83458 piece=ΓûüStrategic
bpe_model_trainer.cc(159) LOG(INFO) Updating active symbols. max_freq=2744 min_freq=195
bpe_model_trainer.cc(268) LOG(INFO) Added: freq=2740 size=21820 all=1602925 active=80914 piece=ΓûüSquadron
bpe_model_trainer.cc(268) LOG(INFO) Added: freq=2736 size=21840 all=1603593 active=81582 piece=Γûüfel
bpe_model_trainer.cc(268) LOG(INFO) Added: freq=2730 size=21860 all=1604561 active=82550 piece=ΓûüOrth
bpe_model_trainer.cc(268) LOG(INFO) Added: freq=2725 size=21880 all=1605225 active=83214 piece=Γûüamendments
bpe_model_trainer.cc(268) LOG(INFO) Added: freq=2722 size=21900 all=1605985 active=83974 piece=ΓûüMasters
bpe_model_trainer.cc(159) LOG(INFO) Updating active symbols. max_freq=2722 min_freq=194
bpe_model_trainer.cc(268) LOG(INFO) Added: freq=2717 size=21920 all=1607036 active=81340 piece=ΓûüPregnancy
bpe_model_trainer.cc(268) LOG(INFO) Added: freq=2713 size=21940 all=1607583 active=81887 piece=sac
bpe_model_trainer.cc(268) LOG(INFO) Added: freq=2709 size=21960 all=1608957 active=83261 piece=Γûütriglycer
bpe_model_trainer.cc(268) LOG(INFO) Added: freq=2704 size=21980 all=1609925 active=84229 piece=Γûüparasitic
bpe_model_trainer.cc(268) LOG(INFO) Added: freq=2699 size=22000 all=1610841 active=85145 piece=ΓûüUNICEF
bpe_model_trainer.cc(159) LOG(INFO) Updating active symbols. max_freq=2699 min_freq=192
trainer_interface.cc(689) LOG(INFO) Saving model: data\hertz_mix\tokenizer.model
trainer_interface.cc(701) LOG(INFO) Saving vocabs: data\hertz_mix\tokenizer.vocab
