{"sentence": "The cat sat on the mat", "words": ["the", "cat", "sat", "on", "the", "mat"], "token_ids": [1, 5451, 3224, 14, 1, 14949], "gaussians": {"mu_3d": [[-3.5623953342437744, -0.8996293544769287, -0.5206454396247864], [-1.1573376655578613, -0.463251531124115, 0.41831648349761963], [-1.2661088705062866, -1.4838787317276, -0.29671788215637207], [-3.4687182903289795, -1.0888192653656006, -0.7104663848876953], [-3.5623953342437744, -0.8996293544769287, -0.5206453204154968], [0.1326078325510025, -0.4697466492652893, 0.4135265350341797]], "scale_3d": [[0.003118502674624324, 0.003118505934253335, 0.003118514781817794], [0.16325139999389648, 0.1632515788078308, 0.1632520705461502], [0.12553583085536957, 0.1255359798669815, 0.12553636729717255], [0.008546118624508381, 0.008546129800379276, 0.008546153083443642], [0.003118502674624324, 0.003118505934253335, 0.003118514781817794], [0.2704245150089264, 0.27042481303215027, 0.2704256474971771]], "alpha": [0.5, 0.5, 0.5, 0.5, 0.5, 0.5], "colors": [[0.0, 0.46108198165893555, 0.7382470965385437], [0.6103308200836182, 1.0, 0.23495639860630035], [0.47675058245658875, 0.0, 0.0], [0.07417003065347672, 0.34743669629096985, 0.5828353762626648], [0.0, 0.46108192205429077, 0.7382470369338989], [1.0, 0.28357577323913574, 1.0]]}, "rendering": {"kernel": [0.0, 0.7004610896110535, 0.6222892999649048, 5.193955115719258e-22, 0.0, 0.8593207597732544], "weights": [0.0, 0.35023054480552673, 0.20217229425907135, 1.1623997967063686e-22, 0.0, 0.1923147737979889], "transmittance": [1.0, 1.0, 0.6497694253921509, 0.4475971460342407, 0.4475971460342407, 0.4475971460342407], "eff_opacity": [0.0, 0.35023054480552673, 0.3111446499824524, 2.596977557859629e-22, 0.0, 0.4296603798866272], "meaning_3d": [-0.1943017840385437, 0.031021732836961746, 0.0630536824464798]}, "softmax": {"weights": [0.1964643895626068, 0.14066466689109802, 0.1651790887117386, 0.2034093290567398, 0.1964643895626068, 0.09781813621520996]}, "stats": {"total_weight": 0.7447175979614258, "residual_transmittance": 0.2552823862329987, "top_word": "cat", "softmax_top_word": "on", "n_tokens": 6}}