{"sentence": "The cat sat on the mat", "words": ["the", "cat", "sat", "on", "the"], "token_ids": [1, 5451, 3224, 14, 1], "gaussians": {"mu_3d": [[-0.3883543014526367, 0.05228801816701889, 0.14174893498420715], [1.0280886888504028, -1.3067244291305542, -0.8033920526504517], [1.5385993719100952, -0.023729776963591576, -0.017663409933447838], [-0.35730016231536865, 0.09367267042398453, 0.3391900062561035], [-0.3883543014526367, 0.05228802561759949, 0.14174894988536835]], "scale_3d": [[0.006927594542503357, 0.006928319577127695, 0.006928021553903818], [0.3652549386024475, 0.36529308557510376, 0.36527732014656067], [0.28073784708976746, 0.28076717257499695, 0.28075507283210754], [0.01901935786008835, 0.019021350890398026, 0.019020522013306618], [0.006927595008164644, 0.006928319577127695, 0.006928021553903818]], "alpha": [0.5, 0.5, 0.5, 0.5, 0.5], "colors": [[1.0, 0.1555749475955963, 1.0], [0.0, 0.0, 0.6863332986831665], [0.5072455406188965, 1.0, 0.8622053861618042], [0.927055299282074, 0.3421436548233032, 0.0], [1.0, 0.15557491779327393, 1.0]]}, "rendering": {"kernel": [7.443396467686915e-24, 0.9245714545249939, 0.8915600776672363, 5.2762115956284106e-05, 7.443396467686915e-24], "weights": [3.7216982338434574e-24, 0.46228572726249695, 0.2397022694349289, 7.86187138146488e-06, 1.1090814375403404e-24], "transmittance": [1.0, 1.0, 0.5377142429351807, 0.2980119585990906, 0.2980040907859802], "eff_opacity": [3.7216982338434574e-24, 0.46228572726249695, 0.44578003883361816, 2.6381057978142053e-05, 3.7216982338434574e-24], "meaning_3d": [-0.279514342546463, 0.16324059665203094, 0.11387771368026733]}, "softmax": {"weights": [0.20749124884605408, 0.18581996858119965, 0.19960147142410278, 0.1995960772037506, 0.20749124884605408]}, "stats": {"total_weight": 0.701995849609375, "residual_transmittance": 0.2980040907859802, "top_word": "cat", "softmax_top_word": "the", "n_tokens": 5}}