{"sentence": "A dog runs through the park", "words": ["a", "dog", "runs", "through", "the", "park"], "token_ids": [8, 2927, 977, 132, 1, 626], "gaussians": {"mu_3d": [[-0.1442432999610901, -0.2265632301568985, -0.19730646908283234], [0.8021588325500488, -1.1184293031692505, -1.1862404346466064], [1.0981175899505615, -1.0732676982879639, 1.0631998777389526], [-0.504455029964447, -0.6907188892364502, 0.19241102039813995], [-0.3883543014526367, 0.05228802561759949, 0.14174894988536835], [1.6110292673110962, -0.9365361332893372, 0.8826113939285278]], "scale_3d": [[0.014723023399710655, 0.014724561013281345, 0.014723928645253181], [0.2674667239189148, 0.26749470829963684, 0.2674831748008728], [0.1543704867362976, 0.15438668429851532, 0.15438002347946167], [0.056786950677633286, 0.05679290369153023, 0.05679045245051384], [0.006927595008164644, 0.006928319577127695, 0.006928021553903818], [0.1235349178314209, 0.12354782968759537, 0.12354249507188797]], "alpha": [0.5, 0.5, 0.5, 0.5, 0.5, 0.5], "colors": [[0.4926801919937134, 0.01354694738984108, 0.0], [1.0, 0.5583889484405518, 0.7038706541061401], [0.0, 0.19831594824790955, 1.0], [0.17666149139404297, 0.0, 0.44072166085243225], [0.34767523407936096, 0.08667655289173126, 0.15309298038482666], [0.04206159710884094, 1.0, 0.1542145311832428]]}, "rendering": {"kernel": [1.7819825476328433e-11, 0.8617848753929138, 0.6764484643936157, 0.21616944670677185, 5.060992872446097e-38, 0.524035632610321], "weights": [8.909912738164216e-12, 0.4308924376964569, 0.1924859583377838, 0.04070704057812691, 8.500305911862091e-39, 0.0880156010389328], "transmittance": [1.0, 1.0, 0.5691075325012207, 0.3766215741634369, 0.3359145224094391, 0.3359145224094391], "eff_opacity": [8.909912738164216e-12, 0.4308924376964569, 0.33822423219680786, 0.10808472335338593, 2.5304964362230484e-38, 0.2620178163051605], "meaning_3d": [-0.10657205432653427, 0.36166051030158997, 0.02591918222606182]}, "softmax": {"weights": [0.17152203619480133, 0.1552688330411911, 0.18117554485797882, 0.14746911823749542, 0.1367618590593338, 0.20780262351036072]}, "stats": {"total_weight": 0.7521010041236877, "residual_transmittance": 0.24789893278252695, "top_word": "dog", "softmax_top_word": "park", "n_tokens": 6}}