{"sentence": "A dog runs through the park", "words": ["a", "dog", "runs", "through", "the", "park"], "token_ids": [8, 2927, 977, 132, 1, 626], "gaussians": {"mu_3d": [[-3.4610025882720947, -0.9388415217399597, -0.2834344506263733], [-1.925742268562317, -0.6876840591430664, 0.735664963722229], [-2.0298125743865967, -1.1531856060028076, -1.685502290725708], [-3.358590841293335, -0.40005525946617126, -0.511886477470398], [-3.5623953342437744, -0.8996293544769287, -0.5206453204154968], [-2.247103214263916, -1.9678776264190674, -1.524298906326294]], "scale_3d": [[0.0066186655312776566, 0.0066186715848743916, 0.006618692073971033], [0.11961187422275543, 0.11961200833320618, 0.11961235851049423], [0.06910333782434464, 0.0691034197807312, 0.06910362094640732], [0.025466294959187508, 0.025466324761509895, 0.025466399267315865], [0.003118502674624324, 0.003118505934253335, 0.003118514781817794], [0.055322129279375076, 0.05532218888401985, 0.05532236024737358]], "alpha": [0.5, 0.5, 0.5, 0.5, 0.5, 0.5], "colors": [[0.4926801919937134, 0.01354694738984108, 0.0], [1.0, 0.5583889484405518, 0.7038706541061401], [0.0, 0.19831594824790955, 1.0], [0.17666149139404297, 0.0, 0.44072166085243225], [0.34767523407936096, 0.08667655289173126, 0.15309298038482666], [0.04206159710884094, 1.0, 0.1542145311832428]]}, "rendering": {"kernel": [9.436343858763318e-42, 0.4805948734283447, 0.1457681506872177, 0.0025479928590357304, 0.0, 0.02815050631761551], "weights": [4.718171929381659e-42, 0.24029743671417236, 0.05537021905183792, 0.000897316902410239, 0.0, 0.009901026263833046], "transmittance": [1.0, 1.0, 0.7597025632858276, 0.7043323516845703, 0.7034350633621216, 0.7034350633621216], "eff_opacity": [4.718171929381659e-42, 0.24029743671417236, 0.07288407534360886, 0.0012739964295178652, 0.0, 0.014075253158807755], "meaning_3d": [-0.03949957713484764, 0.19929100573062897, 0.023423505946993828]}, "softmax": {"weights": [0.18282461166381836, 0.1334848254919052, 0.1633903682231903, 0.15049733221530914, 0.1484784036874771, 0.22132444381713867]}, "stats": {"total_weight": 0.3064659833908081, "residual_transmittance": 0.6935340367645177, "top_word": "dog", "softmax_top_word": "park", "n_tokens": 6}}