{"sentence": "The warm coffee sat on the old wooden table", "words": ["the", "warm", "coffee", "sat", "on", "the", "old", "wooden", "table"], "token_ids": [1, 3548, 3425, 3224, 14, 1, 168, 4837, 1802], "gaussians": {"mu_3d": [[-3.5623953342437744, -0.8996293544769287, -0.5206454396247864], [-2.282674551010132, 0.2226627618074417, 0.5188920497894287], [-2.0054094791412354, 0.1251954287290573, -0.8285096287727356], [-1.2661088705062866, -1.4838787317276, -0.29671788215637207], [-3.4687182903289795, -1.0888192653656006, -0.7104663848876953], [-3.5623953342437744, -0.8996293544769287, -0.5206454396247864], [-2.3934781551361084, -2.030210018157959, 0.3033512234687805], [-1.767615795135498, 0.19476225972175598, -0.44706040620803833], [-2.3857932090759277, -0.4009231925010681, -0.23685137927532196]], "scale_3d": [[0.003118502674624324, 0.003118505934253335, 0.003118514781817794], [0.13169512152671814, 0.13169527053833008, 0.13169565796852112], [0.12939134240150452, 0.12939149141311646, 0.1293918788433075], [0.12553583085536957, 0.1255359798669815, 0.12553636729717255], [0.008546118624508381, 0.008546129800379276, 0.008546153083443642], [0.003118502674624324, 0.003118505934253335, 0.003118514781817794], [0.02870900370180607, 0.028709033504128456, 0.02870911732316017], [0.15377813577651978, 0.1537782847881317, 0.1537787765264511], [0.09384612739086151, 0.09384623169898987, 0.09384650737047195]], "alpha": [0.5, 0.5, 0.5, 0.5, 0.5, 0.5, 0.5, 0.5, 0.5], "colors": [[0.953438937664032, 0.8571918606758118, 0.31543394923210144], [0.32054248452186584, 1.0, 1.0], [0.0, 0.9310080409049988, 0.3891114592552185], [0.45137912034988403, 0.3335006833076477, 0.0], [0.8706761598587036, 0.7658109068870544, 0.12127669900655746], [0.953438937664032, 0.8571918606758118, 0.31543391942977905], [1.0, 0.548754096031189, 0.9108446836471558], [0.5106979012489319, 0.0, 0.7904291152954102], [0.39277100563049316, 0.5347003936767578, 0.06579659879207611]]}, "rendering": {"kernel": [0.0, 0.5335796475410461, 0.49045705795288086, 0.6135897040367126, 7.056031940812087e-25, 0.0, 3.196002580807544e-05, 0.5464869737625122, 0.5232057571411133], "weights": [0.0, 0.26678982377052307, 0.17980405688285828, 0.1697821468114853, 1.3534313987553882e-25, 0.0, 6.130315796326613e-06, 0.10482107847929001, 0.07293403893709183], "transmittance": [1.0, 1.0, 0.7332102060317993, 0.5534061193466187, 0.38362395763397217, 0.38362395763397217, 0.38362395763397217, 0.3836178183555603, 0.2787967622280121], "eff_opacity": [0.0, 0.26678982377052307, 0.24522852897644043, 0.3067948520183563, 3.5280159704060433e-25, 0.0, 1.598001290403772e-05, 0.2732434868812561, 0.26160287857055664], "meaning_3d": [-0.2719799280166626, 0.043407097458839417, 0.04771118983626366]}, "softmax": {"weights": [0.10771861672401428, 0.11599387228488922, 0.10890655964612961, 0.09207730740308762, 0.11079524457454681, 0.10771861672401428, 0.11404653638601303, 0.12434723973274231, 0.11839595437049866]}, "stats": {"total_weight": 0.7941372394561768, "residual_transmittance": 0.2058627266930131, "top_word": "warm", "softmax_top_word": "wooden", "n_tokens": 9}}