{"sentence": "The warm coffee sat on the old wooden table", "words": ["the", "warm", "coffee", "sat", "on", "the", "old", "wooden", "table"], "token_ids": [1, 3548, 3425, 3224, 14, 1, 168, 4837, 1802], "gaussians": {"mu_3d": [[-0.3883543014526367, 0.05228801816701889, 0.14174893498420715], [0.09678687155246735, -1.2254544496536255, -0.6453225612640381], [-0.048961713910102844, -1.7460036277770996, 0.45338350534439087], [1.5385993719100952, -0.023729776963591576, -0.017663409933447838], [-0.35730016231536865, 0.09367267042398453, 0.3391900062561035], [-0.3883543014526367, 0.05228801816701889, 0.14174893498420715], [1.1872411966323853, 0.1705617904663086, -0.3152894675731659], [0.7666929960250854, -1.8028922080993652, 0.5566191077232361], [0.1245918869972229, -0.6735972166061401, -0.42118510603904724]], "scale_3d": [[0.006927594542503357, 0.006928319577127695, 0.006928021553903818], [0.29453742504119873, 0.29456818103790283, 0.29455551505088806], [0.28937581181526184, 0.2894060015678406, 0.28939351439476013], [0.28073784708976746, 0.28076717257499695, 0.28075507283210754], [0.01901935786008835, 0.019021350890398026, 0.019020522013306618], [0.006927594542503357, 0.006928319577127695, 0.006928021553903818], [0.0640316754579544, 0.06403837352991104, 0.06403561681509018], [0.3440225422382355, 0.34405845403671265, 0.34404364228248596], [0.2097594141960144, 0.20978136360645294, 0.20977231860160828]], "alpha": [0.5, 0.5, 0.5, 0.5, 0.5, 0.5, 0.5, 0.5, 0.5], "colors": [[0.953438937664032, 0.8571918606758118, 0.31543394923210144], [0.32054248452186584, 1.0, 1.0], [0.0, 0.9310080409049988, 0.3891114592552185], [0.45137912034988403, 0.3335006833076477, 0.0], [0.8706761598587036, 0.7658109068870544, 0.12127669900655746], [0.953438937664032, 0.8571918606758118, 0.31543391942977905], [1.0, 0.548754096031189, 0.9108446836471558], [0.5106979012489319, 0.0, 0.7904291152954102], [0.39277100563049316, 0.5347003936767578, 0.06579659879207611]]}, "rendering": {"kernel": [2.6764800668604006e-42, 0.8678078055381775, 0.8664698600769043, 0.9036135077476501, 6.457235031120945e-07, 2.6764800668604006e-42, 0.08384853601455688, 0.9025015830993652, 0.862907886505127], "weights": [1.3382400334302003e-42, 0.43390390276908875, 0.2452526092529297, 0.1449592560529709, 5.678629477756658e-08, 2.3541814200656927e-43, 0.00737381586804986, 0.07604043185710907, 0.03989651799201965], "transmittance": [1.0, 1.0, 0.5660960674285889, 0.32084348797798157, 0.1758842170238495, 0.1758841574192047, 0.1758841574192047, 0.1685103476047516, 0.09246992319822311], "eff_opacity": [1.3382400334302003e-42, 0.43390390276908875, 0.43323493003845215, 0.4518067538738251, 3.2286175155604724e-07, 1.3382400334302003e-42, 0.04192426800727844, 0.4512507915496826, 0.4314539432525635], "meaning_3d": [-0.2980509102344513, 0.033798590302467346, -0.030141567811369896]}, "stats": {"total_weight": 0.9474265575408936, "residual_transmittance": 0.052573410202088056, "top_word": "warm", "n_tokens": 9}}