{"sentence": "Dog bites man", "words": ["dog", "man"], "token_ids": [2927, 301], "gaussians": {"mu_3d": [[0.8021588325500488, -1.1184295415878296, -1.1862401962280273], [1.0919097661972046, 0.3654974102973938, -1.0173661708831787]], "scale_3d": [[0.2674667537212372, 0.26749470829963684, 0.2674831748008728], [0.08565779775381088, 0.08566677570343018, 0.08566306531429291]], "alpha": [0.5, 0.5], "colors": [[1.0, 0.0, 0.0], [0.0, 1.0, 0.0]]}, "rendering": {"kernel": [0.9556862115859985, 0.6427969336509705], "weights": [0.47784310579299927, 0.16782042384147644], "transmittance": [1.0, 0.5221568942070007], "eff_opacity": [0.47784310579299927, 0.32139846682548523], "meaning_3d": [-0.1027025654911995, 0.36584290862083435, 0.010864326730370522]}, "softmax": {"weights": [0.5815662741661072, 0.4184337258338928]}, "stats": {"total_weight": 0.6456634998321533, "residual_transmittance": 0.3543364689665136, "top_word": "dog", "softmax_top_word": "dog", "n_tokens": 2}}