{"sentence": "Dog bites man", "words": ["dog", "bites", "man"], "token_ids": [2927, 15396, 301], "gaussians": {"mu_3d": [[-1.9257423877716064, -0.6876840591430664, 0.7356648445129395], [-0.5495430827140808, 0.9107930064201355, 1.0021570920944214], [-2.570488691329956, -1.8625644445419312, 1.0308204889297485]], "scale_3d": [[0.11961185187101364, 0.11961200833320618, 0.11961236596107483], [0.274440199136734, 0.2744404971599579, 0.27444127202033997], [0.03838508948683739, 0.03838513419032097, 0.03838525712490082]], "alpha": [0.5, 0.5, 0.5], "colors": [[0.3400603234767914, 0.0, 0.0], [1.0, 0.8072946071624756, 0.3333333432674408], [0.0, 1.0, 1.0]]}, "rendering": {"kernel": [0.7827003002166748, 0.9095161557197571, 0.014293797314167023], "weights": [0.3913501501083374, 0.2767884433269501, 0.002371779875829816], "transmittance": [1.0, 0.6086498498916626, 0.3318614363670349], "eff_opacity": [0.3913501501083374, 0.45475807785987854, 0.007146898657083511], "meaning_3d": [-0.037003085017204285, 0.47236621379852295, -0.07138236612081528]}, "softmax": {"weights": [0.4476137161254883, 0.2142668068408966, 0.3381194472312927]}, "stats": {"total_weight": 0.6705104112625122, "residual_transmittance": 0.32948965631312555, "top_word": "dog", "softmax_top_word": "dog", "n_tokens": 3}}