{"sentence": "Man bites dog", "words": ["man", "dog"], "token_ids": [301, 2927], "gaussians": {"mu_3d": [[1.0919097661972046, 0.3654974102973938, -1.0173661708831787], [0.8021588325500488, -1.1184295415878296, -1.1862401962280273]], "scale_3d": [[0.08565779775381088, 0.08566677570343018, 0.08566306531429291], [0.2674667537212372, 0.26749470829963684, 0.2674831748008728]], "alpha": [0.5, 0.5], "colors": [[1.0, 0.0, 0.0], [0.0, 1.0, 0.0]]}, "rendering": {"kernel": [0.6427969336509705, 0.9556862115859985], "weights": [0.32139846682548523, 0.3242650628089905], "transmittance": [1.0, 0.6786015033721924], "eff_opacity": [0.32139846682548523, 0.47784310579299927], "meaning_3d": [-0.13148097693920135, 0.2207542359828949, -0.0227238480001688]}, "stats": {"total_weight": 0.6456634998321533, "residual_transmittance": 0.3543364534050255, "top_word": "dog", "n_tokens": 2}}