{"sentence": "Man bites dog", "words": ["man", "bites", "dog"], "token_ids": [301, 15396, 2927], "gaussians": {"mu_3d": [[-2.570488691329956, -1.8625644445419312, 1.0308204889297485], [-0.5495430827140808, 0.9107930064201355, 1.0021570920944214], [-1.9257423877716064, -0.6876840591430664, 0.7356648445129395]], "scale_3d": [[0.03838508948683739, 0.03838513419032097, 0.03838525712490082], [0.274440199136734, 0.2744404971599579, 0.27444127202033997], [0.11961185187101364, 0.11961200833320618, 0.11961236596107483]], "alpha": [0.5, 0.5, 0.5], "colors": [[0.0, 1.0, 0.0], [1.0, 0.8072942495346069, 1.0], [0.3400599956512451, 0.0, 0.0]]}, "rendering": {"kernel": [0.014293784275650978, 0.9095161557197571, 0.78270024061203], "weights": [0.007146892137825489, 0.45150795578956604, 0.21185550093650818], "transmittance": [1.0, 0.9928531050682068, 0.5413451790809631], "eff_opacity": [0.007146892137825489, 0.45475807785987854, 0.391350120306015], "meaning_3d": [-0.014232611283659935, 0.423694908618927, -0.14833858609199524]}, "softmax": {"weights": [0.3381194472312927, 0.2142668068408966, 0.44761377573013306]}, "stats": {"total_weight": 0.6705103516578674, "residual_transmittance": 0.32948967812054697, "top_word": "bites", "softmax_top_word": "dog", "n_tokens": 3}}