{"sentence": "I went to the bank to deposit money", "words": ["i", "went", "to", "the", "bank", "to", "deposit", "money"], "token_ids": [42, 389, 5, 1, 232, 5, 7804, 309], "gaussians": {"mu_3d": [[-3.292553424835205, -1.475897192955017, 1.3652331829071045], [-2.3185501098632812, -1.910536527633667, -0.81874018907547], [-3.7437236309051514, -0.66762775182724, -0.5525488257408142], [-3.5623953342437744, -0.8996293544769287, -0.5206454396247864], [-3.0842742919921875, -1.133725643157959, -2.0114524364471436], [-3.7437236309051514, -0.66762775182724, -0.5525488257408142], [-1.6591519117355347, 0.7798674702644348, -1.6140140295028687], [-3.551386594772339, -0.5506601929664612, -0.1918809413909912]], "scale_3d": [[0.01447472907602787, 0.014474744908511639, 0.014474785886704922], [0.04362429305911064, 0.04362434148788452, 0.043624475598335266], [0.005403386894613504, 0.005403392948210239, 0.005403409246355295], [0.003118502674624324, 0.003118505934253335, 0.003118514781817794], [0.03371315076947212, 0.03371318802237511, 0.033713288605213165], [0.005403386894613504, 0.005403392948210239, 0.005403409246355295], [0.19535183906555176, 0.19535204768180847, 0.19535262882709503], [0.03889050707221031, 0.03889055177569389, 0.03889067471027374]], "alpha": [0.5, 0.5, 0.5, 0.5, 0.5, 0.5, 0.5, 0.5], "colors": [[0.0, 1.0, 0.36648839712142944], [0.17330440878868103, 0.592536985874176, 0.4492556154727936], [0.11508405953645706, 0.0, 0.5998660326004028], [0.27968519926071167, 0.3619801998138428, 0.3603358268737793], [1.0, 0.2735993564128876, 0.0], [0.11508405953645706, 3.6948652137880345e-08, 0.5998660326004028], [0.9545247554779053, 0.5991815328598022, 1.0], [0.4884238839149475, 0.5666723251342773, 0.49057620763778687]]}, "rendering": {"kernel": [5.014014251920564e-21, 0.0819350928068161, 2.888356394666313e-41, 0.0, 5.127568147145212e-05, 2.888356394666313e-41, 0.7194376587867737, 0.018822424113750458], "weights": [2.507007125960282e-21, 0.04096754640340805, 1.3850434021386492e-41, 0.0, 2.4587521693320014e-05, 1.3850434021386492e-41, 0.3449731767177582, 0.005778810940682888], "transmittance": [1.0, 1.0, 0.9590324759483337, 0.9590324759483337, 0.9590324759483337, 0.9590079188346863, 0.9590079188346863, 0.6140347123146057], "eff_opacity": [2.507007125960282e-21, 0.04096754640340805, 1.4441781973331565e-41, 0.0, 2.563784073572606e-05, 1.4441781973331565e-41, 0.35971882939338684, 0.009411212056875229], "meaning_3d": [-0.25452566146850586, 0.05305476486682892, -0.13884243369102478]}, "softmax": {"weights": [0.12834610044956207, 0.08812035620212555, 0.13752681016921997, 0.10851843655109406, 0.1560882329940796, 0.13752681016921997, 0.07975681126117706, 0.16411642730236053]}, "stats": {"total_weight": 0.39174413681030273, "residual_transmittance": 0.6082559014267306, "top_word": "deposit", "softmax_top_word": "money", "n_tokens": 8}}