{"sentence": "I went to the bank to deposit money", "words": ["i", "went", "to", "the", "bank", "to", "deposit", "money"], "token_ids": [42, 389, 5, 1, 232, 5, 7804, 309], "gaussians": {"mu_3d": [[0.42848026752471924, -0.4495542049407959, -2.216132402420044], [1.1530208587646484, 0.0707240030169487, 0.3882029354572296], [-0.9846324920654297, 0.126224547624588, -0.13191136717796326], [-0.3883543014526367, 0.05228801816701889, 0.14174893498420715], [-1.072363018989563, 0.5200362801551819, 1.5598195791244507], [-0.9846324920654297, 0.126224547624588, -0.13191136717796326], [-1.1163244247436523, -1.432875633239746, 1.0626212358474731], [-1.1770449876785278, -0.5042046308517456, -0.6517335772514343]], "scale_3d": [[0.032244108617305756, 0.032247476279735565, 0.03224607929587364], [0.09737180918455124, 0.09738200902938843, 0.09737779945135117], [0.0120152672752738, 0.012016527354717255, 0.012016004882752895], [0.006927594542503357, 0.006928319577127695, 0.006928021553903818], [0.07521458715200424, 0.07522248476743698, 0.07521918416023254], [0.0120152672752738, 0.012016527354717255, 0.012016004882752895], [0.43721747398376465, 0.43726325035095215, 0.4372442960739136], [0.08678772300481796, 0.08679679036140442, 0.08679305762052536]], "alpha": [0.5, 0.5, 0.5, 0.5, 0.5, 0.5, 0.5, 0.5], "colors": [[0.0, 1.0, 0.36648839712142944], [0.17330440878868103, 0.592536985874176, 0.4492556154727936], [0.11508405953645706, 0.0, 0.5998660326004028], [0.27968519926071167, 0.3619801998138428, 0.3603358268737793], [1.0, 0.2735993564128876, 0.0], [0.11508405953645706, 3.6948652137880345e-08, 0.5998660326004028], [0.9545247554779053, 0.5991815328598022, 1.0], [0.4884238839149475, 0.5666723251342773, 0.49057620763778687]]}, "rendering": {"kernel": [5.077933565189596e-06, 0.5439414381980896, 5.0495943265948e-16, 0.0, 0.14616045355796814, 5.0495943265948e-16, 0.9319021105766296, 0.3572649657726288], "weights": [2.538966782594798e-06, 0.2719700336456299, 1.8381217142904256e-16, 0.0, 0.05320441350340843, 1.7037912885809581e-16, 0.3144344985485077, 0.06437709927558899], "transmittance": [1.0, 0.9999974370002747, 0.7280274033546448, 0.7280274033546448, 0.7280274033546448, 0.674822986125946, 0.674822986125946, 0.36038848757743835], "eff_opacity": [2.538966782594798e-06, 0.2719707190990448, 2.5247971632974e-16, 0.0, 0.07308022677898407, 2.5247971632974e-16, 0.4659510552883148, 0.1786324828863144], "meaning_3d": [-0.22957736253738403, 0.05177664756774902, -0.11622833460569382]}, "softmax": {"weights": [0.1287745237350464, 0.09461039304733276, 0.13456305861473083, 0.09348732978105545, 0.14090733230113983, 0.13456305861473083, 0.10802275687456131, 0.1650715172290802]}, "stats": {"total_weight": 0.7039885520935059, "residual_transmittance": 0.29601139723783687, "top_word": "deposit", "softmax_top_word": "money", "n_tokens": 8}}