{"sentence": "I sat on the bank of the river", "words": ["i", "sat", "on", "the", "bank", "of", "the", "river"], "token_ids": [42, 3224, 14, 1, 232, 4, 1, 621], "gaussians": {"mu_3d": [[0.42848026752471924, -0.4495542049407959, -2.216132402420044], [1.5385993719100952, -0.023729776963591576, -0.017663409933447838], [-0.35730016231536865, 0.09367267042398453, 0.3391900062561035], [-0.3883543014526367, 0.05228801816701889, 0.14174893498420715], [-1.072363018989563, 0.5200362801551819, 1.5598195791244507], [-0.5241243839263916, -0.11472291499376297, 0.09025967866182327], [-0.3883543014526367, 0.05228801816701889, 0.14174893498420715], [0.768377959728241, -0.9995314478874207, 1.809088110923767]], "scale_3d": [[0.032244108617305756, 0.032247476279735565, 0.03224607929587364], [0.28073784708976746, 0.28076717257499695, 0.28075507283210754], [0.01901935786008835, 0.019021350890398026, 0.019020522013306618], [0.006927594542503357, 0.006928319577127695, 0.006928021553903818], [0.07521458715200424, 0.07522248476743698, 0.07521918416023254], [0.01096591167151928, 0.010967059060931206, 0.010966585949063301], [0.006927594542503357, 0.006928319577127695, 0.006928021553903818], [0.12304017692804337, 0.12305302917957306, 0.12304773926734924]], "alpha": [0.5, 0.5, 0.5, 0.5, 0.5, 0.5, 0.5, 0.5], "colors": [[0.0, 0.5071513652801514, 0.4861502945423126], [0.04520697146654129, 0.3189462125301361, 1.0], [0.2903304994106293, 0.5686585903167725, 0.2384597212076187], [0.4005441963672638, 0.590900182723999, 0.0], [0.9085182547569275, 1.0, 0.8383006453514099], [0.3699982166290283, 0.6080169677734375, 0.005658771842718124], [0.4005441665649414, 0.5909002423286438, 4.070853876214642e-08], [1.0, 0.0, 0.3810097873210907]]}, "rendering": {"kernel": [2.7536907509784214e-06, 0.8643308281898499, 0.00012251577572897077, 7.504706775106015e-21, 0.10064849257469177, 6.161168580529064e-14, 7.504706775106015e-21, 0.3679644465446472], "weights": [1.3768453754892107e-06, 0.4321648180484772, 3.478429789538495e-05, 2.1305825939054014e-21, 0.028574058786034584, 1.6611280019150805e-14, 2.0233627401258747e-21, 0.0992078110575676], "transmittance": [1.0, 0.9999986290931702, 0.5678338408470154, 0.5677990317344666, 0.5677990317344666, 0.5392249822616577, 0.5392249822616577, 0.5392249822616577], "eff_opacity": [1.3768453754892107e-06, 0.4321654140949249, 6.125788786448538e-05, 3.7523533875530076e-21, 0.050324246287345886, 3.080584290264532e-14, 3.7523533875530076e-21, 0.1839822232723236], "meaning_3d": [-0.2611290216445923, -0.04851093515753746, 0.2683074474334717]}, "stats": {"total_weight": 0.5599828362464905, "residual_transmittance": 0.44001717118117867, "top_word": "sat", "n_tokens": 8}}