{"sentence": "I sat on the bank of the river", "words": ["i", "sat", "on", "the", "bank", "of", "the", "river"], "token_ids": [42, 3224, 14, 1, 232, 4, 1, 621], "gaussians": {"mu_3d": [[-3.292553424835205, -1.475897192955017, 1.3652331829071045], [-1.2661088705062866, -1.4838787317276, -0.29671788215637207], [-3.4687182903289795, -1.0888192653656006, -0.7104663848876953], [-3.5623953342437744, -0.8996293544769287, -0.5206454396247864], [-3.0842742919921875, -1.133725643157959, -2.0114524364471436], [-3.4222521781921387, -0.5781180262565613, -0.5973639488220215], [-3.5623953342437744, -0.8996293544769287, -0.5206454396247864], [-2.217271566390991, -0.984721839427948, -1.6800804138183594]], "scale_3d": [[0.01447472907602787, 0.014474744908511639, 0.014474785886704922], [0.12553583085536957, 0.1255359798669815, 0.12553636729717255], [0.008546118624508381, 0.008546129800379276, 0.008546153083443642], [0.003118502674624324, 0.003118505934253335, 0.003118514781817794], [0.03371315076947212, 0.03371318802237511, 0.033713288605213165], [0.00493229366838932, 0.004932299256324768, 0.004932314157485962], [0.003118502674624324, 0.003118505934253335, 0.003118514781817794], [0.05510096251964569, 0.055101025849580765, 0.055101193487644196]], "alpha": [0.5, 0.5, 0.5, 0.5, 0.5, 0.5, 0.5, 0.5], "colors": [[0.0, 0.5071513652801514, 0.4861502945423126], [0.04520697146654129, 0.3189462125301361, 1.0], [0.2903304994106293, 0.5686585903167725, 0.2384597212076187], [0.4005441963672638, 0.590900182723999, 0.0], [0.9085182547569275, 1.0, 0.8383006453514099], [0.3699982166290283, 0.6080169677734375, 0.005658771842718124], [0.4005441665649414, 0.5909002423286438, 4.070853876214642e-08], [1.0, 0.0, 0.3810097873210907]]}, "rendering": {"kernel": [3.164336670749657e-22, 0.5149297118186951, 1.018125767544907e-15, 0.0, 1.230667930940399e-05, 0.0, 0.0, 0.0035997696686536074], "weights": [1.5821683353748286e-22, 0.25746485590934753, 3.779970553906021e-16, 0.0, 4.569070824800292e-06, 0.0, 0.0, 0.0013364695478230715], "transmittance": [1.0, 1.0, 0.7425351142883301, 0.7425351142883301, 0.7425351142883301, 0.7425305843353271, 0.7425305843353271, 0.7425305843353271], "eff_opacity": [1.5821683353748286e-22, 0.25746485590934753, 5.090628837724535e-16, 0.0, 6.153339654701995e-06, 0.0, 0.0, 0.0017998848343268037], "meaning_3d": [-0.15448245406150818, 0.009548592381179333, 0.14626069366931915]}, "softmax": {"weights": [0.12917417287826538, 0.07383746653795242, 0.13024263083934784, 0.13437926769256592, 0.1431841403245926, 0.11364303529262543, 0.13437926769256592, 0.1411599963903427]}, "stats": {"total_weight": 0.25880587100982666, "residual_transmittance": 0.7411941147975581, "top_word": "sat", "softmax_top_word": "bank", "n_tokens": 8}}