{"sentence": "The spring flowers bloomed early", "words": ["the", "spring", "flowers", "early"], "token_ids": [1, 1510, 4385, 200], "gaussians": {"mu_3d": [[-3.5623953342437744, -0.8996293544769287, -0.5206454396247864], [-2.5378246307373047, -0.8500237464904785, -0.6403735280036926], [-1.6075657606124878, 0.09952668845653534, 0.19428500533103943], [-3.131937265396118, -1.1244817972183228, -0.675751268863678]], "scale_3d": [[0.003118502674624324, 0.003118505934253335, 0.003118514781817794], [0.08590629696846008, 0.08590640127658844, 0.08590665459632874], [0.14641372859477997, 0.1464138925075531, 0.14641432464122772], [0.031311072409152985, 0.03131110966205597, 0.03131120279431343]], "alpha": [0.5, 0.5, 0.5, 0.5], "colors": [[0.9719380736351013, 1.0, 1.0], [0.729993999004364, 0.0, 0.5385539531707764], [0.0, 0.8899996876716614, 0.4823392331600189], [1.0, 0.9390104413032532, 0.0]]}, "rendering": {"kernel": [0.0, 0.6066892147064209, 0.5639979839324951, 0.006381130777299404], "weights": [0.0, 0.30334460735321045, 0.19645611941814423, 0.001595918438397348], "transmittance": [1.0, 1.0, 0.6966553926467896, 0.5001992583274841], "eff_opacity": [0.0, 0.30334460735321045, 0.28199899196624756, 0.003190565388649702], "meaning_3d": [-0.2949070930480957, -0.04830586165189743, -0.06069274991750717]}, "softmax": {"weights": [0.21438530087471008, 0.2724505364894867, 0.27081018686294556, 0.24235397577285767]}, "stats": {"total_weight": 0.501396656036377, "residual_transmittance": 0.49860333988643624, "top_word": "spring", "softmax_top_word": "spring", "n_tokens": 4}}