{"sentence": "The spring flowers bloomed early", "words": ["the", "spring", "flowers", "early"], "token_ids": [1, 1510, 4385, 200], "gaussians": {"mu_3d": [[-0.3883543014526367, 0.05228801816701889, 0.14174893498420715], [0.5851747989654541, -0.8102794289588928, 0.28495073318481445], [0.6631764769554138, -1.5040485858917236, -0.40567365288734436], [0.027525436133146286, 0.1170857772231102, 0.43050307035446167]], "scale_3d": [[0.006927594542503357, 0.006928319577127695, 0.006928021553903818], [0.19198212027549744, 0.19200223684310913, 0.19199390709400177], [0.3275182843208313, 0.32755258679389954, 0.3275384306907654], [0.06984618306159973, 0.06985350698232651, 0.06985048204660416]], "alpha": [0.5, 0.5, 0.5, 0.5], "colors": [[0.9719380736351013, 1.0, 1.0], [0.729993999004364, 0.0, 0.5385539531707764], [0.0, 0.8899996876716614, 0.4823392331600189], [1.0, 0.9390104413032532, 0.0]]}, "rendering": {"kernel": [9.710998357770982e-43, 0.8998761773109436, 0.9009523391723633, 0.34898948669433594], "weights": [4.848492686563867e-43, 0.4499380886554718, 0.24778980016708374, 0.052744898945093155], "transmittance": [1.0, 1.0, 0.5500619411468506, 0.30227214097976685], "eff_opacity": [4.848492686563867e-43, 0.4499380886554718, 0.45047616958618164, 0.17449474334716797], "meaning_3d": [-0.38672390580177307, -0.08851825445890427, -0.07925784587860107]}, "stats": {"total_weight": 0.7504728436470032, "residual_transmittance": 0.24952724131850346, "top_word": "spring", "n_tokens": 4}}