{"sentence": "The spring in the mattress broke", "words": ["the", "spring", "in", "the", "broke"], "token_ids": [1, 1510, 7, 1, 1401], "gaussians": {"mu_3d": [[-0.3883543014526367, 0.05228801816701889, 0.14174893498420715], [0.5851747989654541, -0.8102794289588928, 0.28495073318481445], [-0.012610350735485554, 0.11636795848608017, 0.8194138407707214], [-0.3883543014526367, 0.05228801816701889, 0.14174893498420715], [0.8758102059364319, 0.8848520517349243, 0.9233747124671936]], "scale_3d": [[0.006927594542503357, 0.006928319577127695, 0.006928021553903818], [0.19198212027549744, 0.19200223684310913, 0.19199390709400177], [0.01387897226959467, 0.013880424201488495, 0.013879829086363316], [0.006927594542503357, 0.006928319577127695, 0.006928021553903818], [0.1849108338356018, 0.18493017554283142, 0.18492218852043152]], "alpha": [0.5, 0.5, 0.5, 0.5, 0.5], "colors": [[1.0, 0.2868672013282776, 1.0], [0.3325049877166748, 1.0, 0.9519275426864624], [0.7703948020935059, 0.4698373079299927, 0.0], [0.9999999403953552, 0.2868672013282776, 1.0], [0.0, 0.0, 0.7809042930603027]]}, "rendering": {"kernel": [3.55892208619674e-17, 0.8420297503471375, 9.717547072796151e-06, 3.55892208619674e-17, 0.8075187802314758], "weights": [1.77946104309837e-17, 0.4210148751735687, 2.813157379932818e-06, 1.030276448555825e-17, 0.23376953601837158], "transmittance": [1.0, 1.0, 0.5789850950241089, 0.5789822936058044, 0.5789822936058044], "eff_opacity": [1.77946104309837e-17, 0.4210148751735687, 4.8587735363980755e-06, 1.77946104309837e-17, 0.4037593901157379], "meaning_3d": [-0.16105803847312927, -0.08414129167795181, -0.002631871961057186]}, "softmax": {"weights": [0.2070939689874649, 0.18707989156246185, 0.20127134025096893, 0.2070939689874649, 0.1974608302116394]}, "stats": {"total_weight": 0.6547872424125671, "residual_transmittance": 0.34521275585171374, "top_word": "spring", "softmax_top_word": "the", "n_tokens": 5}}