{"sentence": "The spring in the mattress broke", "words": ["the", "spring", "in", "the", "mattress", "broke"], "token_ids": [1, 1510, 7, 1, 24407, 1401], "gaussians": {"mu_3d": [[-3.5623953342437744, -0.8996293544769287, -0.5206454396247864], [-2.5378246307373047, -0.8500237464904785, -0.6403735280036926], [-3.3007383346557617, -1.1516778469085693, -1.1144148111343384], [-3.5623953342437744, -0.8996293544769287, -0.5206454396247864], [0.22754521667957306, 0.7433815002441406, 0.15294641256332397], [-2.153057813644409, -1.6844722032546997, -0.4544568657875061]], "scale_3d": [[0.003118502674624324, 0.003118505934253335, 0.003118514781817794], [0.08590629696846008, 0.08590640127658844, 0.08590665459632874], [0.006239891983568668, 0.006239898968487978, 0.006239916663616896], [0.003118502674624324, 0.003118505934253335, 0.003118514781817794], [0.34559106826782227, 0.3455915153026581, 0.34559255838394165], [0.082747682929039, 0.08274777978658676, 0.08274802565574646]], "alpha": [0.5, 0.5, 0.5, 0.5, 0.5, 0.5], "colors": [[1.147701098602738e-07, 0.7722209095954895, 0.9999999403953552], [0.2210666686296463, 1.0, 0.0], [0.0623207725584507, 0.7974228262901306, 0.694166362285614], [0.0, 0.7722209692001343, 1.0], [1.0, 0.7448146343231201, 0.8587085008621216], [0.2076675295829773, 0.0, 0.46637558937072754]]}, "rendering": {"kernel": [0.0, 0.4941897392272949, 2.5019558800641835e-29, 0.0, 0.8777338862419128, 0.41368725895881653], "weights": [0.0, 0.24709486961364746, 9.418676885907095e-30, 0.0, 0.3304251730442047, 0.08738728612661362], "transmittance": [1.0, 1.0, 0.7529051303863525, 0.7529051303863525, 0.7529051303863525, 0.42247992753982544], "eff_opacity": [0.0, 0.24709486961364746, 1.2509779400320918e-29, 0.0, 0.4388669431209564, 0.20684362947940826], "meaning_3d": [-0.161129429936409, -0.011368044652044773, -0.11931867897510529]}, "softmax": {"weights": [0.1933407038450241, 0.18434996902942657, 0.19201086461544037, 0.1933407038450241, 0.06767117232084274, 0.1692865639925003]}, "stats": {"total_weight": 0.6649073362350464, "residual_transmittance": 0.33509264594529053, "top_word": "mattress", "softmax_top_word": "the", "n_tokens": 6}}