{"sentence": "A big red ball", "words": ["a", "big", "red", "ball"], "token_ids": [8, 366, 640, 1084], "gaussians": {"mu_3d": [[-3.4610025882720947, -0.9388415217399597, -0.2834344506263733], [-3.144742727279663, -0.7390058636665344, -0.04888200759887695], [-2.5225565433502197, -0.9346153736114502, -0.3502698838710785], [-1.889445185661316, -1.4990814924240112, 0.16372038424015045]], "scale_3d": [[0.0066186655312776566, 0.0066186715848743916, 0.006618692073971033], [0.04231754317879677, 0.04231759160757065, 0.0423177145421505], [0.055936772376298904, 0.05593683198094368, 0.05593700334429741], [0.07278795540332794, 0.07278803735971451, 0.07278825342655182]], "alpha": [0.5, 0.5, 0.5, 0.5], "colors": [[0.16992968320846558, 0.0, 1.0], [0.311384916305542, 0.19440175592899323, 0.0], [0.0, 1.0, 0.6241512894630432], [1.0, 0.6063278913497925, 0.6853417158126831]]}, "rendering": {"kernel": [0.0, 0.06951854377985, 0.1140691488981247, 0.19030305743217468], "weights": [0.0, 0.034759271889925, 0.05505209416151047, 0.08660583943128586], "transmittance": [1.0, 1.0, 0.9652407169342041, 0.910188615322113], "eff_opacity": [0.0, 0.034759271889925, 0.05703457444906235, 0.09515152871608734], "meaning_3d": [-0.014523599296808243, 0.04492409899830818, 0.004610240459442139]}, "softmax": {"weights": [0.204652339220047, 0.2341490387916565, 0.2575371563434601, 0.30366143584251404]}, "stats": {"total_weight": 0.17641720175743103, "residual_transmittance": 0.8235827771542352, "top_word": "ball", "softmax_top_word": "ball", "n_tokens": 4}}