{"sentence": "A big red ball", "words": ["a", "big", "red", "ball"], "token_ids": [8, 366, 640, 1084], "gaussians": {"mu_3d": [[-0.1442432999610901, -0.2265632301568985, -0.19730646908283234], [0.17932726442813873, -1.4403666257858276, -0.7505649924278259], [0.8288623690605164, -0.7617573738098145, 0.3986298739910126], [1.8199470043182373, -1.364669680595398, -0.6057522892951965]], "scale_3d": [[0.014723023399710655, 0.014724561013281345, 0.014723928645253181], [0.09444985538721085, 0.09445973485708237, 0.09445565193891525], [0.1249099150300026, 0.1249229684472084, 0.12491758912801743], [0.16261686384677887, 0.16263392567634583, 0.16262687742710114]], "alpha": [0.5, 0.5, 0.5, 0.5], "colors": [[0.16992968320846558, 0.0, 1.0], [0.311384916305542, 0.19440175592899323, 0.0], [0.0, 1.0, 0.6241512894630432], [1.0, 0.6063278913497925, 0.6853417158126831]]}, "rendering": {"kernel": [5.045376009343849e-13, 0.5653671026229858, 0.6515213251113892, 0.7187596559524536], "weights": [2.5226880046719247e-13, 0.2826835513114929, 0.23367348313331604, 0.17381152510643005], "transmittance": [1.0, 1.0, 0.7173164486885071, 0.48364296555519104], "eff_opacity": [2.5226880046719247e-13, 0.2826835513114929, 0.3257606625556946, 0.3593798279762268], "meaning_3d": [-0.010398666374385357, 0.1430901288986206, 0.03984159231185913]}, "stats": {"total_weight": 0.6901686191558838, "residual_transmittance": 0.3098314397920543, "top_word": "big", "n_tokens": 4}}