{"sentence": "A small blue car", "words": ["a", "small", "blue", "car"], "token_ids": [8, 358, 1186, 570], "gaussians": {"mu_3d": [[-0.1442432999610901, -0.2265632301568985, -0.19730646908283234], [-0.7404364943504333, -1.3936223983764648, 0.34652769565582275], [1.0142747163772583, -1.8188680410385132, 0.20696835219860077], [0.08330075442790985, -1.0059221982955933, 0.8193314075469971]], "scale_3d": [[0.014723023399710655, 0.014724561013281345, 0.014723928645253181], [0.09341220557689667, 0.09342196583747864, 0.09341792017221451], [0.17010782659053802, 0.17012561857700348, 0.1701182872056961], [0.11787554621696472, 0.11788786202669144, 0.11788280308246613]], "alpha": [0.5, 0.5, 0.5, 0.5], "colors": [[0.5110363364219666, 1.0, 0.0], [0.518211305141449, 0.8358574509620667, 1.0], [0.0, 0.025299545377492905, 0.4143901467323303], [1.0, 0.0, 0.404567688703537]]}, "rendering": {"kernel": [2.8622096012731468e-11, 0.6082524061203003, 0.7458000183105469, 0.43809905648231506], "weights": [1.4311048006365734e-11, 0.30412620306015015, 0.25949135422706604, 0.09558937698602676], "transmittance": [1.0, 1.0, 0.6958737969398499, 0.4363824427127838], "eff_opacity": [1.4311048006365734e-11, 0.30412620306015015, 0.37290000915527344, 0.21904952824115753], "meaning_3d": [-0.08371153473854065, 0.13610461354255676, 0.014679733663797379]}, "stats": {"total_weight": 0.6592069864273071, "residual_transmittance": 0.34079307450382457, "top_word": "small", "n_tokens": 4}}