{"sentence": "A small blue car", "words": ["a", "small", "blue", "car"], "token_ids": [8, 358, 1186, 570], "gaussians": {"mu_3d": [[-3.4610025882720947, -0.9388415217399597, -0.2834344506263733], [-3.3115382194519043, 0.21215617656707764, -0.47442907094955444], [-2.2641327381134033, -0.5639622807502747, -0.8077428936958313], [-2.881004810333252, -0.8231051564216614, -0.925546407699585]], "scale_3d": [[0.0066186655312776566, 0.0066186715848743916, 0.006618692073971033], [0.041853468865156174, 0.041853513568639755, 0.041853636503219604], [0.07613477110862732, 0.07613486051559448, 0.07613509893417358], [0.05279218405485153, 0.05279223248362541, 0.05279238894581795]], "alpha": [0.5, 0.5, 0.5, 0.5], "colors": [[0.5110363364219666, 1.0, 0.0], [0.518211305141449, 0.8358574509620667, 1.0], [0.0, 0.025299545377492905, 0.4143901467323303], [1.0, 0.0, 0.404567688703537]]}, "rendering": {"kernel": [0.0, 0.08533434569835663, 0.2273038774728775, 0.02294681966304779], "weights": [0.0, 0.042667172849178314, 0.10880273580551147, 0.009735533967614174], "transmittance": [1.0, 1.0, 0.9573328495025635, 0.848530113697052], "eff_opacity": [0.0, 0.042667172849178314, 0.11365193873643875, 0.011473409831523895], "meaning_3d": [-0.01247793436050415, 0.017759788781404495, 0.020660318434238434]}, "softmax": {"weights": [0.2100127935409546, 0.21813510358333588, 0.24342955648899078, 0.328422486782074]}, "stats": {"total_weight": 0.16120545566082, "residual_transmittance": 0.8387945799482162, "top_word": "blue", "softmax_top_word": "car", "n_tokens": 4}}