{"sentence": "The dark stormy night", "words": ["the", "dark", "night"], "token_ids": [1, 2238, 365], "gaussians": {"mu_3d": [[-0.3883543014526367, 0.05228802561759949, 0.14174894988536835], [0.5901496410369873, -1.5330476760864258, -1.2255427837371826], [1.1223565340042114, 0.14721158146858215, -0.029908640310168266]], "scale_3d": [[0.006927595008164644, 0.006928319577127695, 0.006928021553903818], [0.2338121235370636, 0.23383662104606628, 0.23382653295993805], [0.09432075917720795, 0.09433062374591827, 0.09432656317949295]], "alpha": [0.5, 0.5, 0.5], "colors": [[0.0, 1.0, 0.0], [1.0, 0.5018056035041809, 0.0], [0.0024049438070505857, 0.0, 0.0]]}, "rendering": {"kernel": [4.175869423687955e-42, 0.8894732594490051, 0.553277850151062], "weights": [2.0879347118439774e-42, 0.44473662972450256, 0.15360745787620544], "transmittance": [1.0, 1.0, 0.5552634000778198], "eff_opacity": [2.0879347118439774e-42, 0.44473662972450256, 0.276638925075531], "meaning_3d": [0.023134034126996994, -0.1255357563495636, 0.1494751125574112]}, "stats": {"total_weight": 0.598344087600708, "residual_transmittance": 0.40165592994650723, "top_word": "dark", "n_tokens": 3}}