{"sentence": "The dark stormy night", "words": ["the", "dark", "stormy", "night"], "token_ids": [1, 2238, 16150, 365], "gaussians": {"mu_3d": [[-3.5623953342437744, -0.8996293544769287, -0.5206454396247864], [-2.3326170444488525, 0.10905710607767105, 1.105403184890747], [-0.6750900149345398, -0.21426892280578613, 0.4409182071685791], [-2.6672117710113525, -1.7162739038467407, -0.07999148964881897]], "scale_3d": [[0.003118502674624324, 0.003118505934253335, 0.003118514781817794], [0.10458680242300034, 0.1045868992805481, 0.10458721220493317], [0.2810841500759125, 0.28108447790145874, 0.2810852825641632], [0.042259812355041504, 0.04225986450910568, 0.04225998744368553]], "alpha": [0.5, 0.5, 0.5, 0.5], "colors": [[0.0, 0.025956720113754272, 1.0], [0.18583835661411285, 1.0, 0.4947064220905304], [1.0, 0.25041404366493225, 0.6364884972572327], [0.18132680654525757, 0.0, 0.0]]}, "rendering": {"kernel": [0.0, 0.5011494159698486, 0.8985753655433655, 0.04756946861743927], "weights": [0.0, 0.2505747079849243, 0.33670756220817566, 0.009816382080316544], "transmittance": [1.0, 1.0, 0.7494252920150757, 0.4127177596092224], "eff_opacity": [0.0, 0.2505747079849243, 0.44928768277168274, 0.023784734308719635], "meaning_3d": [0.10957405716180801, -0.3878704011440277, 0.03455355390906334]}, "softmax": {"weights": [0.1909201592206955, 0.32048675417900085, 0.17553792893886566, 0.3130551874637604]}, "stats": {"total_weight": 0.597098708152771, "residual_transmittance": 0.40290137735242704, "top_word": "stormy", "softmax_top_word": "dark", "n_tokens": 4}}