{"sentence": "The cat is sleeping on the couch", "words": ["the", "cat", "is", "sleeping", "on", "the", "couch"], "token_ids": [1, 5451, 15, 6845, 14, 1, 13087], "gaussians": {"mu_3d": [[-3.5623953342437744, -0.8996293544769287, -0.5206454396247864], [-1.1573376655578613, -0.463251531124115, 0.41831648349761963], [-3.207977056503296, -0.7741144895553589, 0.10286003351211548], [-1.4114152193069458, -0.015297600999474525, 0.45747601985931396], [-3.4687180519104004, -1.088819146156311, -0.7104664444923401], [-3.5623953342437744, -0.8996293544769287, -0.5206453204154968], [-0.33781376481056213, -0.3310092091560364, 0.8392871618270874]], "scale_3d": [[0.003118502674624324, 0.003118505934253335, 0.003118514781817794], [0.16325139999389648, 0.1632515788078308, 0.1632520705461502], [0.008826584555208683, 0.008826595731079578, 0.008826620876789093], [0.18294918537139893, 0.18294939398765564, 0.182949960231781], [0.008546118624508381, 0.008546128869056702, 0.008546154014766216], [0.003118502674624324, 0.003118505934253335, 0.003118514781817794], [0.25301292538642883, 0.2530132532119751, 0.2530139982700348]], "alpha": [0.5, 0.5, 0.5, 0.5, 0.5, 0.5, 0.5], "colors": [[0.0, 0.2900586426258087, 0.46042531728744507], [0.6888038516044617, 1.0, 0.197162926197052], [0.10198935866355896, 0.41158947348594666, 0.6075472831726074], [1.0, 0.24914149940013885, 1.0], [0.17800547182559967, 0.1348140686750412, 0.188024640083313], [1.3896436712457216e-07, 0.2900587022304535, 0.46042531728744507], [0.989300549030304, 0.0, 0.0]]}, "rendering": {"kernel": [0.0, 0.7432137727737427, 1.6042714480601816e-26, 0.7697009444236755, 1.6040344631508968e-24, 0.0, 0.8609375953674316], "weights": [0.0, 0.37160688638687134, 5.04056580605164e-27, 0.24183738231658936, 3.1002435720792727e-25, 0.0, 0.16640017926692963], "transmittance": [1.0, 1.0, 0.6283931136131287, 0.6283931136131287, 0.3865557014942169, 0.3865557014942169, 0.3865557014942169], "eff_opacity": [0.0, 0.37160688638687134, 8.021357240300908e-27, 0.38485047221183777, 8.020172315754484e-25, 0.0, 0.4304687976837158], "meaning_3d": [-0.14941152930259705, 0.23065246641635895, -0.06672341376543045]}, "softmax": {"weights": [0.16446496546268463, 0.134598046541214, 0.1606118232011795, 0.11997420340776443, 0.16291986405849457, 0.16446496546268463, 0.09296613186597824]}, "stats": {"total_weight": 0.7798444628715515, "residual_transmittance": 0.220155533434216, "top_word": "cat", "softmax_top_word": "the", "n_tokens": 7}}