{"sentence": "The cat is sleeping on the couch", "words": ["the", "cat", "is", "sleeping", "on", "the"], "token_ids": [1, 5451, 15, 6845, 14, 1], "gaussians": {"mu_3d": [[-0.3883543014526367, 0.05228801816701889, 0.14174893498420715], [1.0280886888504028, -1.3067244291305542, -0.8033920526504517], [-0.325249046087265, -0.45701590180397034, -0.777515172958374], [0.5264628529548645, -0.8408176898956299, -0.2707121968269348], [-0.3573002219200134, 0.09367267787456512, 0.33918997645378113], [-0.3883543014526367, 0.05228802561759949, 0.14174894988536835]], "scale_3d": [[0.006927594542503357, 0.006928319577127695, 0.006928021553903818], [0.3652549386024475, 0.36529308557510376, 0.36527732014656067], [0.01964467391371727, 0.01964673213660717, 0.01964588835835457], [0.4094104766845703, 0.40945324301719666, 0.40943557024002075], [0.01901935786008835, 0.019021349027752876, 0.019020523875951767], [0.006927595008164644, 0.006928319577127695, 0.006928021553903818]], "alpha": [0.5, 0.5, 0.5, 0.5, 0.5, 0.5], "colors": [[0.9999998807907104, 0.5488491654396057, 0.5755774974822998], [0.14624062180519104, 0.0, 0.4319119155406952], [0.8593499660491943, 0.49207863211631775, 1.0], [0.0, 1.0, 0.6077703237533569], [0.8937021493911743, 0.666408121585846, 0.0], [1.0, 0.5488491654396057, 0.5755775570869446]]}, "rendering": {"kernel": [2.03583429222166e-25, 0.9307420253753662, 1.7354263945890125e-06, 0.9374035000801086, 1.1803667803178541e-05, 2.03583429222166e-25], "weights": [1.01791714611083e-25, 0.4653710126876831, 4.639046267129743e-07, 0.2505813241004944, 1.6763992789492477e-06, 2.8913480891068165e-26], "transmittance": [1.0, 1.0, 0.5346289873123169, 0.5346285104751587, 0.2840472161769867, 0.284045547246933], "eff_opacity": [1.01791714611083e-25, 0.4653710126876831, 8.677131972945062e-07, 0.4687017500400543, 5.901833901589271e-06, 1.01791714611083e-25], "meaning_3d": [-0.1784244328737259, 0.19107048213481903, -0.07297623157501221]}, "softmax": {"weights": [0.1724814772605896, 0.16973397135734558, 0.1660917103290558, 0.1586468666791916, 0.16056455671787262, 0.1724814772605896]}, "stats": {"total_weight": 0.7159544825553894, "residual_transmittance": 0.284045547246933, "top_word": "cat", "softmax_top_word": "the", "n_tokens": 6}}