{"sentence": "A kitten naps on the sofa", "words": ["a", "kitten", "on", "the", "sofa"], "token_ids": [8, 34699, 14, 1, 20552], "gaussians": {"mu_3d": [[-3.4610025882720947, -0.9388415217399597, -0.2834344506263733], [0.827532947063446, 0.34797683358192444, 0.8772445917129517], [-3.4687182903289795, -1.0888192653656006, -0.7104663848876953], [-3.5623953342437744, -0.8996293544769287, -0.5206454396247864], [-0.08379164338111877, 0.436909019947052, 0.2468789666891098]], "scale_3d": [[0.0066186655312776566, 0.0066186715848743916, 0.006618692073971033], [0.4121093153953552, 0.41210976243019104, 0.4121110141277313], [0.008546118624508381, 0.008546129800379276, 0.008546153083443642], [0.003118502674624324, 0.003118505934253335, 0.003118514781817794], [0.31710943579673767, 0.3171098232269287, 0.3171107769012451]], "alpha": [0.5, 0.5, 0.5, 0.5, 0.5], "colors": [[0.0, 0.3571528196334839, 1.0], [1.0, 0.0, 0.42769867181777954], [0.0015336679061874747, 0.4512592852115631, 0.0], [0.023685963824391365, 0.36724045872688293, 0.37547481060028076], [0.773123562335968, 1.0, 0.5126379132270813]]}, "rendering": {"kernel": [0.0, 0.9289083480834961, 6.645636977261929e-27, 0.0, 0.9123894572257996], "weights": [0.0, 0.46445417404174805, 1.779521520386896e-27, 0.0, 0.24431318044662476], "transmittance": [1.0, 1.0, 0.535545825958252, 0.535545825958252, 0.535545825958252], "eff_opacity": [0.0, 0.46445417404174805, 3.322818488630964e-27, 0.0, 0.4561947286128998], "meaning_3d": [-0.12150176614522934, 0.05527982860803604, -0.052686095237731934]}, "softmax": {"weights": [0.2829623520374298, 0.11045699566602707, 0.2346387654542923, 0.22742803394794464, 0.1445138305425644]}, "stats": {"total_weight": 0.7087673544883728, "residual_transmittance": 0.29123264322545594, "top_word": "kitten", "softmax_top_word": "a", "n_tokens": 5}}