{"sentence": "A kitten naps on the sofa", "words": ["a", "on", "the"], "token_ids": [8, 14, 1], "gaussians": {"mu_3d": [[-0.14424332976341248, -0.2265632301568985, -0.19730645418167114], [-0.3573002219200134, 0.09367267787456512, 0.33918997645378113], [-0.3883543014526367, 0.05228802561759949, 0.14174894988536835]], "scale_3d": [[0.01472302433103323, 0.014724562875926495, 0.014723928645253181], [0.01901935786008835, 0.019021349027752876, 0.019020523875951767], [0.006927595008164644, 0.006928319577127695, 0.006928021553903818]], "alpha": [0.5, 0.5, 0.5], "colors": [[1.0, 0.14099116623401642, 0.0], [0.0, 0.0, 0.0], [0.38623687624931335, 1.0, 0.0]]}, "rendering": {"kernel": [1.7983353473027819e-06, 0.0018530344823375344, 1.3552715536196275e-13], "weights": [8.991676736513909e-07, 0.0009265164262615144, 6.770073461255868e-14], "transmittance": [1.0, 0.9999991059303284, 0.9990726113319397], "eff_opacity": [8.991676736513909e-07, 0.0009265172411687672, 6.776357768098137e-14], "meaning_3d": [0.00017268129158765078, 0.00019049207912757993, -0.00016346290067303926]}, "stats": {"total_weight": 0.0009274156182073057, "residual_transmittance": 0.9990726113318721, "top_word": "on", "n_tokens": 3}}