{"sentence": "The movie was really exciting", "words": ["the", "movie", "was", "really", "exciting"], "token_ids": [1, 1006, 16, 589, 6358], "gaussians": {"mu_3d": [[-3.5623953342437744, -0.8996293544769287, -0.5206454396247864], [-2.5161643028259277, -1.0438686609268188, 0.968416690826416], [-2.817929267883301, -1.8025048971176147, -0.6556934714317322], [-3.1668283939361572, -0.5895388126373291, 1.8578050136566162], [-1.7595566511154175, -0.1730155199766159, 0.9637429714202881]], "scale_3d": [[0.003118502674624324, 0.003118505934253335, 0.003118514781817794], [0.07012108713388443, 0.070121169090271, 0.07012137025594711], [0.009098418988287449, 0.00909842923283577, 0.009098457172513008], [0.053663887083530426, 0.0536639504134655, 0.05366411432623863], [0.17631760239601135, 0.17631784081459045, 0.17631837725639343]], "alpha": [0.5, 0.5, 0.5, 0.5, 0.5], "colors": [[0.0664202868938446, 0.8506258726119995, 0.09372848272323608], [0.46567943692207336, 0.0, 0.6146159172058105], [0.0, 0.9967509508132935, 1.0], [0.6285618543624878, 0.8855322599411011, 0.0], [1.0, 1.0, 0.7850269675254822]]}, "rendering": {"kernel": [0.0, 0.20336903631687164, 9.48622793169884e-35, 0.1692502349615097, 0.8195945620536804], "weights": [0.0, 0.10168451815843582, 4.260812881098733e-35, 0.07602005451917648, 0.33697444200515747], "transmittance": [1.0, 1.0, 0.8983154892921448, 0.8983154892921448, 0.8222954273223877], "eff_opacity": [0.0, 0.10168451815843582, 4.74311396584942e-35, 0.08462511748075485, 0.4097972810268402], "meaning_3d": [0.1049065887928009, 0.04636996611952782, 0.1137467473745346]}, "softmax": {"weights": [0.15903183817863464, 0.2666688561439514, 0.1673787534236908, 0.2430116981267929, 0.16390880942344666]}, "stats": {"total_weight": 0.5146790146827698, "residual_transmittance": 0.4853209970048695, "top_word": "exciting", "softmax_top_word": "movie", "n_tokens": 5}}