{"sentence": "The movie was really exciting", "words": ["the", "movie", "was", "really", "exciting"], "token_ids": [1, 1006, 16, 589, 6358], "gaussians": {"mu_3d": [[-0.3883543014526367, 0.05228801816701889, 0.14174893498420715], [1.1220464706420898, -1.214092493057251, -1.7708665132522583], [0.6262019276618958, 0.3438866436481476, 0.07673212140798569], [-0.23748554289340973, -0.889924943447113, -2.6630702018737793], [0.5593879222869873, -1.3145140409469604, -1.8374912738800049]], "scale_3d": [[0.006927594542503357, 0.006928319577127695, 0.006928021553903818], [0.15664814412593842, 0.15666456520557404, 0.15665780007839203], [0.02025078423321247, 0.020252905786037445, 0.020252030342817307], [0.11982554942369461, 0.11983805149793625, 0.11983288824558258], [0.3945437967777252, 0.39458510279655457, 0.3945680856704712]], "alpha": [0.5, 0.5, 0.5, 0.5, 0.5], "colors": [[0.0664202868938446, 0.8506258726119995, 0.09372848272323608], [0.46567943692207336, 0.0, 0.6146159172058105], [0.0, 0.9967509508132935, 1.0], [0.6285618543624878, 0.8855322599411011, 0.0], [1.0, 1.0, 0.7850269675254822]]}, "rendering": {"kernel": [0.0, 0.7236418128013611, 5.520090162747238e-09, 0.6440973281860352, 0.944075882434845], "weights": [0.0, 0.36182090640068054, 1.7614030234369693e-09, 0.20552471280097961, 0.20422926545143127], "transmittance": [1.0, 1.0, 0.6381790637969971, 0.6381790637969971, 0.43265435099601746], "eff_opacity": [0.0, 0.36182090640068054, 2.760045081373619e-09, 0.3220486640930176, 0.4720379412174225], "meaning_3d": [0.03443528339266777, -0.003359161550179124, 0.06566014885902405]}, "softmax": {"weights": [0.12448203563690186, 0.24235743284225464, 0.15598100423812866, 0.2476002722978592, 0.22957926988601685]}, "stats": {"total_weight": 0.771574854850769, "residual_transmittance": 0.2284250818930973, "top_word": "movie", "softmax_top_word": "really", "n_tokens": 5}}