{"sentence": "The film was quite boring", "words": ["the", "film", "was", "quite", "boring"], "token_ids": [1, 320, 16, 1690, 12218], "gaussians": {"mu_3d": [[-3.5623953342437744, -0.8996293544769287, -0.5206454396247864], [-2.5532031059265137, -1.6435683965682983, 0.522730827331543], [-2.817929267883301, -1.8025048971176147, -0.6556934714317322], [-2.936012029647827, 0.0216057226061821, 1.325049638748169], [-0.9399315714836121, 0.47870776057243347, 1.3651981353759766]], "scale_3d": [[0.003118502674624324, 0.003118505934253335, 0.003118514781817794], [0.03957495838403702, 0.0395750030875206, 0.03957512229681015], [0.009098418988287449, 0.00909842923283577, 0.009098457172513008], [0.09088260680437088, 0.09088271111249924, 0.09088298678398132], [0.2444634586572647, 0.24446378648281097, 0.24446450173854828]], "alpha": [0.5, 0.5, 0.5, 0.5, 0.5], "colors": [[0.6254103183746338, 0.934178352355957, 1.0], [1.0, 0.0, 0.4990653395652771], [0.5625079274177551, 1.0, 0.2961574196815491], [0.32082536816596985, 0.5371987819671631, 0.0], [0.0, 0.1576273888349533, 0.7779109477996826]]}, "rendering": {"kernel": [0.0, 0.002257716376334429, 1.3305764651425427e-26, 0.6062962412834167, 0.8735228180885315], "weights": [0.0, 0.0011288581881672144, 6.645371969301581e-27, 0.30280590057373047, 0.3040144443511963], "transmittance": [1.0, 1.0, 0.9988711476325989, 0.9988711476325989, 0.6960651874542236], "eff_opacity": [0.0, 0.0011288581881672144, 6.652882325712713e-27, 0.3031481206417084, 0.43676140904426575], "meaning_3d": [-0.05373968556523323, 0.11192357540130615, 0.12907223403453827]}, "softmax": {"weights": [0.1723424792289734, 0.28723666071891785, 0.20499946177005768, 0.22005829215049744, 0.11536311358213425]}, "stats": {"total_weight": 0.6079491972923279, "residual_transmittance": 0.39205077539505595, "top_word": "boring", "softmax_top_word": "film", "n_tokens": 5}}