{"sentence": "The film was quite boring", "words": ["the", "film", "was", "quite"], "token_ids": [1, 320, 16, 1690], "gaussians": {"mu_3d": [[-0.3883543014526367, 0.05228801816701889, 0.14174893498420715], [1.4121249914169312, -0.9167117476463318, -1.376973032951355], [0.6262019276618958, 0.3438866436481476, 0.07673212140798569], [-0.42067694664001465, -1.1111695766448975, -1.8591903448104858]], "scale_3d": [[0.006927594542503357, 0.006928319577127695, 0.006928021553903818], [0.08831791579723358, 0.08832714706659317, 0.08832333981990814], [0.02025078423321247, 0.020252905786037445, 0.020252030342817307], [0.20312389731407166, 0.2031451016664505, 0.2031363695859909]], "alpha": [0.5, 0.5, 0.5, 0.5], "colors": [[0.897121012210846, 1.0, 0.0], [0.0, 0.6060556769371033, 0.515558660030365], [1.0, 0.7668392062187195, 1.0], [0.9078245759010315, 0.0, 0.30381613969802856]]}, "rendering": {"kernel": [1.1759696712613865e-41, 0.3094932734966278, 1.3991599189466797e-05, 0.8489784002304077], "weights": [5.879848356306932e-42, 0.1547466367483139, 5.913223048992222e-06, 0.35879841446876526], "transmittance": [1.0, 1.0, 0.8452533483505249, 0.8452474474906921], "eff_opacity": [5.879848356306932e-42, 0.1547466367483139, 6.995799594733398e-06, 0.42448920011520386], "meaning_3d": [-0.08981703966856003, -0.006228386424481869, 0.10050301998853683]}, "stats": {"total_weight": 0.5135509967803955, "residual_transmittance": 0.48644903460595046, "top_word": "quite", "n_tokens": 4}}