{"sentence": "Scientists discovered a new species of deep sea fish", "words": ["scientists", "discovered", "a", "new", "species", "of", "deep", "sea", "fish"], "token_ids": [2155, 1871, 8, 51, 1025, 4, 1480, 938, 2121], "gaussians": {"mu_3d": [[-1.2928565740585327, -0.5020031332969666, -0.7808139324188232], [0.6454595923423767, -0.5775874853134155, 0.1610313206911087], [-0.1442432999610901, -0.2265632301568985, -0.19730646908283234], [-0.22376748919487, -0.23422251641750336, 0.04672009497880936], [-0.7273135185241699, -1.7134957313537598, 0.2967216968536377], [-0.5241243839263916, -0.11472291499376297, 0.09025967866182327], [-0.6048185229301453, -0.691226601600647, -0.4794689118862152], [-0.30421456694602966, -0.8448276519775391, 1.5735163688659668], [0.044514961540699005, -2.0790300369262695, -0.036455098539590836]], "scale_3d": [[0.2294267863035202, 0.2294507622718811, 0.229440838098526], [0.2137453556060791, 0.21376779675483704, 0.21375849843025208], [0.014723023399710655, 0.014724561013281345, 0.014723928645253181], [0.03546663001179695, 0.03547033295035362, 0.03546880558133125], [0.1581227034330368, 0.15813925862312317, 0.15813244879245758], [0.01096591167151928, 0.010967059060931206, 0.010966585949063301], [0.19006207585334778, 0.19008193910121918, 0.19007372856140137], [0.15125367045402527, 0.15126951038837433, 0.15126290917396545], [0.22760602831840515, 0.22762984037399292, 0.22762002050876617]], "alpha": [0.5, 0.5, 0.5, 0.5, 0.5, 0.5, 0.5, 0.5, 0.5], "colors": [[0.7181422710418701, 0.0, 0.7389034032821655], [0.7635360360145569, 0.30602002143859863, 0.7093991637229919], [0.9818370938301086, 0.7292937636375427, 0.2382381707429886], [1.0, 0.5809944272041321, 0.0], [0.0, 0.44759783148765564, 0.17190848290920258], [0.8838944435119629, 0.6853800415992737, 0.2290918231010437], [0.8340106010437012, 0.8592785000801086, 1.0], [0.46775534749031067, 1.0, 0.6979905962944031], [0.23502592742443085, 0.7350625395774841, 0.46376243233680725]]}, "rendering": {"kernel": [0.7616497278213501, 0.8325145840644836, 1.2845035442249138e-18, 0.0008977612596936524, 0.5364931225776672, 2.566935311208112e-19, 0.8003004789352417, 0.6521385908126831, 0.8231854438781738], "weights": [0.38082486391067505, 0.2577361762523651, 2.3213482307744737e-19, 0.00016224295541178435, 0.0969112291932106, 3.3930451126087956e-20, 0.10578590631484985, 0.05170793458819389, 0.04398759454488754], "transmittance": [1.0, 0.619175136089325, 0.3614389896392822, 0.3614389896392822, 0.3612767457962036, 0.2643655240535736, 0.2643655240535736, 0.15857960283756256, 0.10687166452407837], "eff_opacity": [0.38082486391067505, 0.4162572920322418, 6.422517721124569e-19, 0.0004488806298468262, 0.2682465612888336, 1.283467655604056e-19, 0.40015023946762085, 0.32606929540634155, 0.4115927219390869], "meaning_3d": [-0.08486374467611313, 0.325622022151947, -0.15805013477802277]}, "stats": {"total_weight": 0.9371159076690674, "residual_transmittance": 0.062884065224452, "top_word": "scientists", "n_tokens": 9}}