{"sentence": "Scientists discovered a new species of deep sea fish", "words": ["scientists", "discovered", "a", "new", "species", "of", "deep", "sea", "fish"], "token_ids": [2155, 1871, 8, 51, 1025, 4, 1480, 938, 2121], "gaussians": {"mu_3d": [[-2.9644644260406494, 0.16783471405506134, 0.4478662610054016], [-2.0140113830566406, -0.9637754559516907, -0.1696752905845642], [-3.4610025882720947, -0.9388415217399597, -0.2834344506263733], [-3.4809553623199463, -1.2611305713653564, -0.770977258682251], [-2.200798749923706, 0.9653862714767456, -0.4905565679073334], [-3.4222521781921387, -0.5781180262565613, -0.5973639488220215], [-2.849321126937866, 0.2105698436498642, 0.5368128418922424], [-2.7746145725250244, 0.07687506079673767, -1.223134160041809], [-2.2279751300811768, 0.1697443127632141, -0.32026606798171997]], "scale_3d": [[0.1026286855340004, 0.10262879729270935, 0.10262911021709442], [0.09562615305185318, 0.09562627226114273, 0.09562654793262482], [0.0066186655312776566, 0.0066186715848743916, 0.006618692073971033], [0.015918618068099022, 0.015918634831905365, 0.015918683260679245], [0.070779949426651, 0.07078003138303757, 0.07078023999929428], [0.00493229366838932, 0.004932299256324768, 0.004932314157485962], [0.08504866808652878, 0.08504875749349594, 0.08504900336265564], [0.06771057099103928, 0.06771065294742584, 0.06771084666252136], [0.10181569308042526, 0.10181581228971481, 0.1018161028623581]], "alpha": [0.5, 0.5, 0.5, 0.5, 0.5, 0.5, 0.5, 0.5, 0.5], "colors": [[0.7181422710418701, 0.0, 0.7389034032821655], [0.7635360360145569, 0.30602002143859863, 0.7093991637229919], [0.9818370938301086, 0.7292937636375427, 0.2382381707429886], [1.0, 0.5809944272041321, 0.0], [0.0, 0.44759783148765564, 0.17190848290920258], [0.8838944435119629, 0.6853800415992737, 0.2290918231010437], [0.8340106010437012, 0.8592785000801086, 1.0], [0.46775534749031067, 1.0, 0.6979905962944031], [0.23502592742443085, 0.7350625395774841, 0.46376243233680725]]}, "rendering": {"kernel": [0.2815372943878174, 0.44661131501197815, 0.0, 1.698749647893738e-14, 0.024898989126086235, 0.0, 0.3102298378944397, 0.08218859136104584, 0.2915763556957245], "weights": [0.1407686471939087, 0.19187122583389282, 0.0, 5.668388952255509e-15, 0.008308296091854572, 0.0, 0.10222877562046051, 0.02288225293159485, 0.07784226536750793], "transmittance": [1.0, 0.8592313528060913, 0.6673601269721985, 0.6673601269721985, 0.6673601269721985, 0.6590518355369568, 0.6590518355369568, 0.5568230748176575, 0.5339407920837402], "eff_opacity": [0.1407686471939087, 0.22330565750598907, 0.0, 8.49374823946869e-15, 0.012449494563043118, 0.0, 0.15511491894721985, 0.04109429568052292, 0.14578817784786224], "meaning_3d": [-0.05192243307828903, 0.14882734417915344, -0.0888858363032341]}, "softmax": {"weights": [0.10887843370437622, 0.08140450716018677, 0.08330091089010239, 0.07279303669929504, 0.18280652165412903, 0.08132321387529373, 0.08752511441707611, 0.16547951102256775, 0.13648883998394012]}, "stats": {"total_weight": 0.5439014434814453, "residual_transmittance": 0.4560985369272075, "top_word": "discovered", "softmax_top_word": "species", "n_tokens": 9}}