{"sentence": "The quick brown fox jumps over the lazy dog", "words": ["the", "quick", "brown", "fox", "over", "the", "dog"], "token_ids": [1, 2583, 1043, 2107, 75, 1, 2927], "gaussians": {"mu_3d": [[-0.3883543014526367, 0.05228801816701889, 0.14174893498420715], [-0.4311428964138031, -0.31257492303848267, -1.1150144338607788], [1.7137445211410522, -0.311214804649353, -0.9670164585113525], [1.3691283464431763, 0.11406636238098145, -0.9949102401733398], [-0.5115447044372559, 0.1435801237821579, 0.7011331915855408], [-0.3883543014526367, 0.05228802561759949, 0.14174894988536835], [0.8021588325500488, -1.1184295415878296, -1.1862401962280273]], "scale_3d": [[0.006927594542503357, 0.006928319577127695, 0.006928021553903818], [0.2512252926826477, 0.25125157833099365, 0.25124070048332214], [0.15950720012187958, 0.1595238894224167, 0.15951699018478394], [0.2268521636724472, 0.22687594592571259, 0.22686614096164703], [0.042897190898656845, 0.04290168732404709, 0.042899828404188156], [0.006927595008164644, 0.006928319577127695, 0.006928021553903818], [0.2674667537212372, 0.26749470829963684, 0.2674831748008728]], "alpha": [0.5, 0.5, 0.5, 0.5, 0.5, 0.5, 0.5], "colors": [[0.0, 0.5169318318367004, 0.8760241270065308], [0.48637068271636963, 0.5199991464614868, 0.0], [0.6347706913948059, 1.0, 0.5563618540763855], [0.9911211729049683, 0.9773105382919312, 1.0], [0.06875798106193542, 0.652468204498291, 0.7824065089225769], [0.0, 0.5169318318367004, 0.8760241866111755], [1.0, 0.0, 0.8448361158370972]]}, "rendering": {"kernel": [6.598174228262794e-34, 0.8666643500328064, 0.7432631254196167, 0.8434101939201355, 0.049996327608823776, 6.598174228262794e-34, 0.8635314106941223], "weights": [3.299087114131397e-34, 0.4333321750164032, 0.2105916440486908, 0.15015912055969238, 0.005147547461092472, 6.623559970082637e-35, 0.08668537437915802], "transmittance": [1.0, 1.0, 0.5666677951812744, 0.3560761511325836, 0.20591701567173004, 0.20076946914196014, 0.20076946914196014], "eff_opacity": [3.299087114131397e-34, 0.4333321750164032, 0.37163156270980835, 0.42170509696006775, 0.024998163804411888, 3.299087114131397e-34, 0.43176570534706116], "meaning_3d": [0.19437500834465027, 0.13259398937225342, 0.19231104850769043]}, "softmax": {"weights": [0.13762043416500092, 0.12696433067321777, 0.16379272937774658, 0.1478702872991562, 0.13413429260253906, 0.13762043416500092, 0.1519974172115326]}, "stats": {"total_weight": 0.8859158754348755, "residual_transmittance": 0.1140840976857267, "top_word": "quick", "softmax_top_word": "brown", "n_tokens": 7}}