{"sentence": "The quick brown fox jumps over the lazy dog", "words": ["the", "quick", "brown", "fox", "jumps", "over", "the", "lazy", "dog"], "token_ids": [1, 2583, 1043, 2107, 11071, 75, 1, 16532, 2927], "gaussians": {"mu_3d": [[-3.5623953342437744, -0.8996293544769287, -0.5206454396247864], [-2.598592758178711, -0.4137027859687805, 0.6136350035667419], [-2.008380889892578, -2.2780396938323975, 0.3154700994491577], [-1.7889995574951172, -2.0658304691314697, 0.21324574947357178], [-0.8478076457977295, 0.5161036849021912, -0.6542160511016846], [-3.379035234451294, -0.7532783150672913, -0.9391599297523499], [-3.5623953342437744, -0.8996293544769287, -0.5206454396247864], [-0.272049218416214, 0.37598147988319397, 1.2796612977981567], [-1.9257423877716064, -0.6876840591430664, 0.7356648445129395]], "scale_3d": [[0.003118502674624324, 0.003118505934253335, 0.003118514781817794], [0.11236132681369781, 0.11236145347356796, 0.11236178874969482], [0.07139856368303299, 0.07139863818883896, 0.07139885425567627], [0.10147903859615326, 0.10147915780544281, 0.10147946327924728], [0.2326992154121399, 0.232699453830719, 0.2327001541852951], [0.019247112795710564, 0.019247133284807205, 0.01924719475209713], [0.003118502674624324, 0.003118505934253335, 0.003118514781817794], [0.28439101576805115, 0.284391313791275, 0.28439217805862427], [0.11961185187101364, 0.11961200833320618, 0.11961236596107483]], "alpha": [0.5, 0.5, 0.5, 0.5, 0.5, 0.5, 0.5, 0.5, 0.5], "colors": [[0.0, 0.592204749584198, 0.47555050253868103], [0.5470882058143616, 0.7381930351257324, 0.7684945464134216], [0.35482773184776306, 0.13631977140903473, 0.9376293420791626], [0.5487258434295654, 0.0, 1.0], [0.7820682525634766, 1.0, 0.9590088129043579], [0.07844328880310059, 0.596713662147522, 0.6587409377098083], [6.462812507379567e-08, 0.592204749584198, 0.47555050253868103], [1.0, 0.5016189813613892, 0.4859359860420227], [0.7342652082443237, 0.3017350435256958, 0.0]]}, "rendering": {"kernel": [0.0, 0.6119346618652344, 0.15543264150619507, 0.4146563410758972, 0.8284560441970825, 5.2855760657166684e-08, 0.0, 0.8769643902778625, 0.5525835156440735], "weights": [0.0, 0.3059673309326172, 0.05393766611814499, 0.13270972669124603, 0.21017318964004517, 7.85468579067583e-09, 0.0, 0.13032220304012299, 0.04611029848456383], "transmittance": [1.0, 1.0, 0.6940326690673828, 0.6400949954986572, 0.50738525390625, 0.29721206426620483, 0.29721206426620483, 0.29721206426620483, 0.16688987612724304], "eff_opacity": [0.0, 0.3059673309326172, 0.07771632075309753, 0.2073281705379486, 0.41422802209854126, 2.6427880328583342e-08, 0.0, 0.4384821951389313, 0.27629175782203674], "meaning_3d": [0.13006733357906342, 0.01940932869911194, 0.23463712632656097]}, "softmax": {"weights": [0.11606772243976593, 0.11526239663362503, 0.13499709963798523, 0.12092369794845581, 0.07728879898786545, 0.10948510468006134, 0.11606772243976593, 0.07291070371866226, 0.1369967758655548]}, "stats": {"total_weight": 0.8792204856872559, "residual_transmittance": 0.1207795788893451, "top_word": "quick", "softmax_top_word": "dog", "n_tokens": 9}}