{"sentence": "She sold seashells by the seashore", "words": ["she", "sold", "by", "the", "seashore"], "token_ids": [68, 920, 22, 1, 36651], "gaussians": {"mu_3d": [[-3.1462485790252686, -1.9664705991744995, 0.8076944947242737], [-2.1685662269592285, -0.73651123046875, -1.9770702123641968], [-3.022840976715088, -1.5146316289901733, -0.4836124777793884], [-3.5623953342437744, -0.8996293544769287, -0.5206454396247864], [0.7852855324745178, 0.27160322666168213, -0.40858739614486694]], "scale_3d": [[0.018338732421398163, 0.018338752910494804, 0.018338806927204132], [0.06705798953771591, 0.06705807894468307, 0.067058265209198], [0.010583988390862942, 0.010584000498056412, 0.010584032163023949], [0.003118502674624324, 0.003118505934253335, 0.003118514781817794], [0.4235496520996094, 0.42355015873908997, 0.42355141043663025]], "alpha": [0.5, 0.5, 0.5, 0.5, 0.5], "colors": [[0.000932025199290365, 1.0, 0.23386447131633759], [0.10338868200778961, 0.30513137578964233, 1.0], [0.0, 0.0, 0.0], [0.10090282559394836, 0.4411521852016449, 0.10203246772289276], [1.0, 0.45317527651786804, 0.2742045521736145]]}, "rendering": {"kernel": [7.945291017989742e-13, 0.11060496419668198, 1.4539206190172186e-15, 0.0, 0.9104734063148499], "weights": [3.972645508994871e-13, 0.05530248209834099, 6.867575847330784e-16, 0.0, 0.4300609827041626], "transmittance": [1.0, 1.0, 0.9446974992752075, 0.9446974992752075, 0.9446974992752075], "eff_opacity": [3.972645508994871e-13, 0.05530248209834099, 7.269603095086093e-16, 0.0, 0.4552367031574249], "meaning_3d": [0.07561615854501724, -0.012476736679673195, -0.19532978534698486]}, "softmax": {"weights": [0.28313523530960083, 0.2341073751449585, 0.19971060752868652, 0.20917066931724548, 0.07387606054544449]}, "stats": {"total_weight": 0.4853634536266327, "residual_transmittance": 0.5146365242240982, "top_word": "seashore", "softmax_top_word": "she", "n_tokens": 5}}