{"sentence": "She sold seashells by the seashore", "words": ["she", "sold", "by", "the"], "token_ids": [68, 920, 22, 1], "gaussians": {"mu_3d": [[0.7442272305488586, 0.1488039493560791, -1.3365871906280518], [0.4999435245990753, -1.7392640113830566, 1.0801512002944946], [0.0318157933652401, 0.4376373291015625, 0.27059584856033325], [-0.3883543014526367, 0.05228801816701889, 0.14174893498420715]], "scale_3d": [[0.04086906090378761, 0.040873344987630844, 0.040871575474739075], [0.1497933268547058, 0.14980898797512054, 0.14980252087116241], [0.023563716560602188, 0.02356618456542492, 0.02356516756117344], [0.006927594542503357, 0.006928319577127695, 0.006928021553903818]], "alpha": [0.5, 0.5, 0.5, 0.5], "colors": [[1.0, 0.2517385184764862, 0.07666154205799103], [0.2864825129508972, 1.0, 0.33819103240966797], [0.0, 0.0, 0.0], [0.43556249141693115, 0.1319333016872406, 1.0]]}, "rendering": {"kernel": [0.011224065907299519, 0.643008291721344, 0.0008393459138460457, 1.635015429995696e-39], "weights": [0.005612032953649759, 0.31969985365867615, 0.0002831483434420079, 5.51331071699349e-40], "transmittance": [1.0, 0.9943879842758179, 0.6746881604194641, 0.674405038356781], "eff_opacity": [0.005612032953649759, 0.321504145860672, 0.00041967295692302287, 8.17507714997848e-40], "meaning_3d": [-0.02563488855957985, 0.10422660410404205, 0.0013074297457933426]}, "stats": {"total_weight": 0.32559505105018616, "residual_transmittance": 0.674405038356781, "top_word": "sold", "n_tokens": 4}}