{"sentence": "Freedom is the most important value", "words": ["freedom", "is", "the", "most", "important", "value"], "token_ids": [1638, 15, 1, 97, 482, 1159], "gaussians": {"mu_3d": [[-2.9503777027130127, -0.6096177101135254, 0.8684073090553284], [-3.207977056503296, -0.7741144895553589, 0.10286003351211548], [-3.5623953342437744, -0.8996293544769287, -0.5206454396247864], [-3.6709091663360596, -0.14965490996837616, 0.09501314908266068], [-3.5808098316192627, -0.203602597117424, 0.5671292543411255], [-3.2070038318634033, 0.9891149401664734, -1.2516535520553589]], "scale_3d": [[0.08947339653968811, 0.08947350084781647, 0.08947375416755676], [0.008826584555208683, 0.008826595731079578, 0.008826620876789093], [0.003118502674624324, 0.003118505934253335, 0.003118514781817794], [0.021857917308807373, 0.021857941523194313, 0.021858006715774536], [0.0485512875020504, 0.048551347106695175, 0.04855148494243622], [0.07526331394910812, 0.07526339590549469, 0.07526363432407379]], "alpha": [0.5, 0.5, 0.5, 0.5, 0.5, 0.5], "colors": [[0.0, 0.8013685345649719, 0.5686702132225037], [0.979442298412323, 0.9367347955703735, 0.0], [0.8263151049613953, 0.8960251212120056, 0.2823067009449005], [0.9847022294998169, 1.0, 0.759616494178772], [1.0, 0.8660292029380798, 1.0], [0.8875207901000977, 0.0, 0.5017162561416626]]}, "rendering": {"kernel": [0.3478862941265106, 4.076963797142775e-17, 0.0, 0.0006127313827164471, 0.20288994908332825, 0.20496222376823425], "weights": [0.1739431470632553, 1.683901830013794e-17, 0.0, 0.0002530754718463868, 0.0837736427783966, 0.07604407519102097], "transmittance": [1.0, 0.8260568380355835, 0.8260568380355835, 0.8260568380355835, 0.8258037567138672, 0.742030143737793], "eff_opacity": [0.1739431470632553, 2.0384818985713875e-17, 0.0, 0.00030636569135822356, 0.10144497454166412, 0.10248111188411713], "meaning_3d": [-0.027028443291783333, -0.10646448284387589, -0.037019483745098114]}, "softmax": {"weights": [0.15155953168869019, 0.16400812566280365, 0.15254530310630798, 0.1564503312110901, 0.19282349944114685, 0.18261317908763885]}, "stats": {"total_weight": 0.3340139389038086, "residual_transmittance": 0.6659860695560127, "top_word": "freedom", "softmax_top_word": "important", "n_tokens": 6}}