{"sentence": "Freedom is the most important value", "words": ["freedom", "is", "the", "most", "important", "value"], "token_ids": [1638, 15, 1, 97, 482, 1159], "gaussians": {"mu_3d": [[-0.9863865375518799, 1.28697669506073, -0.9653934836387634], [-0.325249046087265, -0.45701590180397034, -0.777515172958374], [-0.3883543014526367, 0.05228801816701889, 0.14174893498420715], [-0.8260260820388794, -0.5381115674972534, -0.4801076650619507], [-1.3171478509902954, -0.2808811068534851, -1.1342861652374268], [-1.825195550918579, -1.9169995784759521, -0.15975287556648254]], "scale_3d": [[0.1999686360359192, 0.19998954236507416, 0.19998091459274292], [0.01964467391371727, 0.01964673213660717, 0.01964588835835457], [0.006927594542503357, 0.006928319577127695, 0.006928021553903818], [0.048727232962846756, 0.048732344061136246, 0.04873022809624672], [0.10839005559682846, 0.10840140283107758, 0.10839672386646271], [0.16815723478794098, 0.16817480325698853, 0.16816756129264832]], "alpha": [0.5, 0.5, 0.5, 0.5, 0.5, 0.5], "colors": [[0.0, 0.8013685345649719, 0.5686702132225037], [0.979442298412323, 0.9367347955703735, 0.0], [0.8263151049613953, 0.8960251212120056, 0.2823067009449005], [0.9847022294998169, 1.0, 0.759616494178772], [1.0, 0.8660292029380798, 1.0], [0.8875207901000977, 0.0, 0.5017162561416626]]}, "rendering": {"kernel": [0.7745419144630432, 2.080428384942934e-05, 4.619491370485134e-38, 0.11934006214141846, 0.6875437498092651, 0.7099544405937195], "weights": [0.3872709572315216, 6.373694759531645e-06, 1.4152335367734488e-38, 0.036561183631420135, 0.19806812703609467, 0.13421453535556793], "transmittance": [1.0, 0.6127290725708008, 0.6127226948738098, 0.6127226948738098, 0.5761615037918091, 0.3780933916568756], "eff_opacity": [0.3872709572315216, 1.040214192471467e-05, 2.309745685242567e-38, 0.05967003107070923, 0.34377187490463257, 0.35497722029685974], "meaning_3d": [-0.04411797598004341, -0.24312655627727509, -0.06935075670480728]}, "softmax": {"weights": [0.1560373604297638, 0.16339582204818726, 0.1376177817583084, 0.15786685049533844, 0.1937609314918518, 0.19132134318351746]}, "stats": {"total_weight": 0.7561211585998535, "residual_transmittance": 0.243878850473906, "top_word": "freedom", "softmax_top_word": "important", "n_tokens": 6}}