{"sentence": "Love conquers all obstacles", "words": ["love", "all", "obstacles"], "token_ids": [836, 65, 7546], "gaussians": {"mu_3d": [[1.2827802896499634, -0.7402798533439636, -2.510819673538208], [-0.8095117211341858, -0.4789111614227295, -0.5170552730560303], [-1.8168110847473145, 0.2741255760192871, -0.5869696736335754]], "scale_3d": [[0.14278213679790497, 0.1427970826625824, 0.14279091358184814], [0.039968546479940414, 0.039972733706235886, 0.0399710051715374], [0.4299124479293823, 0.42995744943618774, 0.4299388527870178]], "alpha": [0.5, 0.5, 0.5], "colors": [[1.0, 1.0, 1.0], [0.7045468688011169, 0.0, 0.0], [0.0, 0.759998619556427, 1.0]]}, "rendering": {"kernel": [0.6878176927566528, 0.0897957980632782, 0.9518639445304871], "weights": [0.3439088463783264, 0.02945711463689804, 0.2982351779937744], "transmittance": [1.0, 0.6560911536216736, 0.6266340017318726], "eff_opacity": [0.3439088463783264, 0.0448978990316391, 0.47593197226524353], "meaning_3d": [-0.2398550808429718, -0.21821315586566925, -0.004500861745327711]}, "stats": {"total_weight": 0.6716011762619019, "residual_transmittance": 0.3283988453991604, "top_word": "love", "n_tokens": 3}}