{"sentence": "Love conquers all obstacles", "words": ["love", "all", "obstacles"], "token_ids": [836, 65, 7546], "gaussians": {"mu_3d": [[-2.287609100341797, -1.2949683666229248, 1.7511307001113892], [-3.5774085521698, -0.21272052824497223, -0.18138791620731354], [-2.26009202003479, 0.9023444652557373, 0.8439911603927612]], "scale_3d": [[0.06392484903335571, 0.06392491608858109, 0.0639251247048378], [0.017935369163751602, 0.017935389652848244, 0.01793544366955757], [0.19209380447864532, 0.19209404289722443, 0.1920946091413498]], "alpha": [0.5, 0.5, 0.5], "colors": [[1.0, 1.0, 1.0], [0.7045468688011169, 0.0, 0.0], [0.0, 0.759998619556427, 1.0]]}, "rendering": {"kernel": [0.17246071994304657, 4.965223342878744e-05, 0.8210530877113342], "weights": [0.08623035997152328, 2.268535172333941e-05, 0.37511739134788513], "transmittance": [1.0, 0.9137696623802185, 0.9137469530105591], "eff_opacity": [0.08623035997152328, 2.482611671439372e-05, 0.4105265438556671], "meaning_3d": [-0.14260777831077576, -0.16657446324825287, 0.008312352932989597]}, "softmax": {"weights": [0.3958006203174591, 0.36719298362731934, 0.23700638115406036]}, "stats": {"total_weight": 0.46137043833732605, "residual_transmittance": 0.5386295744324876, "top_word": "obstacles", "softmax_top_word": "love", "n_tokens": 3}}