{"sentence": "Time flies when you are having fun", "words": ["time", "flies", "when", "you", "are", "having", "fun"], "token_ids": [80, 8483, 62, 82, 33, 519, 2906], "gaussians": {"mu_3d": [[0.005183675792068243, -0.317079097032547, -0.5042135119438171], [0.5621873736381531, -0.6133022308349609, 0.26051589846611023], [0.4085923135280609, 0.22498220205307007, -0.23526708781719208], [-0.29424965381622314, -1.4543309211730957, -2.5429158210754395], [-1.438890814781189, -0.7918247580528259, -0.5126177072525024], [-0.03525637835264206, -0.18707823753356934, -0.5961661338806152], [0.761204183101654, -1.673747181892395, -2.4127371311187744]], "scale_3d": [[0.04428930580615997, 0.04429394379258156, 0.04429202899336815], [0.4558858573436737, 0.4559335708618164, 0.45591387152671814], [0.039047352969646454, 0.03905143588781357, 0.03904975205659866], [0.04483409970998764, 0.0448387935757637, 0.0448368638753891], [0.02866351045668125, 0.028666505590081215, 0.028665268793702126], [0.11247529089450836, 0.1124870702624321, 0.1124822199344635], [0.2665034234523773, 0.2665313184261322, 0.26651981472969055]], "alpha": [0.5, 0.5, 0.5, 0.5, 0.5, 0.5, 0.5], "colors": [[0.01774989254772663, 0.7974606156349182, 0.9163655638694763], [1.0, 0.6100265979766846, 0.6679930090904236], [0.10369542986154556, 0.8577460646629333, 1.0], [0.0, 0.4321082532405853, 0.6042239665985107], [0.1161167323589325, 1.0, 0.0], [0.08114875853061676, 0.8555741906166077, 0.7610359787940979], [0.06297504156827927, 0.0, 0.5216976404190063]]}, "rendering": {"kernel": [0.251487672328949, 0.9459238052368164, 0.06431636959314346, 0.023130420595407486, 0.00016100032371468842, 0.7226248979568481, 0.8756684064865112], "weights": [0.1257438361644745, 0.41348984837532043, 0.014817407354712486, 0.0051574925892055035, 3.548377935658209e-05, 0.15925060212612152, 0.12325266748666763], "transmittance": [1.0, 0.8742561340332031, 0.4607662856578827, 0.44594886898994446, 0.44079136848449707, 0.4407558739185333, 0.281505286693573], "eff_opacity": [0.1257438361644745, 0.4729619026184082, 0.03215818479657173, 0.011565210297703743, 8.050016185734421e-05, 0.3613124489784241, 0.4378342032432556], "meaning_3d": [-0.18671628832817078, -0.010065036825835705, 0.04090499505400658]}, "stats": {"total_weight": 0.8417473435401917, "residual_transmittance": 0.15825264378532822, "top_word": "flies", "n_tokens": 7}}