{"sentence": "Time flies when you are having fun", "words": ["time", "flies", "when", "you", "are", "having", "fun"], "token_ids": [80, 8483, 62, 82, 33, 519, 2906], "gaussians": {"mu_3d": [[-3.233100414276123, -1.1111721992492676, -0.1846003383398056], [-1.162418246269226, -0.11643396317958832, -0.02461104281246662], [-3.0400550365448, -1.6739963293075562, 0.09103021770715714], [-3.650341033935547, -0.4484008848667145, 1.5173499584197998], [-3.894963502883911, 0.31768518686294556, 0.18374577164649963], [-3.109710693359375, -0.8976947665214539, 0.12566055357456207], [-1.9373979568481445, -0.23844297230243683, 1.5057687759399414]], "scale_3d": [[0.019870581105351448, 0.01987060345709324, 0.019870663061738014], [0.2036777287721634, 0.2036779671907425, 0.20367856323719025], [0.01752273365855217, 0.01752275414764881, 0.01752280443906784], [0.020114561542868614, 0.020114583894610405, 0.02011464163661003], [0.012870087288320065, 0.012870102189481258, 0.012870139442384243], [0.05037785694003105, 0.05037790909409523, 0.05037805810570717], [0.11918189376592636, 0.1191820427775383, 0.11918240040540695]], "alpha": [0.5, 0.5, 0.5, 0.5, 0.5, 0.5, 0.5], "colors": [[0.01774989254772663, 0.7974606156349182, 0.9163655638694763], [1.0, 0.6100265979766846, 0.6679930090904236], [0.10369542986154556, 0.8577460646629333, 1.0], [0.0, 0.4321082532405853, 0.6042239665985107], [0.1161167323589325, 1.0, 0.0], [0.08114875853061676, 0.8555741906166077, 0.7610359787940979], [0.06297504156827927, 0.0, 0.5216976404190063]]}, "rendering": {"kernel": [0.0011892564361914992, 0.7644009590148926, 7.31435193301877e-06, 1.500461053183244e-07, 1.6718754841751101e-16, 0.2786189019680023, 0.5351589322090149], "weights": [0.0005946282180957496, 0.3819732069969177, 2.2580582026421325e-06, 4.632147820871069e-08, 5.161329089645075e-17, 0.08601381629705429, 0.14219602942466736], "transmittance": [1.0, 0.9994053840637207, 0.617432177066803, 0.6174299120903015, 0.6174298524856567, 0.6174298524856567, 0.5314160585403442], "eff_opacity": [0.0005946282180957496, 0.3822004795074463, 3.657175966509385e-06, 7.50230526591622e-08, 8.359377420875551e-17, 0.13930945098400116, 0.26757946610450745], "meaning_3d": [-0.13431236147880554, -0.058596011251211166, 0.02822250872850418]}, "softmax": {"weights": [0.13861936330795288, 0.07089167088270187, 0.13428162038326263, 0.24975723028182983, 0.1488189995288849, 0.1283062845468521, 0.1293247938156128]}, "stats": {"total_weight": 0.6107800006866455, "residual_transmittance": 0.38922003331675725, "top_word": "flies", "softmax_top_word": "you", "n_tokens": 7}}