{"sentence": "The weather is not cold today", "words": ["the", "weather", "is", "not", "cold", "today"], "token_ids": [1, 1621, 15, 37, 1867, 374], "gaussians": {"mu_3d": [[-0.3883543014526367, 0.05228801816701889, 0.14174893498420715], [-0.6783646941184998, -1.4171996116638184, 0.46207502484321594], [-0.325249046087265, -0.45701590180397034, -0.777515172958374], [-1.1599637269973755, 0.28111904859542847, -1.3757147789001465], [-0.5067060589790344, -0.9605072736740112, -0.37884843349456787], [-0.47196927666664124, -0.1145961582660675, -0.19219428300857544]], "scale_3d": [[0.006927594542503357, 0.006928319577127695, 0.006928021553903818], [0.19892631471157074, 0.19894710183143616, 0.1989385187625885], [0.01964467391371727, 0.01964673213660717, 0.01964588835835457], [0.030306899920105934, 0.030310066416859627, 0.030308758839964867], [0.21351633965969086, 0.21353872120380402, 0.21352943778038025], [0.09547627717256546, 0.09548626095056534, 0.09548214077949524]], "alpha": [0.5, 0.5, 0.5, 0.5, 0.5, 0.5], "colors": [[0.8890292644500732, 0.5011461973190308, 0.6472565531730652], [0.0, 0.0, 0.6503051519393921], [1.0, 0.44164758920669556, 0.9799577593803406], [0.937936544418335, 0.3993523418903351, 0.0], [0.18606771528720856, 1.0, 0.6783801913261414], [0.8950559496879578, 0.31897515058517456, 1.0]]}, "rendering": {"kernel": [6.903796201848191e-38, 0.7580387592315674, 3.7528920984186698e-06, 0.002853585407137871, 0.8409666419029236, 0.6201901435852051], "weights": [3.4518981009240955e-38, 0.3790193796157837, 1.1652366538328351e-06, 0.0008860090165399015, 0.26073896884918213, 0.11143405735492706], "transmittance": [1.0, 1.0, 0.6209806203842163, 0.6209794878959656, 0.6200934648513794, 0.35935449600219727], "eff_opacity": [3.4518981009240955e-38, 0.3790193796157837, 1.8764460492093349e-06, 0.0014267927035689354, 0.4204833209514618, 0.31009507179260254], "meaning_3d": [-0.03529217094182968, -0.3408673405647278, -0.18741340935230255]}, "stats": {"total_weight": 0.7520796060562134, "residual_transmittance": 0.2479204377654014, "top_word": "weather", "n_tokens": 6}}