{"sentence": "The weather is not cold today", "words": ["the", "weather", "is", "not", "cold", "today"], "token_ids": [1, 1621, 15, 37, 1867, 374], "gaussians": {"mu_3d": [[-3.5623953342437744, -0.8996293544769287, -0.5206454396247864], [-2.874128580093384, 0.1559901386499405, -0.43544626235961914], [-3.207977056503296, -0.7741144895553589, 0.10286003351211548], [-3.892477035522461, -0.7026541829109192, 0.9824263453483582], [-2.8581104278564453, 0.3566300868988037, 0.6326000094413757], [-3.094212293624878, -0.7634850740432739, -0.38281387090682983]], "scale_3d": [[0.003118502674624324, 0.003118505934253335, 0.003118514781817794], [0.0890078917145729, 0.08900798857212067, 0.08900827169418335], [0.008826584555208683, 0.008826595731079578, 0.008826620876789093], [0.013606609776616096, 0.013606625609099865, 0.013606668449938297], [0.09552386403083801, 0.09552397578954697, 0.09552426636219025], [0.042776577174663544, 0.04277663677930832, 0.04277675971388817]], "alpha": [0.5, 0.5, 0.5, 0.5, 0.5, 0.5], "colors": [[0.8890292644500732, 0.5011461973190308, 0.6472565531730652], [0.0, 0.0, 0.6503051519393921], [1.0, 0.44164758920669556, 0.9799577593803406], [0.937936544418335, 0.3993523418903351, 0.0], [0.18606771528720856, 1.0, 0.6783801913261414], [0.8950559496879578, 0.31897515058517456, 1.0]]}, "rendering": {"kernel": [0.0, 0.29106128215789795, 5.27194046908256e-24, 4.6411637553978036e-12, 0.444141685962677, 0.11303621530532837], "weights": [0.0, 0.14553064107894897, 2.2523558538022592e-24, 1.9828661282361715e-12, 0.1897527277469635, 0.03756852447986603], "transmittance": [1.0, 1.0, 0.854469358921051, 0.854469358921051, 0.854469358921051, 0.6647166609764099], "eff_opacity": [0.0, 0.14553064107894897, 2.63597023454128e-24, 2.3205818776989018e-12, 0.2220708429813385, 0.056518107652664185], "meaning_3d": [-0.02542932704091072, -0.149492546916008, -0.07813027501106262]}, "softmax": {"weights": [0.15568234026432037, 0.18568219244480133, 0.15033887326717377, 0.17848366498947144, 0.1862156093120575, 0.14359739422798157]}, "stats": {"total_weight": 0.3728519082069397, "residual_transmittance": 0.6271481331728257, "top_word": "cold", "softmax_top_word": "cold", "n_tokens": 6}}