{"sentence": "I am not happy about this", "words": ["i", "am", "not", "happy", "about", "this"], "token_ids": [42, 914, 37, 1752, 60, 38], "gaussians": {"mu_3d": [[0.42848026752471924, -0.4495542049407959, -2.216132402420044], [0.3381892740726471, 0.3646252751350403, -1.100580096244812], [-1.1599637269973755, 0.28111904859542847, -1.3757147789001465], [0.7157353162765503, -0.2172458916902542, -1.7977920770645142], [-0.749116837978363, -0.3648685812950134, -0.3314070701599121], [-0.6058194041252136, -0.40652915835380554, -0.6969732046127319]], "scale_3d": [[0.032244108617305756, 0.032247476279735565, 0.03224607929587364], [0.14930342137813568, 0.14931903779506683, 0.1493125855922699], [0.030306899920105934, 0.030310066416859627, 0.030308758839964867], [0.20682336390018463, 0.20684495568275452, 0.2068360596895218], [0.038421012461185455, 0.03842504322528839, 0.03842337802052498], [0.030704068019986153, 0.030707279220223427, 0.030705956742167473]], "alpha": [0.5, 0.5, 0.5, 0.5, 0.5, 0.5], "colors": [[0.4735761284828186, 1.0, 0.0], [1.0, 0.36880218982696533, 0.7491328120231628], [0.11446340382099152, 0.9441481828689575, 0.7547094821929932], [0.5231742262840271, 0.920179009437561, 1.0], [0.0, 0.0, 0.5192537903785706], [0.043178457766771317, 0.8577685952186584, 0.8648812174797058]]}, "rendering": {"kernel": [0.01598358154296875, 0.808299720287323, 0.009280608966946602, 0.8871867060661316, 0.004714331589639187, 0.021417327225208282], "weights": [0.007991790771484375, 0.40091997385025024, 0.0027428294997662306, 0.2609861195087433, 0.0007716401014477015, 0.0034973176661878824], "transmittance": [1.0, 0.9920082092285156, 0.5910881757736206, 0.5883453488349915, 0.32735925912857056, 0.32658761739730835], "eff_opacity": [0.007991790771484375, 0.4041498601436615, 0.004640304483473301, 0.4435933530330658, 0.0023571657948195934, 0.010708663612604141], "meaning_3d": [0.11803605407476425, -0.03232574462890625, 0.24465209245681763]}, "softmax": {"weights": [0.2767644226551056, 0.19180598855018616, 0.13566434383392334, 0.1545548141002655, 0.12826237082481384, 0.11294807493686676]}, "stats": {"total_weight": 0.6769096851348877, "residual_transmittance": 0.3230903004625587, "top_word": "am", "softmax_top_word": "i", "n_tokens": 6}}