{"sentence": "I am not happy about this", "words": ["i", "am", "not", "happy", "about", "this"], "token_ids": [42, 914, 37, 1752, 60, 38], "gaussians": {"mu_3d": [[-3.292553424835205, -1.475897192955017, 1.3652331829071045], [-2.4847724437713623, -1.201229214668274, 0.4225729703903198], [-3.892477035522461, -0.7026541829109192, 0.9824263453483582], [-2.1539621353149414, -1.193111777305603, 1.1903382539749146], [-3.463317394256592, -0.4217207431793213, -0.578478217124939], [-3.6107194423675537, -0.5204204320907593, 0.0669446513056755]], "scale_3d": [[0.01447472907602787, 0.014474744908511639, 0.014474785886704922], [0.0668390765786171, 0.06683915853500366, 0.06683934479951859], [0.013606609776616096, 0.013606625609099865, 0.013606668449938297], [0.09253481775522232, 0.09253492951393127, 0.09253522008657455], [0.01724216714501381, 0.01724218763411045, 0.01724223606288433], [0.013784601353108883, 0.013784618116915226, 0.013784659095108509]], "alpha": [0.5, 0.5, 0.5, 0.5, 0.5, 0.5], "colors": [[0.4735761284828186, 1.0, 0.0], [1.0, 0.36880218982696533, 0.7491328120231628], [0.11446340382099152, 0.9441481828689575, 0.7547094821929932], [0.5231742262840271, 0.920179009437561, 1.0], [0.0, 0.0, 0.5192537903785706], [0.043178457766771317, 0.8577685952186584, 0.8648812174797058]]}, "rendering": {"kernel": [1.9278965623925615e-07, 0.36370500922203064, 3.862739905713397e-09, 0.63844895362854, 7.711350669126205e-09, 2.0088634755666135e-07], "weights": [9.639482811962807e-08, 0.18185248970985413, 1.5801453479014071e-09, 0.26117268204689026, 2.147513722405847e-09, 5.594430874111822e-08], "transmittance": [1.0, 0.9999998807907104, 0.8181473612785339, 0.8181473612785339, 0.5569747090339661, 0.5569747090339661], "eff_opacity": [9.639482811962807e-08, 0.18185250461101532, 1.9313699528566985e-09, 0.31922447681427, 3.855675334563102e-09, 1.0044317377833067e-07], "meaning_3d": [0.029345521703362465, -0.0002962775470223278, 0.15370966494083405]}, "softmax": {"weights": [0.25676658749580383, 0.16940423846244812, 0.1638462394475937, 0.13653989136219025, 0.13822665810585022, 0.13521640002727509]}, "stats": {"total_weight": 0.4430253207683563, "residual_transmittance": 0.5569746530896585, "top_word": "happy", "softmax_top_word": "i", "n_tokens": 6}}