{"sentence": "Machine learning models process natural language", "words": ["machine", "learning", "models", "process", "natural", "language"], "token_ids": [2359, 2742, 2701, 547, 1133, 1033], "gaussians": {"mu_3d": [[-2.432180166244507, 0.23553481698036194, -0.02036116272211075], [-2.6505167484283447, -0.1603430211544037, 0.638332188129425], [-2.45263409614563, 0.9008156657218933, -0.4084082543849945], [-3.6244876384735107, 0.2784006893634796, 0.7820643782615662], [-3.030587673187256, 0.7049387693405151, -0.437727153301239], [-2.9355530738830566, -0.019235998392105103, 0.7734251618385315]], "scale_3d": [[0.10737751424312592, 0.10737764090299606, 0.10737796872854233], [0.11576896160840988, 0.11576908826828003, 0.11576942354440689], [0.11489994078874588, 0.11490007489919662, 0.11490039527416229], [0.05171729996800423, 0.051717359572649, 0.05171751230955124], [0.07441450655460358, 0.07441458851099014, 0.07441481947898865], [0.07105553895235062, 0.07105562090873718, 0.0710558220744133]], "alpha": [0.5, 0.5, 0.5, 0.5, 0.5, 0.5], "colors": [[1.0, 0.0, 0.5550675988197327], [0.28077274560928345, 0.29504457116127014, 0.5688605308532715], [0.8179370760917664, 0.8393014073371887, 1.0], [0.59389328956604, 0.19860762357711792, 0.0], [0.35775870084762573, 1.0, 0.17694191634655], [0.0, 0.11602795869112015, 0.8384841680526733]]}, "rendering": {"kernel": [0.3984314203262329, 0.6183188557624817, 0.4164036810398102, 0.03960088640451431, 0.18724174797534943, 0.10638773441314697], "weights": [0.19921571016311646, 0.2475700080394745, 0.11518023908138275, 0.008673268370330334, 0.04019713029265404, 0.020701119676232338], "transmittance": [1.0, 0.8007842898368835, 0.5532143115997314, 0.4380340874195099, 0.42936083674430847, 0.38916370272636414], "eff_opacity": [0.19921571016311646, 0.30915942788124084, 0.2082018405199051, 0.019800443202257156, 0.09362087398767471, 0.053193867206573486], "meaning_3d": [-0.15503710508346558, 0.17047925293445587, 0.09485261887311935]}, "softmax": {"weights": [0.13297054171562195, 0.15994231402873993, 0.18414290249347687, 0.17489759624004364, 0.15713444352149963, 0.19091229140758514]}, "stats": {"total_weight": 0.6315374970436096, "residual_transmittance": 0.3684625804019195, "top_word": "learning", "softmax_top_word": "language", "n_tokens": 6}}