{"sentence": "Machine learning models process natural language", "words": ["machine", "learning", "models", "process", "natural", "language"], "token_ids": [2359, 2742, 2701, 547, 1133, 1033], "gaussians": {"mu_3d": [[-0.17331576347351074, -1.5429723262786865, -0.18358570337295532], [-0.5751022100448608, -0.9632031917572021, -1.7300868034362793], [-0.743449330329895, -2.4956259727478027, -0.4154258668422699], [-2.17578125, 0.2898356020450592, -0.9667649269104004], [-1.165881872177124, -1.58427894115448, -0.07604862004518509], [-0.9252862334251404, -0.0812448039650917, -1.4461504220962524]], "scale_3d": [[0.24006249010562897, 0.24008755385875702, 0.2400771826505661], [0.25885826349258423, 0.25888535380363464, 0.25887417793273926], [0.2569115459918976, 0.2569384276866913, 0.25692734122276306], [0.11547122895717621, 0.1154833436012268, 0.11547832936048508], [0.16625742614269257, 0.16627483069896698, 0.16626763343811035], [0.15873955190181732, 0.15875618159770966, 0.1587493121623993]], "alpha": [0.5, 0.5, 0.5, 0.5, 0.5, 0.5], "colors": [[1.0, 0.0, 0.5550675988197327], [0.28077274560928345, 0.29504457116127014, 0.5688605308532715], [0.8179370760917664, 0.8393014073371887, 1.0], [0.59389328956604, 0.19860762357711792, 0.0], [0.35775870084762573, 1.0, 0.17694191634655], [0.0, 0.11602795869112015, 0.8384841680526733]]}, "rendering": {"kernel": [0.8299187421798706, 0.9017132520675659, 0.8524355888366699, 0.4951675236225128, 0.7180335521697998, 0.6634584665298462], "weights": [0.4149593710899353, 0.2637694478034973, 0.13693149387836456, 0.045639518648386, 0.049795687198638916, 0.029492216184735298], "transmittance": [1.0, 0.5850406289100647, 0.3212711811065674, 0.18433968722820282, 0.13870017230510712, 0.0889044851064682], "eff_opacity": [0.4149593710899353, 0.45085662603378296, 0.42621779441833496, 0.2475837618112564, 0.3590167760848999, 0.3317292332649231], "meaning_3d": [-0.19382046163082123, 0.3705805838108063, 0.1812431365251541]}, "softmax": {"weights": [0.1480453461408615, 0.17000964283943176, 0.18735326826572418, 0.15921781957149506, 0.1571253389120102, 0.1782485395669937]}, "stats": {"total_weight": 0.9405876994132996, "residual_transmittance": 0.05941226842828673, "top_word": "machine", "softmax_top_word": "models", "n_tokens": 6}}