{"sentence": "Neural networks compute weighted sums of inputs", "words": ["networks", "weighted", "of"], "token_ids": [2818, 8744, 4], "gaussians": {"mu_3d": [[-1.481458067893982, -0.9958001375198364, -0.10600963234901428], [-0.8757816553115845, -1.84928560256958, 1.2537717819213867], [-0.5241244435310364, -0.11472292244434357, 0.09025966376066208]], "scale_3d": [[0.2624286413192749, 0.26245608925819397, 0.26244476437568665], [0.46286246180534363, 0.46291089057922363, 0.4628909230232239], [0.010965913534164429, 0.01096705999225378, 0.010966585949063301]], "alpha": [0.5, 0.5, 0.5], "colors": [[0.0, 1.0, 1.0], [1.0, 0.6290957927703857, 0.5], [0.15848766267299652, 0.0, 0.0]]}, "rendering": {"kernel": [0.8648247718811035, 0.939411997795105, 5.418690565380985e-29], "weights": [0.43241238594055176, 0.26659929752349854, 8.154812443292814e-30], "transmittance": [1.0, 0.5675876140594482, 0.3009883165359497], "eff_opacity": [0.43241238594055176, 0.4697059988975525, 2.709345282690493e-29], "meaning_3d": [-0.30423256754875183, 0.05218315124511719, 0.4384602904319763]}, "softmax": {"weights": [0.3646830916404724, 0.46857842803001404, 0.16673845052719116]}, "stats": {"total_weight": 0.6990116834640503, "residual_transmittance": 0.3009883165359497, "top_word": "networks", "softmax_top_word": "weighted", "n_tokens": 3}}