{"sentence": "Neural networks compute weighted sums of inputs", "words": ["neural", "networks", "compute", "weighted", "sums", "of", "inputs"], "token_ids": [19848, 2818, 28977, 8744, 11029, 4, 21271], "gaussians": {"mu_3d": [[-0.4154399633407593, 2.1411023139953613, 0.6674534678459167], [-2.9222192764282227, 0.5152578353881836, -0.47928956151008606], [0.13335655629634857, 1.7596498727798462, 0.11008309572935104], [-0.8551611304283142, 1.4632011651992798, -1.8556909561157227], [-1.4227168560028076, 0.6699122786521912, 0.23785781860351562], [-3.4222521781921387, -0.5781180262565613, -0.5973640084266663], [-0.8766833543777466, 2.228494882583618, -0.16646450757980347]], "scale_3d": [[0.311627596616745, 0.31162795424461365, 0.31162887811660767], [0.11736290156841278, 0.11736303567886353, 0.11736337840557098], [0.37657853960990906, 0.3765789866447449, 0.3765800893306732], [0.2067890614271164, 0.2067892700433731, 0.20678989589214325], [0.23225711286067963, 0.2322574108839035, 0.23225808143615723], [0.004932293202728033, 0.004932299256324768, 0.004932314157485962], [0.32261213660240173, 0.3226125240325928, 0.3226134777069092]], "alpha": [0.5, 0.5, 0.5, 0.5, 0.5, 0.5, 0.5], "colors": [[0.0, 1.0, 0.9514143466949463], [0.26531392335891724, 0.06018628552556038, 0.9567832946777344], [0.4615688920021057, 0.7587571740150452, 0.0], [1.0, 0.8804405331611633, 1.0], [0.548233687877655, 0.09007187187671661, 0.14428462088108063], [0.43025320768356323, 0.0, 0.7796016931533813], [0.30267611145973206, 0.7660338878631592, 0.17040783166885376]]}, "rendering": {"kernel": [0.8605996370315552, 0.41763606667518616, 0.9440615177154541, 0.768779456615448, 0.8604538440704346, 0.0, 0.9320620894432068], "weights": [0.4302998185157776, 0.11896367371082306, 0.21276149153709412, 0.09147515892982483, 0.06302817910909653, 0.0, 0.03890039026737213], "transmittance": [1.0, 0.5697001814842224, 0.45073652267456055, 0.23797501623630524, 0.1464998573064804, 0.08347167819738388, 0.08347167819738388], "eff_opacity": [0.4302998185157776, 0.20881803333759308, 0.47203075885772705, 0.384389728307724, 0.4302269220352173, 0.0, 0.4660310447216034], "meaning_3d": [-0.2922809422016144, 0.14009860157966614, 0.3514859676361084]}, "softmax": {"weights": [0.17319448292255402, 0.15752798318862915, 0.15206190943717957, 0.1388460099697113, 0.10565005242824554, 0.09439652413129807, 0.17832303047180176]}, "stats": {"total_weight": 0.9554287195205688, "residual_transmittance": 0.044571284802391586, "top_word": "neural", "softmax_top_word": "inputs", "n_tokens": 7}}