{"sentence": "Gaussian distributions represent uncertainty in meaning", "words": ["gaussian", "distributions", "represent", "uncertainty", "in", "meaning"], "token_ids": [43403, 21236, 2877, 5151, 7, 2302], "gaussians": {"mu_3d": [[0.6178125739097595, 1.9217722415924072, 0.38868221640586853], [-0.4244493246078491, 1.9162713289260864, -0.4011761546134949], [-2.707594633102417, -0.08958540111780167, -0.09254518896341324], [-2.340873956680298, 0.7623462080955505, 0.4940189719200134], [-3.3007383346557617, -1.1516779661178589, -1.114414930343628], [-2.4877686500549316, 0.39751648902893066, 0.3318977952003479]], "scale_3d": [[0.46094053983688354, 0.4609410762786865, 0.4609423875808716], [0.32234641909599304, 0.3223468065261841, 0.3223477602005005], [0.1185854971408844, 0.11858562380075455, 0.1185859814286232], [0.158693328499794, 0.15869350731372833, 0.15869396924972534], [0.006239891983568668, 0.006239898502826691, 0.006239916663616896], [0.10607203841209412, 0.10607216507196426, 0.10607249289751053]], "alpha": [0.5, 0.5, 0.5, 0.5, 0.5, 0.5], "colors": [[1.0, 0.0, 0.26612338423728943], [0.4949992299079895, 1.0, 0.26620084047317505], [0.083084836602211, 0.24165616929531097, 0.0], [0.10049472749233246, 0.24293696880340576, 1.0], [0.0, 0.20135463774204254, 0.060664102435112], [0.06487391889095306, 0.21974201500415802, 0.15730513632297516]]}, "rendering": {"kernel": [0.9220659732818604, 0.9280122518539429, 0.7025219202041626, 0.7262945175170898, 0.0, 0.5542656779289246], "weights": [0.4610329866409302, 0.2500839829444885, 0.10147333145141602, 0.06805732101202011, 0.0, 0.033076465129852295], "transmittance": [1.0, 0.5389670133590698, 0.2888830304145813, 0.18740969896316528, 0.11935237795114517, 0.11935237795114517], "eff_opacity": [0.4610329866409302, 0.46400612592697144, 0.3512609601020813, 0.3631472587585449, 0.0, 0.2771328389644623], "meaning_3d": [0.010923738591372967, 0.6321683526039124, 0.3321094512939453]}, "softmax": {"weights": [0.2025132179260254, 0.1664595752954483, 0.16829358041286469, 0.17135320603847504, 0.12408360838890076, 0.1672968715429306]}, "stats": {"total_weight": 0.9137240648269653, "residual_transmittance": 0.08627591461238482, "top_word": "gaussian", "softmax_top_word": "gaussian", "n_tokens": 6}}