{"sentence": "Gaussian distributions represent uncertainty in meaning", "words": ["represent", "uncertainty", "in", "meaning"], "token_ids": [2877, 5151, 7, 2302], "gaussians": {"mu_3d": [[-0.8378304243087769, -0.14163976907730103, -0.40452566742897034], [-1.9349802732467651, 0.03173455595970154, -0.66582852602005], [-0.012610350735485554, 0.11636795848608017, 0.8194138407707214], [-0.703283429145813, -0.9435485601425171, -0.9551181197166443]], "scale_3d": [[0.2651674747467041, 0.26519525051116943, 0.26518380641937256], [0.35503876209259033, 0.3550759553909302, 0.3550606071949005], [0.01387897226959467, 0.013880424201488495, 0.013879829086363316], [0.23713846504688263, 0.23716327548027039, 0.2371530681848526]], "alpha": [0.5, 0.5, 0.5, 0.5], "colors": [[0.0, 0.3355956971645355, 1.0], [1.0, 0.510713517665863, 0.49582430720329285], [0.041253264993429184, 1.0, 0.18873393535614014], [0.15457400679588318, 0.0, 0.0]]}, "rendering": {"kernel": [0.9428061246871948, 0.9346746206283569, 2.7033907779732986e-15, 0.9175781011581421], "weights": [0.4714030623435974, 0.24703307449817657, 3.805886056322858e-16, 0.12917841970920563], "transmittance": [1.0, 0.5285969376564026, 0.2815638780593872, 0.2815638780593872], "eff_opacity": [0.4714030623435974, 0.46733731031417847, 1.3516953889866493e-15, 0.45878905057907104], "meaning_3d": [-0.1959463357925415, 0.06839057058095932, 0.09967952221632004]}, "softmax": {"weights": [0.25391876697540283, 0.30363035202026367, 0.18408285081386566, 0.25836804509162903]}, "stats": {"total_weight": 0.8476145267486572, "residual_transmittance": 0.15238545376715962, "top_word": "represent", "softmax_top_word": "uncertainty", "n_tokens": 4}}