{"sentence": "Hello world", "words": ["hello", "world"], "token_ids": [13076, 86], "gaussians": {"mu_3d": [[0.02148209884762764, -0.7319017052650452, 0.7606196999549866], [-3.464425563812256, -1.0331872701644897, -0.5403252840042114]], "scale_3d": [[0.25290647149086, 0.25290679931640625, 0.25290754437446594], [0.02059387043118477, 0.020593896508216858, 0.020593956112861633]], "alpha": [0.5, 0.5], "colors": [[1.0, 0.0, 0.0], [0.0, 1.0, 0.0]]}, "rendering": {"kernel": [0.8921841382980347, 3.3713675406943366e-08], "weights": [0.44609206914901733, 9.337136397391532e-09], "transmittance": [1.0, 0.5539079308509827], "eff_opacity": [0.44609206914901733, 1.6856837703471683e-08], "meaning_3d": [-0.1503899097442627, -0.09676599502563477, -0.002963984850794077]}, "softmax": {"weights": [0.324530690908432, 0.6754692196846008]}, "stats": {"total_weight": 0.44609206914901733, "residual_transmittance": 0.5539079215138466, "top_word": "hello", "softmax_top_word": "world", "n_tokens": 2}}