{"sentence": "Good morning", "words": ["good", "morning"], "token_ids": [220, 767], "gaussians": {"mu_3d": [[-0.18590903282165527, -0.8844578862190247, -1.847780466079712], [0.6325751543045044, 0.25073373317718506, 0.7239876389503479]], "scale_3d": [[0.07324734330177307, 0.07325500249862671, 0.07325184345245361], [0.1367557793855667, 0.1367700845003128, 0.13676416873931885]], "alpha": [0.5, 0.5], "colors": [[1.0, 0.0, 0.0], [0.0, 1.0, 0.0]]}, "rendering": {"kernel": [0.41728949546813965, 0.7782391309738159], "weights": [0.20864474773406982, 0.3079318106174469], "transmittance": [1.0, 0.7913552522659302], "eff_opacity": [0.20864474773406982, 0.38911956548690796], "meaning_3d": [-0.12481047213077545, -0.1317705363035202, -0.061080820858478546]}, "stats": {"total_weight": 0.5165765285491943, "residual_transmittance": 0.483423440358429, "top_word": "morning", "n_tokens": 2}}