{"sentence": "Good morning", "words": ["good", "morning"], "token_ids": [220, 767], "gaussians": {"mu_3d": [[-3.286928415298462, -0.8054890036582947, 1.0044856071472168], [-2.5439486503601074, -1.4273213148117065, -0.8884710073471069]], "scale_3d": [[0.03283294290304184, 0.032832976430654526, 0.032833077013492584], [0.06123151257634163, 0.061231598258018494, 0.06123177707195282]], "alpha": [0.5, 0.5], "colors": [[1.0, 0.0, 0.0], [0.0, 1.0, 0.0]]}, "rendering": {"kernel": [0.013987751677632332, 0.29299741983413696], "weights": [0.006993875838816166, 0.1454741209745407], "transmittance": [1.0, 0.9930061101913452], "eff_opacity": [0.006993875838816166, 0.14649870991706848], "meaning_3d": [-0.04653909429907799, -0.051636144518852234, -0.027300795540213585]}, "softmax": {"weights": [0.4191840589046478, 0.5808159708976746]}, "stats": {"total_weight": 0.1524679958820343, "residual_transmittance": 0.8475319961085468, "top_word": "morning", "softmax_top_word": "morning", "n_tokens": 2}}