{"sentence": "Thank you very much", "words": ["thank", "you", "very", "much"], "token_ids": [5552, 82, 192, 182], "gaussians": {"mu_3d": [[0.9174680113792419, 0.6216301321983337, -1.736518144607544], [-0.29424965381622314, -1.4543309211730957, -2.5429158210754395], [-0.8048306703567505, -0.7358126044273376, -1.8675520420074463], [-0.9580113291740417, -1.0008755922317505, -0.8839823603630066]], "scale_3d": [[0.3686310052871704, 0.3686695992946625, 0.36865368485450745], [0.04483409970998764, 0.0448387935757637, 0.0448368638753891], [0.06843866407871246, 0.0684458315372467, 0.06844286620616913], [0.06663767248392105, 0.06664464622735977, 0.06664177775382996]], "alpha": [0.5, 0.5, 0.5, 0.5], "colors": [[1.0, 0.7133015394210815, 0.49261680245399475], [0.3283386826515198, 0.0, 1.0], [0.009872553870081902, 1.0, 0.9905016422271729], [0.0, 0.4483126699924469, 0.0]]}, "rendering": {"kernel": [0.9352598190307617, 0.08384504914283752, 0.3272857367992401, 0.381267249584198], "weights": [0.46762990951538086, 0.022318297997117043, 0.08346633613109589, 0.08132153004407883], "transmittance": [1.0, 0.5323700904846191, 0.5100517868995667, 0.42658543586730957], "eff_opacity": [0.46762990951538086, 0.04192252457141876, 0.16364286839962006, 0.190633624792099], "meaning_3d": [-0.015794232487678528, -0.13996243476867676, 0.009703820571303368]}, "stats": {"total_weight": 0.6547361016273499, "residual_transmittance": 0.34526390794440687, "top_word": "thank", "n_tokens": 4}}