{"sentence": "Thank you very much", "words": ["thank", "you", "very", "much"], "token_ids": [5552, 82, 192, 182], "gaussians": {"mu_3d": [[-1.2533915042877197, -1.41519296169281, 1.3842335939407349], [-3.650341033935547, -0.4484008848667145, 1.5173499584197998], [-3.6225385665893555, -0.2723052203655243, 1.374061107635498], [-3.5273666381835938, -0.047044042497873306, 0.13083140552043915]], "scale_3d": [[0.1647575944662094, 0.16475777328014374, 0.16475825011730194], [0.020114561542868614, 0.020114583894610405, 0.02011464163661003], [0.030681224539875984, 0.03068126179277897, 0.030681351199746132], [0.02987527661025524, 0.029875310137867928, 0.02987539954483509]], "alpha": [0.5, 0.5, 0.5, 0.5], "colors": [[1.0, 0.7133015394210815, 0.49261680245399475], [0.3283386826515198, 0.0, 1.0], [0.009872553870081902, 1.0, 0.9905016422271729], [0.0, 0.4483126699924469, 0.0]]}, "rendering": {"kernel": [0.7672728300094604, 5.186847556615248e-05, 0.012020713649690151, 0.02841765247285366], "weights": [0.3836364150047302, 1.5984920537448488e-05, 0.003704469185322523, 0.008704939857125282], "transmittance": [1.0, 0.6163635849952698, 0.61634761095047, 0.6126431226730347], "eff_opacity": [0.3836364150047302, 2.593423778307624e-05, 0.006010356824845076, 0.01420882623642683], "meaning_3d": [0.016176678240299225, -0.11542725563049316, -0.0038488442078232765]}, "softmax": {"weights": [0.13709820806980133, 0.41302552819252014, 0.25267910957336426, 0.19719713926315308]}, "stats": {"total_weight": 0.3960617780685425, "residual_transmittance": 0.6039381829980316, "top_word": "thank", "softmax_top_word": "you", "n_tokens": 4}}