{"sentence": "The old professor walked slowly through the ancient library looking for a rare book", "words": ["the", "old", "professor", "walked", "slowly", "through", "the", "ancient", "library", "looking", "for", "a", "rare", "book"], "token_ids": [1, 168, 1283, 3030, 3893, 132, 1, 2360, 2230, 863, 11, 8, 2349, 540], "gaussians": {"mu_3d": [[-0.3883543014526367, 0.05228801816701889, 0.14174893498420715], [1.1872411966323853, 0.1705617904663086, -0.3152894675731659], [1.840355396270752, 0.8961507678031921, -1.2324869632720947], [1.7489633560180664, 0.45893189311027527, 0.209354966878891], [-0.5329063534736633, -1.0347355604171753, -0.07563048601150513], [-0.504455029964447, -0.6907188892364502, 0.19241102039813995], [-0.3883543014526367, 0.05228801816701889, 0.14174893498420715], [-0.041326139122247696, -0.6651756167411804, -0.19733066856861115], [0.9264992475509644, -0.8002678155899048, -0.286226361989975], [-0.2815738618373871, -0.6339367032051086, -1.192714810371399], [-0.6020005345344543, -0.11730708926916122, -0.17806340754032135], [-0.1442432999610901, -0.2265632301568985, -0.19730646908283234], [-0.4304489493370056, -0.541037917137146, -0.7129449844360352], [0.8187767863273621, -0.8126786947250366, -1.7616157531738281]], "scale_3d": [[0.006927594542503357, 0.006928319577127695, 0.006928021553903818], [0.0640316754579544, 0.06403837352991104, 0.06403561681509018], [0.17693904042243958, 0.17695756256580353, 0.17694991827011108], [0.2721420228481293, 0.2721705436706543, 0.27215877175331116], [0.3085569143295288, 0.30858922004699707, 0.30857595801353455], [0.056786950677633286, 0.05679290369153023, 0.05679045245051384], [0.006927594542503357, 0.006928319577127695, 0.006928021553903818], [0.24011343717575073, 0.24013854563236237, 0.24012814462184906], [0.23339305818080902, 0.23341748118400574, 0.2334074229001999], [0.14507250487804413, 0.14508765935897827, 0.14508140087127686], [0.017006730660796165, 0.01700851507484913, 0.017007779330015182], [0.014723023399710655, 0.014724561013281345, 0.014723928645253181], [0.2395520657300949, 0.23957709968090057, 0.23956674337387085], [0.11472960561513901, 0.11474160104990005, 0.1147366538643837]], "alpha": [0.5, 0.5, 0.5, 0.5, 0.5, 0.5, 0.5, 0.5, 0.5, 0.5, 0.5, 0.5, 0.5, 0.5], "colors": [[0.6534494757652283, 0.15762390196323395, 0.5212258100509644], [0.5073131918907166, 0.6990583539009094, 0.473317950963974], [0.0, 0.6402893662452698, 1.0], [0.9976625442504883, 0.9872838854789734, 0.7865766882896423], [1.0, 0.9377825260162354, 0.5977344512939453], [0.8446217775344849, 0.4721400737762451, 0.5559487342834473], [0.6534494757652283, 0.1576239913702011, 0.5212258100509644], [0.23347614705562592, 1.0, 0.0], [0.14124728739261627, 0.5991899967193604, 0.6948310136795044], [0.779041588306427, 0.44798725843429565, 0.5920694470405579], [0.6749380826950073, 0.0, 0.5269821286201477], [0.6010113954544067, 0.048885054886341095, 0.5293489098548889], [0.511397123336792, 0.338564932346344, 0.261778861284256], [0.31593629717826843, 0.342281311750412, 0.5982803702354431]]}, "rendering": {"kernel": [4.2152633795840065e-32, 0.10395260900259018, 0.5409327745437622, 0.814087986946106, 0.8894602656364441, 0.20096510648727417, 4.2152633795840065e-32, 0.7557978630065918, 0.7744598984718323, 0.7093309760093689, 2.3099064883069786e-09, 4.553989563921279e-13, 0.8244377970695496, 0.5035945773124695], "weights": [2.1076316897920032e-32, 0.05197630450129509, 0.25640854239463806, 0.28151780366897583, 0.18238265812397003, 0.02288135699927807, 4.317132675115426e-33, 0.07740630954504013, 0.049343571066856384, 0.02769351564347744, 5.81980574843044e-11, 1.1473769390103403e-14, 0.020771697163581848, 0.007457800209522247], "transmittance": [1.0, 1.0, 0.9480236768722534, 0.6916151642799377, 0.4100973606109619, 0.2277146875858307, 0.20483332872390747, 0.20483332872390747, 0.12742702662944794, 0.07808347046375275, 0.050389956682920456, 0.050389956682920456, 0.050389956682920456, 0.029618263244628906], "eff_opacity": [2.1076316897920032e-32, 0.05197630450129509, 0.2704663872718811, 0.407043993473053, 0.44473013281822205, 0.10048255324363708, 2.1076316897920032e-32, 0.3778989315032959, 0.38722994923591614, 0.35466548800468445, 1.1549532441534893e-09, 2.2769947819606395e-13, 0.4122188985347748, 0.25179728865623474], "meaning_3d": [-0.18011169135570526, -0.14014814794063568, 0.11228109151124954]}, "softmax": {"weights": [0.07214545458555222, 0.0836172103881836, 0.0726451501250267, 0.06105368956923485, 0.05423402413725853, 0.07187911868095398, 0.07214545458555222, 0.08449535071849823, 0.07603439688682556, 0.06276215612888336, 0.06276621669530869, 0.07954476028680801, 0.06335699558258057, 0.08331995457410812]}, "stats": {"total_weight": 0.9778395891189575, "residual_transmittance": 0.022160464864924734, "top_word": "walked", "softmax_top_word": "ancient", "n_tokens": 14}}