{"sentence": "Heavy rain fell across the city as people hurried home from work", "words": ["heavy", "rain", "fell", "across", "the", "city", "as", "people", "home", "from", "work"], "token_ids": [1107, 2299, 541, 532, 1, 116, 20, 70, 164, 26, 162], "gaussians": {"mu_3d": [[-1.1195998191833496, -0.9261437654495239, 1.048932671546936], [0.41967958211898804, -1.3746355772018433, 1.068318247795105], [0.12570594251155853, -1.1629375219345093, 2.326498031616211], [-0.9004202485084534, -0.6115853190422058, 0.9905943870544434], [-0.3883543014526367, 0.05228801816701889, 0.14174893498420715], [0.38421058654785156, 0.25885018706321716, 1.26103675365448], [-0.1603536605834961, -0.09565616399049759, -0.3419617712497711], [-1.300942301750183, 0.30462533235549927, -0.06847936660051346], [0.7246851325035095, -0.39208969473838806, 0.42043015360832214], [-0.12908247113227844, -0.2270868420600891, 0.7865249514579773], [-0.7067360281944275, -0.34871363639831543, -1.170088768005371]], "scale_3d": [[0.16433563828468323, 0.16435286402702332, 0.16434574127197266], [0.23698356747627258, 0.23700834810733795, 0.23699815571308136], [0.11483580619096756, 0.11484783887863159, 0.11484286189079285], [0.11387602239847183, 0.11388792842626572, 0.11388301104307175], [0.006927594542503357, 0.006928319577127695, 0.006928021553903818], [0.05325332656502724, 0.05325892195105553, 0.053256597369909286], [0.02251337468624115, 0.022515730932354927, 0.022514762356877327], [0.0414586067199707, 0.04146294668316841, 0.041461169719696045], [0.06326749920845032, 0.06327412277460098, 0.06327138841152191], [0.025535710155963898, 0.025538379326462746, 0.0255372766405344], [0.06288193166255951, 0.06288851797580719, 0.06288579851388931]], "alpha": [0.5, 0.5, 0.5, 0.5, 0.5, 0.5, 0.5, 0.5, 0.5, 0.5, 0.5], "colors": [[0.767661988735199, 0.24247504770755768, 0.6006507277488708], [1.0, 0.0, 0.6675928235054016], [0.35001999139785767, 1.0, 0.5981075167655945], [0.15416806936264038, 0.16779665648937225, 0.7204643487930298], [0.09121901541948318, 0.2613617181777954, 0.7159850001335144], [0.03408034145832062, 0.007142446935176849, 0.0], [0.07588653266429901, 0.3140978217124939, 0.7928084135055542], [0.0, 0.03517087176442146, 0.7692424654960632], [0.005162397865206003, 0.2785486578941345, 0.6715050339698792], [0.06936027109622955, 0.35287779569625854, 0.5657824277877808], [0.07769844681024551, 0.007164265029132366, 1.0]]}, "rendering": {"kernel": [0.6971297860145569, 0.7529492974281311, 0.337112694978714, 0.5744867920875549, 4.350929436940661e-39, 0.036674149334430695, 0.002653911244124174, 0.0039895097725093365, 0.21135498583316803, 0.014962594956159592, 0.10820077359676361], "weights": [0.34856489300727844, 0.24524880945682526, 0.06846527755260468, 0.09700813889503479, 5.236624335212555e-40, 0.004413970280438662, 0.0003135581500828266, 0.0004707329790107906, 0.024888597428798676, 0.0015757560031488538, 0.011309700086712837], "transmittance": [1.0, 0.651435136795044, 0.4061863422393799, 0.337721049785614, 0.24071292579174042, 0.24071292579174042, 0.23629894852638245, 0.2359853833913803, 0.23551465570926666, 0.21062606573104858, 0.20905031263828278], "eff_opacity": [0.34856489300727844, 0.37647464871406555, 0.168556347489357, 0.28724339604377747, 2.1754654191195628e-39, 0.018337074667215347, 0.001326955622062087, 0.0019947548862546682, 0.10567749291658401, 0.007481297478079796, 0.054100386798381805], "meaning_3d": [-0.19367118179798126, -0.21557378768920898, -0.3990650475025177]}, "softmax": {"weights": [0.09681116044521332, 0.10909776389598846, 0.09079614281654358, 0.10051944851875305, 0.07857997715473175, 0.10360828787088394, 0.0740802064538002, 0.09924203157424927, 0.0879649966955185, 0.08867359906435013, 0.07062646001577377]}, "stats": {"total_weight": 0.8022593855857849, "residual_transmittance": 0.19774060986422903, "top_word": "heavy", "softmax_top_word": "rain", "n_tokens": 11}}