{"sentence": "The old professor walked slowly through the ancient library looking for a rare book", "words": ["the", "old", "professor", "walked", "slowly", "through", "the", "ancient", "library", "looking", "for", "a", "rare", "book"], "token_ids": [1, 168, 1283, 3030, 3893, 132, 1, 2360, 2230, 863, 11, 8, 2349, 540], "gaussians": {"mu_3d": [[-3.5623953342437744, -0.8996293544769287, -0.5206454396247864], [-2.3934781551361084, -2.030210018157959, 0.3033512234687805], [-1.3116790056228638, -3.019076108932495, 0.5737051963806152], [-1.4019583463668823, -2.0352041721343994, -0.029400791972875595], [-2.356930732727051, 0.38264399766921997, 0.35964661836624146], [-3.358590841293335, -0.40005525946617126, -0.511886477470398], [-3.5623953342437744, -0.8996293544769287, -0.5206454396247864], [-2.232905626296997, 0.23439499735832214, 0.1930251121520996], [-1.8798694610595703, -1.3860424757003784, -0.802099347114563], [-2.9232168197631836, -0.5859783887863159, 0.7638987302780151], [-3.5980217456817627, -0.9124045372009277, -0.5016553997993469], [-3.4610025882720947, -0.9388415217399597, -0.2834344506263733], [-2.760944128036499, 0.07782207429409027, 0.6404754519462585], [-2.560558557510376, -1.2825912237167358, 0.606033980846405]], "scale_3d": [[0.003118502674624324, 0.003118505934253335, 0.003118514781817794], [0.02870900370180607, 0.028709033504128456, 0.02870911732316017], [0.07918660342693329, 0.07918669283390045, 0.07918693125247955], [0.12169895321130753, 0.12169909477233887, 0.12169945985078812], [0.1379520148038864, 0.13795217871665955, 0.13795256614685059], [0.025466294959187508, 0.025466324761509895, 0.025466399267315865], [0.003118502674624324, 0.003118505934253335, 0.003118514781817794], [0.10740026086568832, 0.10740037262439728, 0.10740071535110474], [0.104399673640728, 0.10439977794885635, 0.10440008342266083], [0.06494840234518051, 0.06494847685098648, 0.064948670566082], [0.007643311750143766, 0.0076433210633695126, 0.007643343880772591], [0.0066186655312776566, 0.0066186715848743916, 0.006618692073971033], [0.10714966058731079, 0.10714977234601974, 0.1071501150727272], [0.05138569697737694, 0.051385752856731415, 0.05138590186834335]], "alpha": [0.5, 0.5, 0.5, 0.5, 0.5, 0.5, 0.5, 0.5, 0.5, 0.5, 0.5, 0.5, 0.5, 0.5], "colors": [[0.6534494757652283, 0.15762390196323395, 0.5212258100509644], [0.5073131918907166, 0.6990583539009094, 0.473317950963974], [0.0, 0.6402893662452698, 1.0], [0.9976625442504883, 0.9872838854789734, 0.7865766882896423], [1.0, 0.9377825260162354, 0.5977344512939453], [0.8446217775344849, 0.4721400737762451, 0.5559487342834473], [0.6534494757652283, 0.1576239913702011, 0.5212258100509644], [0.23347614705562592, 1.0, 0.0], [0.14124728739261627, 0.5991899967193604, 0.6948310136795044], [0.779041588306427, 0.44798725843429565, 0.5920694470405579], [0.6749380826950073, 0.0, 0.5269821286201477], [0.6010113954544067, 0.048885054886341095, 0.5293489098548889], [0.511397123336792, 0.338564932346344, 0.261778861284256], [0.31593629717826843, 0.342281311750412, 0.5982803702354431]]}, "rendering": {"kernel": [0.0, 0.0001397973537677899, 0.07124314457178116, 0.4018661379814148, 0.6405767202377319, 0.0021637955214828253, 0.0, 0.18753065168857574, 0.34409672021865845, 0.24235528707504272, 5.307980005968564e-32, 8.407790785948902e-45, 0.4862535893917084, 0.034957192838191986], "weights": [0.0, 6.989867688389495e-05, 0.03561908006668091, 0.19376197457313538, 0.24679788947105408, 0.0005666451761499047, 0.0, 0.04905656725168228, 0.08157293498516083, 0.04756889119744301, 9.155897580563965e-33, 1.401298464324817e-45, 0.083875373005867, 0.0045638494193553925], "transmittance": [1.0, 1.0, 0.9999300837516785, 0.9643110036849976, 0.7705489993095398, 0.5237511396408081, 0.5231844782829285, 0.5231844782829285, 0.4741279184818268, 0.39255499839782715, 0.34498611092567444, 0.34498611092567444, 0.34498611092567444, 0.26111075282096863], "eff_opacity": [0.0, 6.989867688389495e-05, 0.03562157228589058, 0.2009330689907074, 0.32028836011886597, 0.0010818977607414126, 0.0, 0.09376532584428787, 0.17204836010932922, 0.12117764353752136, 2.653990002984282e-32, 4.203895392974451e-45, 0.2431267946958542, 0.017478596419095993], "meaning_3d": [-0.1978813111782074, -0.10127963870763779, 0.05197553336620331]}, "softmax": {"weights": [0.08195938915014267, 0.08675948530435562, 0.060139723122119904, 0.052705515176057816, 0.04859662801027298, 0.07615490257740021, 0.08195938915014267, 0.07637645304203033, 0.06689391285181046, 0.0634717270731926, 0.07249391824007034, 0.09087415039539337, 0.06207806617021561, 0.07953675836324692]}, "stats": {"total_weight": 0.7434530854225159, "residual_transmittance": 0.2565469033517246, "top_word": "slowly", "softmax_top_word": "a", "n_tokens": 14}}