{"sentence": "Heavy rain fell across the city as people hurried home from work", "words": ["heavy", "rain", "fell", "across", "the", "city", "as", "people", "hurried", "home", "from", "work"], "token_ids": [1107, 2299, 541, 532, 1, 116, 20, 70, 23673, 164, 26, 162], "gaussians": {"mu_3d": [[-3.1138885021209717, 0.6165173649787903, -0.676785945892334], [-2.116739273071289, 0.05271967872977257, -0.7711646556854248], [-2.2870564460754395, -0.45622068643569946, -3.1347815990448], [-3.527061700820923, 0.0017261363100260496, -0.7776796221733093], [-3.5623953342437744, -0.8996293544769287, -0.5206454396247864], [-3.078795909881592, -1.5570838451385498, -1.4836636781692505], [-3.147561550140381, -1.0214658975601196, 0.08475112915039062], [-3.991027593612671, -0.2894400656223297, -0.09923713654279709], [-0.035204675048589706, -0.1375800371170044, 0.587385356426239], [-2.8207173347473145, -1.6233986616134644, -0.771802544593811], [-3.1884267330169678, -0.8431494235992432, -1.308257818222046], [-3.4894351959228516, -0.7330650091171265, 0.6230464577674866]], "scale_3d": [[0.07355593144893646, 0.07355600595474243, 0.07355622947216034], [0.10600288957357407, 0.10600298643112183, 0.1060033068060875], [0.05143320932984352, 0.051433265209198, 0.051433417946100235], [0.05100410804152489, 0.051004160195589066, 0.0510043129324913], [0.003118502674624324, 0.003118505934253335, 0.003118514781817794], [0.023884398862719536, 0.023884428665041924, 0.023884497582912445], [0.01011303998529911, 0.010113053023815155, 0.010113080963492393], [0.018602795898914337, 0.01860281638801098, 0.018602872267365456], [0.34035176038742065, 0.3403521776199341, 0.3403531610965729], [0.028366995975375175, 0.02836702950298786, 0.028367111459374428], [0.011468073353171349, 0.011468085460364819, 0.01146811991930008], [0.028194427490234375, 0.028194459155201912, 0.028194541111588478]], "alpha": [0.5, 0.5, 0.5, 0.5, 0.5, 0.5, 0.5, 0.5, 0.5, 0.5, 0.5, 0.5], "colors": [[0.7687803506851196, 0.26443472504615784, 0.8033642768859863], [1.0, 0.1433517336845398, 0.4772161543369293], [0.3484608829021454, 1.0, 1.0], [0.15283529460430145, 0.2832552492618561, 0.5691332817077637], [0.09092408418655396, 0.3137931525707245, 0.7222232222557068], [0.035001568496227264, 0.0, 0.8461892008781433], [0.0746370479464531, 0.3993564546108246, 0.6617524027824402], [0.0, 0.10321688652038574, 0.6393712162971497], [0.22052468359470367, 0.6998123526573181, 0.0], [0.0027403098065406084, 0.41765278577804565, 0.5402949452400208], [0.0687648132443428, 0.39145925641059875, 0.7828155755996704], [0.07560983300209045, 0.181261345744133, 0.40131446719169617]]}, "rendering": {"kernel": [0.18342261016368866, 0.3062053918838501, 0.009300078265368938, 0.10364499688148499, 0.0, 2.540045684895631e-08, 1.4091211704425621e-11, 1.2100827067804132e-12, 0.8978425860404968, 0.0004778117872774601, 9.245721344086633e-08, 5.747825343860313e-05], "weights": [0.09171130508184433, 0.13906145095825195, 0.003576936898753047, 0.03967791050672531, 0.0, 9.220015861899356e-09, 5.114915435644463e-12, 4.3924334113508434e-13, 0.3259044885635376, 9.557858720654622e-05, 1.8490162290163425e-08, 1.1494855243654456e-05], "transmittance": [1.0, 0.9082887172698975, 0.7692272663116455, 0.7656503319740295, 0.7259724140167236, 0.7259724140167236, 0.7259724140167236, 0.7259724140167236, 0.7259724140167236, 0.40006792545318604, 0.3999723494052887, 0.3999723196029663], "eff_opacity": [0.09171130508184433, 0.15310269594192505, 0.004650039132684469, 0.05182249844074249, 0.0, 1.2700228424478155e-08, 7.045605852212811e-12, 6.050413533902066e-13, 0.4489212930202484, 0.00023890589363873005, 4.622860672043316e-08, 2.8739126719301566e-05], "meaning_3d": [-0.05427073314785957, -0.17920824885368347, -0.10930262506008148]}, "softmax": {"weights": [0.09089231491088867, 0.08138138800859451, 0.08198004961013794, 0.1059211865067482, 0.0824597179889679, 0.10586832463741302, 0.07074110954999924, 0.10995534062385559, 0.025358986109495163, 0.08633413910865784, 0.08708979934453964, 0.07201765477657318]}, "stats": {"total_weight": 0.6000391840934753, "residual_transmittance": 0.39996082474778905, "top_word": "hurried", "softmax_top_word": "people", "n_tokens": 12}}