{"sentence": "A small child pointed excitedly at the colorful butterfly in the garden", "words": ["a", "small", "child", "pointed", "at", "the", "colorful", "butterfly", "in", "the", "garden"], "token_ids": [8, 358, 965, 3010, 23, 1, 8920, 8424, 7, 1, 2638], "gaussians": {"mu_3d": [[-0.1442432999610901, -0.2265632301568985, -0.19730646908283234], [-0.7404364943504333, -1.3936223983764648, 0.34652769565582275], [-0.0071819559670984745, 0.035597559064626694, -1.5685255527496338], [-0.3582465946674347, 0.29090815782546997, -0.9301773309707642], [0.5296757221221924, -0.29090389609336853, 0.7221803665161133], [-0.3883543014526367, 0.05228801816701889, 0.14174893498420715], [0.5258392691612244, -1.366011619567871, -1.0884594917297363], [1.4547350406646729, -1.2381714582443237, 0.06642144173383713], [-0.012610351666808128, 0.11636795848608017, 0.8194138407707214], [-0.3883543014526367, 0.05228802561759949, 0.14174894988536835], [1.3216079473495483, -1.406996726989746, -0.23017659783363342]], "scale_3d": [[0.014723023399710655, 0.014724561013281345, 0.014723928645253181], [0.09341220557689667, 0.09342196583747864, 0.09341792017221451], [0.15341819822788239, 0.15343421697616577, 0.1534275859594345], [0.2712405025959015, 0.2712688744068146, 0.2712571620941162], [0.024071788415312767, 0.024074308574199677, 0.024073265492916107], [0.006927594542503357, 0.006928319577127695, 0.006928021553903818], [0.46750858426094055, 0.46755751967430115, 0.4675373435020447], [0.45429399609565735, 0.4543416202068329, 0.4543220102787018], [0.01387897226959467, 0.01388042513281107, 0.013879829086363316], [0.006927595008164644, 0.006928319577127695, 0.006928021553903818], [0.2538914382457733, 0.25391796231269836, 0.2539070248603821]], "alpha": [0.5, 0.5, 0.5, 0.5, 0.5, 0.5, 0.5, 0.5, 0.5, 0.5, 0.5], "colors": [[0.059008289128541946, 0.5103718638420105, 0.43050655722618103], [0.18748782575130463, 0.45509055256843567, 0.5829519629478455], [0.039022866636514664, 0.5459184050559998, 0.0], [0.22621655464172363, 0.4498947262763977, 0.4757445156574249], [0.0006697007338516414, 0.9557163715362549, 0.8425412178039551], [0.0, 0.6524934768676758, 0.5278626084327698], [0.5480905175209045, 0.0, 0.5459501147270203], [1.0, 1.0, 0.301997572183609], [0.055227167904376984, 0.6916202306747437, 0.5577369332313538], [1.5355178462073127e-08, 0.6524934768676758, 0.5278626084327698], [0.5056114196777344, 0.4933473467826843, 1.0]]}, "rendering": {"kernel": [1.1785420729604201e-11, 0.5522478818893433, 0.5886118412017822, 0.8928287625312805, 3.408801057958044e-05, 4.170496910672206e-31, 0.9381556510925293, 0.9449345469474792, 4.4361495032951836e-10, 4.170496910672206e-31, 0.8693569898605347], "weights": [5.892710364802101e-12, 0.27612394094467163, 0.2130410075187683, 0.22804410755634308, 4.8198899094131775e-06, 5.896793354755903e-32, 0.13264870643615723, 0.07093501836061478, 1.7567683419095204e-11, 1.6515667711062307e-32, 0.03442757949233055], "transmittance": [1.0, 1.0, 0.7238760590553284, 0.5108350515365601, 0.2827909588813782, 0.28278613090515137, 0.28278613090515137, 0.15013742446899414, 0.07920239865779877, 0.07920239865779877, 0.07920239865779877], "eff_opacity": [5.892710364802101e-12, 0.27612394094467163, 0.2943059206008911, 0.44641438126564026, 1.704400528979022e-05, 2.085248455336103e-31, 0.46907782554626465, 0.4724672734737396, 2.2180747516475918e-10, 2.085248455336103e-31, 0.43467849493026733], "meaning_3d": [-0.22317567467689514, 0.07518910616636276, -0.06376964598894119]}, "softmax": {"weights": [0.10771986842155457, 0.09872687608003616, 0.08470462262630463, 0.07294407486915588, 0.08927195519208908, 0.09266375750303268, 0.08928785473108292, 0.08313551545143127, 0.08702224493026733, 0.09266375750303268, 0.10185950994491577]}, "stats": {"total_weight": 0.9552252292633057, "residual_transmittance": 0.04477481921435977, "top_word": "small", "softmax_top_word": "a", "n_tokens": 11}}