{"sentence": "I am so excited about the concert tonight", "words": ["i", "am", "so", "excited", "about", "the", "concert", "tonight"], "token_ids": [42, 914, 101, 5857, 60, 1, 3032, 4386], "gaussians": {"mu_3d": [[0.42848026752471924, -0.4495542049407959, -2.216132402420044], [0.3381892740726471, 0.3646252751350403, -1.100580096244812], [-0.7877934575080872, -0.6249343156814575, -1.2192120552062988], [0.6573705077171326, -0.6464649438858032, -1.6851328611373901], [-0.7491167187690735, -0.3648686110973358, -0.3314070403575897], [-0.3883543014526367, 0.05228801816701889, 0.14174893498420715], [1.4119598865509033, -0.45552492141723633, -0.2837305963039398], [1.4836223125457764, -0.2466174066066742, -1.173543095588684]], "scale_3d": [[0.032244108617305756, 0.032247476279735565, 0.03224607929587364], [0.14930342137813568, 0.14931903779506683, 0.1493125855922699], [0.049714189022779465, 0.04971938207745552, 0.049717240035533905], [0.37864428758621216, 0.3786839544773102, 0.37866759300231934], [0.03842102363705635, 0.03842504322528839, 0.03842337802052498], [0.006927594542503357, 0.006928319577127695, 0.006928021553903818], [0.2722320556640625, 0.2722606062889099, 0.2722488045692444], [0.32755571603775024, 0.3275899887084961, 0.32757583260536194]], "alpha": [0.5, 0.5, 0.5, 0.5, 0.5, 0.5, 0.5, 0.5], "colors": [[0.10808446258306503, 0.5665380358695984, 0.0], [0.0, 0.9879560470581055, 1.0], [0.32728075981140137, 0.3493841290473938, 0.1376744657754898], [0.2590732276439667, 0.86295485496521, 0.1074255108833313], [0.29810234904289246, 0.0, 0.7756704092025757], [0.5551100373268127, 0.14136505126953125, 0.34337756037712097], [1.0, 0.8202536702156067, 0.6221105456352234], [0.5084553956985474, 1.0, 0.18940679728984833]]}, "rendering": {"kernel": [0.001453692326322198, 0.7732986211776733, 0.22878535091876984, 0.9404922723770142, 0.0023828879930078983, 0.0, 0.8061931133270264, 0.9389982223510742], "weights": [0.000726846163161099, 0.3863682746887207, 0.07011183351278305, 0.2552463412284851, 0.00034259582753293216, 0.0, 0.11577100306749344, 0.0804877057671547], "transmittance": [1.0, 0.9992731809616089, 0.6129049062728882, 0.5427930355072021, 0.28754669427871704, 0.2872040867805481, 0.2872040867805481, 0.17143310606479645], "eff_opacity": [0.000726846163161099, 0.38664931058883667, 0.11439267545938492, 0.4702461361885071, 0.0011914439965039492, 0.0, 0.4030965566635132, 0.4694991111755371], "meaning_3d": [0.15035222470760345, -0.051945194602012634, 0.2546584904193878]}, "stats": {"total_weight": 0.9090546369552612, "residual_transmittance": 0.09094541514131294, "top_word": "am", "n_tokens": 8}}