{"sentence": "A small child pointed excitedly at the colorful butterfly in the garden", "words": ["a", "small", "child", "pointed", "excitedly", "at", "the", "colorful", "butterfly", "in", "the", "garden"], "token_ids": [8, 358, 965, 3010, 42420, 23, 1, 8920, 8424, 7, 1, 2638], "gaussians": {"mu_3d": [[-3.4610025882720947, -0.9388415217399597, -0.2834344506263733], [-3.3115382194519043, 0.21215617656707764, -0.47442907094955444], [-2.8615150451660156, -1.0785504579544067, 0.9593082666397095], [-2.0945186614990234, -0.7637500166893005, 0.797028660774231], [1.0377806425094604, 0.036982323974370956, 0.8470280170440674], [-2.88492751121521, -1.4620423316955566, -1.578331470489502], [-3.5623953342437744, -0.8996293544769287, -0.5206454396247864], [-1.366899013519287, 0.6308714747428894, 0.9438266158103943], [-0.3540782630443573, -0.26059862971305847, -0.30775925517082214], [-3.3007383346557617, -1.1516778469085693, -1.1144148111343384], [-3.5623953342437744, -0.8996293544769287, -0.5206454396247864], [-1.7931849956512451, -0.8860149383544922, -0.3272044360637665]], "scale_3d": [[0.0066186655312776566, 0.0066186715848743916, 0.006618692073971033], [0.041853468865156174, 0.041853513568639755, 0.041853636503219604], [0.06867780536413193, 0.06867789477109909, 0.06867808848619461], [0.12129649519920349, 0.12129665166139603, 0.12129700928926468], [0.4556874930858612, 0.4556879699230194, 0.45568934082984924], [0.010811777785420418, 0.010811790823936462, 0.010811822488904], [0.003118502674624324, 0.003118505934253335, 0.003118514781817794], [0.20886100828647614, 0.20886121690273285, 0.208861842751503], [0.20296774804592133, 0.20296798646450043, 0.20296859741210938], [0.006239891983568668, 0.006239898968487978, 0.006239916663616896], [0.003118502674624324, 0.003118505934253335, 0.003118514781817794], [0.11355164647102356, 0.1135517805814743, 0.11355210840702057]], "alpha": [0.5, 0.5, 0.5, 0.5, 0.5, 0.5, 0.5, 0.5, 0.5, 0.5, 0.5, 0.5], "colors": [[0.04517334699630737, 0.47272297739982605, 0.4437766671180725], [0.2085050493478775, 0.48833927512168884, 0.38402509689331055], [0.12062378227710724, 0.6479056477546692, 0.8703994750976562], [0.4048970937728882, 0.7272151708602905, 0.7315564155578613], [0.8613296151161194, 1.0, 1.0], [0.0, 0.40800103545188904, 0.9928333163261414], [0.009547144174575806, 0.4970482587814331, 0.6646952033042908], [0.6961740255355835, 0.6579408049583435, 0.0], [1.0, 0.0, 0.9560601115226746], [0.056446027010679245, 0.45052722096443176, 0.6792617440223694], [0.009547144174575806, 0.4970482587814331, 0.6646952629089355], [0.5350088477134705, 0.3549644947052002, 0.29225391149520874]]}, "rendering": {"kernel": [0.0, 0.0391106903553009, 0.07229025661945343, 0.6169273853302002, 0.9187543392181396, 5.869712678446536e-23, 0.0, 0.7677513957023621, 0.7467844486236572, 8.407790785948902e-44, 0.0, 0.4523680508136749], "weights": [0.0, 0.01955534517765045, 0.03543829917907715, 0.29150015115737915, 0.3002058267593384, 1.0368858735706449e-23, 0.0, 0.13562344014644623, 0.08127888292074203, 5.605193857299268e-45, 0.0, 0.030851062387228012], "transmittance": [1.0, 1.0, 0.9804446697235107, 0.9450063705444336, 0.6535062193870544, 0.35330039262771606, 0.35330039262771606, 0.35330039262771606, 0.21767695248126984, 0.1363980770111084, 0.1363980770111084, 0.1363980770111084], "eff_opacity": [0.0, 0.01955534517765045, 0.036145128309726715, 0.3084636926651001, 0.4593771696090698, 2.934856339223268e-23, 0.0, 0.38387569785118103, 0.3733922243118286, 4.203895392974451e-44, 0.0, 0.22618402540683746], "meaning_3d": [-0.17537938058376312, 0.0809001475572586, 0.2526944577693939]}, "softmax": {"weights": [0.1130450963973999, 0.10295795649290085, 0.08739925920963287, 0.06872498989105225, 0.02667848952114582, 0.0914662703871727, 0.09969794005155563, 0.06795764714479446, 0.055639587342739105, 0.09458381682634354, 0.09969794005155563, 0.09215103089809418]}, "stats": {"total_weight": 0.8944530487060547, "residual_transmittance": 0.10554701089498408, "top_word": "excitedly", "softmax_top_word": "a", "n_tokens": 12}}