{"sentence": "The news made everyone deeply sad", "words": ["the", "news", "made", "everyone", "deeply", "sad"], "token_ids": [1, 173, 117, 1403, 3602, 5280], "gaussians": {"mu_3d": [[-0.3883543014526367, 0.05228801816701889, 0.14174893498420715], [-0.19820314645767212, 0.5406094193458557, -0.13642095029354095], [0.057137951254844666, -0.13549301028251648, -0.45167821645736694], [-0.19426751136779785, -0.398353636264801, -2.053236246109009], [-1.082077145576477, 1.1280615329742432, -1.6366775035858154], [0.6455094218254089, 0.16522401571273804, -1.5936652421951294]], "scale_3d": [[0.006927594542503357, 0.006928319577127695, 0.006928021553903818], [0.0649743303656578, 0.0649811327457428, 0.06497832387685776], [0.053481001406908035, 0.05348660796880722, 0.053484272211790085], [0.18504300713539124, 0.18506236374378204, 0.18505436182022095], [0.29677534103393555, 0.29680636525154114, 0.2967935800552368], [0.3594669699668884, 0.3595046401023865, 0.3594891428947449]], "alpha": [0.5, 0.5, 0.5, 0.5, 0.5, 0.5], "colors": [[0.6150235533714294, 0.08881431072950363, 0.44122812151908875], [1.0, 1.0, 0.6327861547470093], [0.6119334101676941, 0.0, 0.46229806542396545], [0.41376954317092896, 0.28815099596977234, 0.19312475621700287], [0.0, 0.5469871759414673, 1.0], [0.1443677395582199, 0.8779654502868652, 0.0]]}, "rendering": {"kernel": [0.0, 0.0719582587480545, 0.1307736039161682, 0.8397327065467834, 0.9240910410881042, 0.9358465075492859], "weights": [0.0, 0.03597912937402725, 0.06303424388170242, 0.3782939612865448, 0.24150781333446503, 0.1315729320049286], "transmittance": [1.0, 1.0, 0.964020848274231, 0.9009866118431091, 0.5226926803588867, 0.2811848521232605], "eff_opacity": [0.0, 0.03597912937402725, 0.0653868019580841, 0.4198663532733917, 0.4620455205440521, 0.46792325377464294], "meaning_3d": [0.09439989924430847, 0.021314376965165138, 0.29283106327056885]}, "stats": {"total_weight": 0.8503880500793457, "residual_transmittance": 0.14961192120560263, "top_word": "everyone", "n_tokens": 6}}