{"sentence": "I am so excited about the concert tonight", "words": ["i", "am", "so", "excited", "about", "the", "concert", "tonight"], "token_ids": [42, 914, 101, 5857, 60, 1, 3032, 4386], "gaussians": {"mu_3d": [[-3.292553424835205, -1.475897192955017, 1.3652331829071045], [-2.4847724437713623, -1.201229214668274, 0.4225729703903198], [-3.557398557662964, -0.28748634457588196, 0.7803575396537781], [-1.3481743335723877, -0.5383113622665405, 1.1396684646606445], [-3.463317394256592, -0.4217206835746765, -0.578478217124939], [-3.5623953342437744, -0.8996293544769287, -0.5206454396247864], [-1.908240556716919, -1.3864665031433105, -0.2632051110267639], [-1.7011592388153076, -1.5949362516403198, 0.5567613244056702]], "scale_3d": [[0.01447472907602787, 0.014474744908511639, 0.014474785886704922], [0.0668390765786171, 0.06683915853500366, 0.06683934479951859], [0.022299829870462418, 0.022299855947494507, 0.02229992300271988], [0.16922485828399658, 0.1692250669002533, 0.1692255586385727], [0.01724216714501381, 0.01724218763411045, 0.01724223606288433], [0.003118502674624324, 0.003118505934253335, 0.003118514781817794], [0.12173908203840256, 0.1217392310500145, 0.12173958867788315], [0.14643043279647827, 0.1464305967092514, 0.14643102884292603]], "alpha": [0.5, 0.5, 0.5, 0.5, 0.5, 0.5, 0.5, 0.5], "colors": [[0.10808446258306503, 0.5665380358695984, 0.0], [0.0, 0.9879560470581055, 1.0], [0.32728075981140137, 0.3493841290473938, 0.1376744657754898], [0.2590732276439667, 0.86295485496521, 0.1074255108833313], [0.29810234904289246, 0.0, 0.7756704092025757], [0.5551100373268127, 0.14136505126953125, 0.34337756037712097], [1.0, 0.8202536702156067, 0.6221105456352234], [0.5084553956985474, 1.0, 0.18940679728984833]]}, "rendering": {"kernel": [8.673006757220492e-11, 0.27572184801101685, 0.0024041347205638885, 0.7955173254013062, 3.149807636937396e-10, 0.0, 0.398586243391037, 0.7352931499481201], "weights": [4.336503378610246e-11, 0.13786092400550842, 0.0010363493347540498, 0.34251105785369873, 8.167320292296054e-11, 0.0, 0.10335175693035126, 0.15266153216362], "transmittance": [1.0, 1.0, 0.862139105796814, 0.8611027598381042, 0.5185917019844055, 0.5185917019844055, 0.5185917019844055, 0.41523993015289307], "eff_opacity": [4.336503378610246e-11, 0.13786092400550842, 0.0012020673602819443, 0.3977586627006531, 1.574903818468698e-10, 0.0, 0.1992931216955185, 0.36764657497406006], "meaning_3d": [0.10406012833118439, -4.0660139347892255e-05, 0.17715488374233246]}, "softmax": {"weights": [0.20706669986248016, 0.1412748098373413, 0.12813621759414673, 0.09187057614326477, 0.11824812740087509, 0.09440296143293381, 0.09335687756538391, 0.125643789768219]}, "stats": {"total_weight": 0.7374216318130493, "residual_transmittance": 0.262578392039714, "top_word": "excited", "softmax_top_word": "i", "n_tokens": 8}}