{"sentence": "She laughed until tears streamed down her face", "words": ["she", "until", "tears", "down", "her", "face"], "token_ids": [68, 208, 5655, 136, 72, 622], "gaussians": {"mu_3d": [[0.7442272305488586, 0.1488039493560791, -1.3365871906280518], [0.1795288771390915, 0.25802984833717346, 0.46844762563705444], [1.146929144859314, -0.04378608614206314, -1.086978554725647], [-0.2278103232383728, -0.5074992775917053, 0.7252411246299744], [0.7435683608055115, 0.06251049786806107, -1.7021702527999878], [-0.5420940518379211, 0.4222955107688904, -0.6596316695213318]], "scale_3d": [[0.04086906090378761, 0.040873344987630844, 0.040871575474739075], [0.07122603803873062, 0.07123349606990814, 0.07123041898012161], [0.37204253673553467, 0.372081458568573, 0.37206539511680603], [0.05763668566942215, 0.05764272063970566, 0.05764022842049599], [0.04203992709517479, 0.04204432666301727, 0.042042508721351624], [0.12313925474882126, 0.12315212935209274, 0.12314680963754654]], "alpha": [0.5, 0.5, 0.5, 0.5, 0.5, 0.5], "colors": [[0.04135614633560181, 0.6123612523078918, 0.4557279348373413], [0.3165607750415802, 0.0, 0.0], [1.0, 1.0, 0.1785905361175537], [0.769125759601593, 0.13733476400375366, 0.4458286762237549], [0.0, 0.7612220644950867, 0.6005654335021973], [0.7411150336265564, 0.2635315954685211, 1.0]]}, "rendering": {"kernel": [0.06787930428981781, 0.15079039335250854, 0.9280164837837219, 0.1343631148338318, 0.025987619534134865, 0.6405023336410522], "weights": [0.033939652144908905, 0.07283630967140198, 0.4144633114337921, 0.032163891941308975, 0.005802994593977928, 0.14116473495960236], "transmittance": [1.0, 0.9660603404045105, 0.8932240009307861, 0.4787607192993164, 0.44659680128097534, 0.44079381227493286], "eff_opacity": [0.033939652144908905, 0.07539519667625427, 0.46400824189186096, 0.0671815574169159, 0.012993809767067432, 0.3202511668205261], "meaning_3d": [-0.0808139368891716, 0.07652454078197479, 0.03650863468647003]}, "softmax": {"weights": [0.20336230099201202, 0.1301380842924118, 0.16794417798519135, 0.12891164422035217, 0.24141699075698853, 0.12822675704956055]}, "stats": {"total_weight": 0.7003709077835083, "residual_transmittance": 0.29962907956661766, "top_word": "tears", "softmax_top_word": "her", "n_tokens": 6}}