{"sentence": "The news made everyone deeply sad", "words": ["the", "news", "made", "everyone", "deeply", "sad"], "token_ids": [1, 173, 117, 1403, 3602, 5280], "gaussians": {"mu_3d": [[-3.5623953342437744, -0.8996293544769287, -0.5206454396247864], [-3.1205899715423584, -1.5530791282653809, -0.37121888995170593], [-2.882842540740967, -1.1082041263580322, -0.02755213901400566], [-2.8856496810913086, -0.7137733101844788, 1.3673330545425415], [-2.50165057182312, -0.10652398318052292, 1.8598536252975464], [-1.3237630128860474, -0.5009638071060181, 1.503324270248413]], "scale_3d": [[0.003118502674624324, 0.003118505934253335, 0.003118514781817794], [0.029130883514881134, 0.02913091704249382, 0.029131000861525536], [0.023986326530575752, 0.02398635633289814, 0.023986423388123512], [0.08280674368143082, 0.08280683308839798, 0.08280707150697708], [0.13269388675689697, 0.1326940357685089, 0.13269443809986115], [0.16066911816596985, 0.16066931188106537, 0.16066977381706238]], "alpha": [0.5, 0.5, 0.5, 0.5, 0.5, 0.5], "colors": [[0.6150235533714294, 0.08881431072950363, 0.44122812151908875], [1.0, 1.0, 0.6327861547470093], [0.6119334101676941, 0.0, 0.46229806542396545], [0.41376954317092896, 0.28815099596977234, 0.19312475621700287], [0.0, 0.5469871759414673, 1.0], [0.1443677395582199, 0.8779654502868652, 0.0]]}, "rendering": {"kernel": [0.0, 4.298959083826048e-06, 0.00012397271348163486, 0.47706636786460876, 0.6937775611877441, 0.7304725050926208], "weights": [0.0, 2.149479541913024e-06, 6.198622577358037e-05, 0.2385178804397583, 0.26412734389305115, 0.18162855505943298], "transmittance": [1.0, 1.0, 0.9999978542327881, 0.9999358654022217, 0.7614179849624634, 0.49729064106941223], "eff_opacity": [0.0, 2.149479541913024e-06, 6.198635674081743e-05, 0.23853318393230438, 0.34688878059387207, 0.3652362525463104], "meaning_3d": [0.13859930634498596, -0.021893709897994995, 0.28086474537849426]}, "softmax": {"weights": [0.1557047814130783, 0.22257165610790253, 0.1335912048816681, 0.17863471806049347, 0.1601441651582718, 0.14935354888439178]}, "stats": {"total_weight": 0.6843379139900208, "residual_transmittance": 0.3156620708988678, "top_word": "deeply", "softmax_top_word": "news", "n_tokens": 6}}