{"sentence": "The Brandenburg Gate stands in the center of Berlin", "words": ["the", "gate", "stands", "in", "the", "center", "of", "berlin"], "token_ids": [1, 4514, 2578, 7, 1, 314, 4, 2500], "gaussians": {"mu_3d": [[-0.3883543014526367, 0.05228801816701889, 0.14174893498420715], [0.8143704533576965, -0.7332370281219482, 0.8813813328742981], [0.2305036336183548, -0.4885709881782532, 0.24655333161354065], [-0.012610350735485554, 0.11636795848608017, 0.8194138407707214], [-0.3883543014526367, 0.05228801816701889, 0.14174893498420715], [0.4983421564102173, -0.23475903272628784, 0.32453712821006775], [-0.5241243839263916, -0.11472291499376297, 0.09025967866182327], [0.8955657482147217, 1.0153402090072632, 0.8191426396369934]], "scale_3d": [[0.006927594542503357, 0.006928319577127695, 0.006928021553903818], [0.33231183886528015, 0.3323465883731842, 0.3323322832584381], [0.25098150968551636, 0.2510077953338623, 0.2509969174861908], [0.01387897226959467, 0.013880424201488495, 0.013879829086363316], [0.006927594542503357, 0.006928319577127695, 0.006928021553903818], [0.08748656511306763, 0.08749571442604065, 0.0874919518828392], [0.01096591167151928, 0.010967059060931206, 0.010966585949063301], [0.2471475601196289, 0.24717341363430023, 0.2471628040075302]], "alpha": [0.5, 0.5, 0.5, 0.5, 0.5, 0.5, 0.5, 0.5], "colors": [[0.9474794268608093, 0.33834269642829895, 0.9605449438095093], [0.0, 0.0, 0.628680944442749], [0.5558643937110901, 0.26448336243629456, 0.6448466181755066], [0.8477546572685242, 0.5163533687591553, 1.0], [0.9474794268608093, 0.3383426368236542, 0.9605448842048645], [0.9692661762237549, 0.6235466599464417, 0.0], [1.0, 0.3440256118774414, 0.9745698571205139], [0.14172323048114777, 1.0, 0.9459447860717773]]}, "rendering": {"kernel": [4.1675443367824256e-21, 0.9243427515029907, 0.9022520780563354, 2.998676507104392e-08, 4.1675443367824256e-21, 0.31441304087638855, 1.0404123309409874e-12, 0.8493424654006958], "weights": [2.0837721683912128e-21, 0.46217137575149536, 0.24262849986553192, 4.426048416661388e-09, 6.151298534940222e-22, 0.04640738666057587, 1.294235172592112e-13, 0.10565511882305145], "transmittance": [1.0, 1.0, 0.5378286242485046, 0.2952001392841339, 0.2952001392841339, 0.2952001392841339, 0.24879275262355804, 0.24879275262355804], "eff_opacity": [2.0837721683912128e-21, 0.46217137575149536, 0.4511260390281677, 1.499338253552196e-08, 2.0837721683912128e-21, 0.15720652043819427, 5.202061654704937e-13, 0.4246712327003479], "meaning_3d": [0.20749248564243317, -0.28729549050331116, 0.05821217596530914]}, "softmax": {"weights": [0.12977783381938934, 0.12194588780403137, 0.10522684454917908, 0.11873899400234222, 0.12977783381938934, 0.15147539973258972, 0.116962730884552, 0.12609457969665527]}, "stats": {"total_weight": 0.8568624258041382, "residual_transmittance": 0.14313762767999894, "top_word": "gate", "softmax_top_word": "center", "n_tokens": 8}}