{"sentence": "She laughed until tears streamed down her face", "words": ["she", "laughed", "until", "tears", "streamed", "down", "her", "face"], "token_ids": [68, 11388, 208, 5655, 20069, 136, 72, 622], "gaussians": {"mu_3d": [[-3.1462485790252686, -1.9664705991744995, 0.8076944947242737], [-0.01888898015022278, -1.1659376621246338, 1.559431791305542], [-3.0932984352111816, -1.4433789253234863, -0.6521305441856384], [-1.1159999370574951, -0.5923226475715637, 1.2481690645217896], [-0.44640809297561646, 0.626922607421875, -0.323004812002182], [-3.074329137802124, -0.5216960310935974, -1.1740882396697998], [-3.1608505249023438, -1.7415789365768433, 1.185766577720642], [-3.0283591747283936, -0.697897732257843, 0.6587528586387634]], "scale_3d": [[0.018338732421398163, 0.018338752910494804, 0.018338806927204132], [0.2360091209411621, 0.2360093891620636, 0.2360100895166397], [0.031928520649671555, 0.03192855417728424, 0.0319286547601223], [0.1662796437740326, 0.1662798374891281, 0.1662803292274475], [0.31335872411727905, 0.3133590817451477, 0.3133600652217865], [0.025846675038337708, 0.025846702978014946, 0.025846779346466064], [0.018863152712583542, 0.018863175064325333, 0.01886323280632496], [0.0551452599465847, 0.05514531955122948, 0.05514548718929291]], "alpha": [0.5, 0.5, 0.5, 0.5, 0.5, 0.5, 0.5, 0.5], "colors": [[0.02421102300286293, 0.17169664800167084, 0.6614686250686646], [0.6173840165138245, 0.0, 0.0], [0.13110408186912537, 0.9581580758094788, 0.4057944715023041], [0.759031355381012, 0.04833034425973892, 0.571854829788208], [1.0, 0.7082334756851196, 1.0], [0.3933495581150055, 1.0, 0.41978684067726135], [0.0, 0.11704900860786438, 0.9445602297782898], [0.38151565194129944, 0.8373854160308838, 0.4295940101146698]]}, "rendering": {"kernel": [6.546136077645315e-09, 0.8504382967948914, 6.304015550995246e-05, 0.7814828157424927, 0.8732302188873291, 9.753151971381158e-06, 3.3561885909305644e-11, 0.11761514842510223], "weights": [3.2730680388226574e-09, 0.4252191483974457, 1.8117138097295538e-05, 0.22458358108997345, 0.15289349853992462, 9.62078388511145e-07, 3.310622826227516e-12, 0.011601832695305347], "transmittance": [1.0, 1.0, 0.5747808218002319, 0.5747627019882202, 0.35017910599708557, 0.19728562235832214, 0.19728465378284454, 0.19728465378284454], "eff_opacity": [3.2730680388226574e-09, 0.4252191483974457, 3.152007775497623e-05, 0.39074140787124634, 0.43661510944366455, 4.876575985690579e-06, 1.6780942954652822e-11, 0.05880757421255112], "meaning_3d": [-0.12303417921066284, 0.1544008105993271, 0.18989647924900055]}, "softmax": {"weights": [0.19930803775787354, 0.06811840087175369, 0.10528942942619324, 0.13386592268943787, 0.05118829756975174, 0.1142268255352974, 0.22223731875419617, 0.10576572269201279]}, "stats": {"total_weight": 0.8143171668052673, "residual_transmittance": 0.18568282186451246, "top_word": "laughed", "softmax_top_word": "her", "n_tokens": 8}}