{"sentence": "Currywurst is the most famous street food in Berlin", "words": ["is", "the", "most", "famous", "street", "food", "in", "berlin"], "token_ids": [15, 1, 97, 1614, 492, 566, 7, 2500], "gaussians": {"mu_3d": [[-0.325249046087265, -0.45701590180397034, -0.777515172958374], [-0.3883543014526367, 0.05228801816701889, 0.14174893498420715], [-0.8260260820388794, -0.5381115674972534, -0.4801076650619507], [1.6580116748809814, -0.45604249835014343, -0.8373638391494751], [0.6639561653137207, -0.5919303894042969, 0.4240776598453522], [-1.6606848239898682, -1.3130587339401245, 0.10715331882238388], [-0.012610350735485554, 0.11636795848608017, 0.8194138407707214], [0.8955657482147217, 1.0153402090072632, 0.8191426396369934]], "scale_3d": [[0.01964467391371727, 0.01964673213660717, 0.01964588835835457], [0.006927594542503357, 0.006928319577127695, 0.006928021553903818], [0.048727232962846756, 0.048732344061136246, 0.04873022809624672], [0.198495551943779, 0.19851626455783844, 0.19850772619247437], [0.10950915515422821, 0.10952060669660568, 0.10951587557792664], [0.1174609437584877, 0.11747323721647263, 0.11746817827224731], [0.01387897226959467, 0.013880424201488495, 0.013879829086363316], [0.2471475601196289, 0.24717341363430023, 0.2471628040075302]], "alpha": [0.5, 0.5, 0.5, 0.5, 0.5, 0.5, 0.5, 0.5], "colors": [[0.4118468165397644, 0.910102367401123, 1.0], [0.4514006972312927, 0.8691471219062805, 0.8027519583702087], [0.39054176211357117, 0.950393795967102, 0.9611743092536926], [0.5756362676620483, 1.0, 0.9345369935035706], [0.6944877505302429, 0.0, 0.8454254865646362], [0.0, 0.6384918093681335, 0.0], [0.5139987468719482, 0.9046076536178589, 0.706994891166687], [1.0, 0.9740937352180481, 0.024738319218158722]]}, "rendering": {"kernel": [8.280767929136346e-07, 1.938694887688013e-28, 0.09585341811180115, 0.8265240788459778, 0.44708967208862305, 0.32597076892852783, 6.519598372278779e-08, 0.8316166400909424], "weights": [4.140383964568173e-07, 9.693470225468311e-29, 0.04792669042944908, 0.3934555947780609, 0.12487601488828659, 0.0706934928894043, 1.1834628388385227e-08, 0.15095828473567963], "transmittance": [1.0, 0.9999995827674866, 0.9999995827674866, 0.9520728588104248, 0.5586172938346863, 0.4337412714958191, 0.3630477786064148, 0.3630477488040924], "eff_opacity": [4.140383964568173e-07, 9.693474438440065e-29, 0.047926709055900574, 0.4132620394229889, 0.22354483604431152, 0.16298538446426392, 3.2597991861393893e-08, 0.4158083200454712], "meaning_3d": [0.249126598238945, 0.026520179584622383, -0.061563849449157715]}, "stats": {"total_weight": 0.7879104614257812, "residual_transmittance": 0.21208947427757252, "top_word": "famous", "n_tokens": 8}}