{"sentence": "The Brandenburg Gate stands in the center of Berlin", "words": ["the", "brandenburg", "gate", "stands", "in", "the", "center", "of", "berlin"], "token_ids": [1, 18415, 4514, 2578, 7, 1, 314, 4, 2500], "gaussians": {"mu_3d": [[-3.5623953342437744, -0.8996293544769287, -0.5206454396247864], [0.3221592605113983, -0.9853174090385437, -0.7456258535385132], [-1.561264991760254, -0.6166816353797913, -0.8362779021263123], [-2.086287021636963, -0.48563671112060547, -0.6822332143783569], [-3.3007383346557617, -1.1516778469085693, -1.1144148111343384], [-3.5623953342437744, -0.8996293544769287, -0.5206454396247864], [-2.7040772438049316, -1.7316408157348633, -0.7833646535873413], [-3.4222521781921387, -0.5781180262565613, -0.5973639488220215], [-1.8716727495193481, -1.8470025062561035, -0.7762153744697571]], "scale_3d": [[0.003118502674624324, 0.003118505934253335, 0.003118514781817794], [0.30016034841537476, 0.3001607358455658, 0.3001616299152374], [0.14855267107486725, 0.1485528200864792, 0.1485532820224762], [0.11225248873233795, 0.1122526153922081, 0.11225295811891556], [0.006239891983568668, 0.006239898968487978, 0.006239916663616896], [0.003118502674624324, 0.003118505934253335, 0.003118514781817794], [0.03920311480760574, 0.039203155785799026, 0.039203278720378876], [0.00493229366838932, 0.004932299256324768, 0.004932314157485962], [0.11054082214832306, 0.1105409488081932, 0.11054128408432007]], "alpha": [0.5, 0.5, 0.5, 0.5, 0.5, 0.5, 0.5, 0.5, 0.5], "colors": [[0.01793755404651165, 0.4412141740322113, 0.9777400493621826], [1.0, 0.5504439473152161, 0.7997268438339233], [0.6782530546188354, 0.0, 0.6136127710342407], [0.27818211913108826, 0.3122861981391907, 0.641716480255127], [0.08401665091514587, 0.6012954115867615, 0.9938711524009705], [0.017937490716576576, 0.4412141740322113, 0.9777401089668274], [0.0, 0.6801349520683289, 0.0], [0.023053321987390518, 0.459917813539505, 1.0], [0.6625657081604004, 1.0, 0.861983060836792]]}, "rendering": {"kernel": [0.0, 0.8440805077552795, 0.7002861499786377, 0.6537955403327942, 6.078430319401681e-34, 0.0, 0.002062280662357807, 0.0, 0.3872207701206207], "weights": [0.0, 0.42204025387763977, 0.2023686170578003, 0.12277990579605103, 7.683477053102688e-35, 0.0, 0.00026068385341204703, 0.0, 0.048896413296461105], "transmittance": [1.0, 1.0, 0.5779597759246826, 0.3755911588668823, 0.2528112530708313, 0.2528112530708313, 0.2528112530708313, 0.25255057215690613, 0.25255057215690613], "eff_opacity": [0.0, 0.42204025387763977, 0.35014307498931885, 0.3268977701663971, 3.0392151597008405e-34, 0.0, 0.0010311403311789036, 0.0, 0.19361038506031036], "meaning_3d": [0.10193192213773727, -0.2835819125175476, -0.0066554066725075245]}, "softmax": {"weights": [0.12069476395845413, 0.06737082451581955, 0.09474723041057587, 0.08658594638109207, 0.11976861953735352, 0.12069476395845413, 0.1343146711587906, 0.1128896176815033, 0.14293354749679565]}, "stats": {"total_weight": 0.7963458895683289, "residual_transmittance": 0.20365415863440584, "top_word": "brandenburg", "softmax_top_word": "berlin", "n_tokens": 9}}