{"sentence": "Currywurst is the most famous street food in Berlin", "words": ["is", "the", "most", "famous", "street", "food", "in", "berlin"], "token_ids": [15, 1, 97, 1614, 492, 566, 7, 2500], "gaussians": {"mu_3d": [[-3.207977056503296, -0.7741144895553589, 0.10286003351211548], [-3.5623953342437744, -0.8996293544769287, -0.5206454396247864], [-3.6709091663360596, -0.14965490996837616, 0.09501314908266068], [-1.8621891736984253, -1.5021685361862183, 0.47576963901519775], [-2.5470821857452393, -1.3241215944290161, -0.9146551489830017], [-3.4867045879364014, 0.4484061598777771, -0.5580227971076965], [-3.3007383346557617, -1.1516778469085693, -1.1144148111343384], [-1.8716728687286377, -1.8470022678375244, -0.7762154936790466]], "scale_3d": [[0.008826584555208683, 0.008826595731079578, 0.008826620876789093], [0.003118502674624324, 0.003118505934253335, 0.003118514781817794], [0.021857917308807373, 0.021857941523194313, 0.021858006715774536], [0.08881545066833496, 0.08881555497646332, 0.0888158306479454], [0.04905164986848831, 0.04905169829726219, 0.04905184730887413], [0.05260683223605156, 0.052606888115406036, 0.05260704830288887], [0.006239891983568668, 0.006239898968487978, 0.006239916663616896], [0.11054082214832306, 0.11054093390703201, 0.11054129153490067]], "alpha": [0.5, 0.5, 0.5, 0.5, 0.5, 0.5, 0.5, 0.5], "colors": [[0.4118468165397644, 0.910102367401123, 1.0], [0.4514006972312927, 0.8691471219062805, 0.8027519583702087], [0.39054176211357117, 0.950393795967102, 0.9611743092536926], [0.5756362676620483, 1.0, 0.9345369935035706], [0.6944877505302429, 0.0, 0.8454254865646362], [0.0, 0.6384918093681335, 0.0], [0.5139987468719482, 0.9046076536178589, 0.706994891166687], [1.0, 0.9740937352180481, 0.024738319218158722]]}, "rendering": {"kernel": [2.189729221916701e-25, 0.0, 0.0001526016421848908, 0.38501015305519104, 0.014177065342664719, 0.006803135387599468, 2.8630150526861075e-24, 0.29975077509880066], "weights": [1.0948646109583506e-25, 0.0, 7.63008210924454e-05, 0.1924903839826584, 0.0057235173881053925, 0.0027270701248198748, 1.1437498035649276e-24, 0.11974784731864929], "transmittance": [1.0, 1.0, 1.0, 0.9999237060546875, 0.8074333071708679, 0.801709771156311, 0.7989826798439026, 0.7989826798439026], "eff_opacity": [1.0948646109583506e-25, 0.0, 7.63008210924454e-05, 0.19250507652759552, 0.007088532671332359, 0.003401567693799734, 1.4315075263430538e-24, 0.14987538754940033], "meaning_3d": [0.12551148235797882, -0.0014688597293570638, -0.059968002140522]}, "softmax": {"weights": [0.12132997810840607, 0.13326996564865112, 0.12448354810476303, 0.10613597184419632, 0.12972508370876312, 0.1312578171491623, 0.13818658888339996, 0.11561103910207748]}, "stats": {"total_weight": 0.32076510787010193, "residual_transmittance": 0.6792348410570392, "top_word": "famous", "softmax_top_word": "in", "n_tokens": 8}}