{"sentence": "The Berlin Wall fell in nineteen eighty nine", "words": ["the", "berlin", "wall", "fell", "in", "nine"], "token_ids": [1, 2500, 1016, 541, 7, 740], "gaussians": {"mu_3d": [[-0.3883543014526367, 0.05228801816701889, 0.14174893498420715], [0.8955657482147217, 1.0153402090072632, 0.8191426396369934], [-0.0913030356168747, -1.1695468425750732, -0.034580349922180176], [0.12570594251155853, -1.1629375219345093, 2.326498031616211], [-0.012610351666808128, 0.11636795848608017, 0.8194138407707214], [0.45338061451911926, 0.005347078200429678, 1.5824692249298096]], "scale_3d": [[0.006927594542503357, 0.006928319577127695, 0.006928021553903818], [0.2471475601196289, 0.24717341363430023, 0.2471628040075302], [0.15742596983909607, 0.15744248032569885, 0.15743568539619446], [0.11483580619096756, 0.11484783887863159, 0.11484286189079285], [0.01387897226959467, 0.01388042513281107, 0.013879829086363316], [0.13432440161705017, 0.13433843851089478, 0.13433264195919037]], "alpha": [0.5, 0.5, 0.5, 0.5, 0.5, 0.5], "colors": [[0.39117977023124695, 0.8070061206817627, 0.0], [1.0, 0.6162601709365845, 0.73786461353302], [0.3214794397354126, 0.0, 0.06450425833463669], [0.0, 0.6472832560539246, 1.0], [0.4681667983531952, 0.9019069671630859, 0.09093553572893143], [0.265400767326355, 1.0, 0.2056565284729004]]}, "rendering": {"kernel": [1.0903597464358343e-34, 0.8380790948867798, 0.6819623708724976, 0.4562810957431793, 3.5676244181104266e-08, 0.6617361903190613], "weights": [5.451798732179172e-35, 0.4190395474433899, 0.19809658825397491, 0.08734677731990814, 5.271469927237149e-09, 0.09777717292308807], "transmittance": [1.0, 1.0, 0.5809604525566101, 0.3828638792037964, 0.29551711678504944, 0.29551711678504944], "eff_opacity": [5.451798732179172e-35, 0.4190395474433899, 0.3409811854362488, 0.22814054787158966, 1.7838122090552133e-08, 0.33086809515953064], "meaning_3d": [0.13696561753749847, -0.23132143914699554, -0.2843582034111023]}, "softmax": {"weights": [0.14169444143772125, 0.14632397890090942, 0.19488871097564697, 0.2235955148935318, 0.1485901176929474, 0.14490720629692078]}, "stats": {"total_weight": 0.8022601008415222, "residual_transmittance": 0.19773993126734357, "top_word": "berlin", "softmax_top_word": "fell", "n_tokens": 6}}